pre,post,0
ADA,AVA,0
ADA,AVB,0
ADA,AVJ,0
ADA,RIM,0
ADE,ADE,0
ADE,RIG,0
ADF,AIZ,0
ADF,AUA,0
ADF,RIA,0
ADF,SMBV,0
ADL,AIA,0
ADL,AIB,0
ADL,ASE,0
ADL,ASK,0
ADL,AVD,0
ADL,AVJ,0
ADL,AWC,0
AFD,AIY,0
AFD,ASE,0
AIA,ADA,0
AIA,AIB,0
AIA,AWC,0
AIB,AVB,0
AIB,RIB,0
AIB,RIM,0
AIB,SAAD,0
AIB,SMDD,0
AIB,SMDV,0
AIM,AIA,0
AIN,AFD,0
AIN,AUA,0
AIN,BAG,0
AIN,RIB,0
AIY,AIZ,0
AIY,AWA,0
AIY,RIA,0
AIY,RIB,0
AIZ,AIA,0
AIZ,AIB,0
AIZ,ASE,0
AIZ,AVE,0
AIZ,RIA,0
AIZ,RIM,0
AIZ,SMBD,0
AIZ,SMBV,0
ALA,AVE,0
ALM,BDU,0
ALM,CEPD,0
ALM,CEPV,0
ALM,PVC,0
ALN,SAAV,0
ALN,SMBD,0
AQR,AVA,0
AQR,AVB,0
ASE,AFD,0
ASE,AIA,0
ASE,AIB,0
ASE,AIY,0
ASE,AIZ,0
ASE,AWC,0
ASH,ADA,0
ASH,ADF,0
ASH,AIA,0
ASH,AIB,0
ASH,AVA,0
ASH,AVB,0
ASH,AVD,0
ASH,AVJ,0
ASI,AIA,0
ASI,ASG,0
ASI,AWC,0
ASJ,ASK,0
ASJ,PVQ,0
ASK,AIA,0
ASK,AIM,0
AUA,AVA,0
AUA,AVE,0
AUA,RIA,0
AUA,RIB,0
AVH,ADF,0
AVH,DVA,0
AVH,PVP,0
AVH,RIR,0
AVH,URX,0
AVJ,AVB,0
AVJ,PVC,0
AVK,AVE,0
AVK,RIM,0
AVK,RMDL/R,0
AVM,AVB,0
AVM,AVJ,0
AVM,PVC,0
AWA,ADF,0
AWA,AFD,0
AWA,AIY,0
AWA,AIZ,0
AWA,ASE,0
AWA,AWB,0
AWB,ADF,0
AWB,AIZ,0
AWC,AIA,0
AWC,AIB,0
AWC,AIY,0
AWC,AIZ,0
AWC,ASE,0
AWC,AWC,0
BAG,AVA,0
BAG,AVE,0
BAG,RIA,0
BAG,RIB,0
BAG,RIG,0
BDU,AVF,0
BDU,AVJ,0
CEPD,AVE,0
CEPD,OLL,0
CEPD,OLQD,0
CEPD,RIC,0
CEPD,RMDV,0
CEPD,RMH,0
CEPD,URB,0
CEPV,AVE,0
CEPV,OLL,0
CEPV,RIC,0
CEPV,RMDD,0
CEPV,RMH,0
DVA,ADA,0
DVA,AIZ,0
DVA,AQR,0
DVA,AVA,0
DVA,AVE,0
DVC,AVA,0
DVC,RIB,0
DVC,RIG,0
FLP,ADE,0
FLP,AVA,0
FLP,AVB,0
FLP,PVC,0
IL1D,BWM01D,0
IL1D,BWM02D,0
IL1D,RMDV,0
IL1D,RMEL/R,0
IL1L/R,BWM02V,0
IL1L/R,RMDD,0
IL1L/R,RMDL/R,0
IL1L/R,RMH,0
IL1V,BWM01V,0
IL1V,BWM02V,0
IL1V,RIP,0
IL1V,RMDD,0
IL1V,RMEL/R,0
IL2L/R,IL1L/R,0
IL2L/R,OLQD,0
IL2L/R,OLQV,0
IL2L/R,RIH,0
OLL,AVE,0
OLL,CEPD,0
OLL,CEPV,0
OLL,RIB,0
OLL,RMDD,0
OLL,RMDV,0
OLL,RMEL/R,0
OLL,RMEV,0
OLL,SMDD,0
OLL,SMDV,0
OLQD,RIC,0
OLQD,RMDD,0
OLQD,SIBV,0
OLQV,RIC,0
OLQV,RMDV,0
OLQV,SIBD,0
PVC,AVA,0
PVC,AVB,0
PVC,AVD,0
PVC,AVE,0
PVP,AQR,0
PVP,AVA,0
PVP,AVB,0
PVP,PVC,0
PVP,RIG,0
PVQ,AIA,0
PVQ,ASK,0
PVR,AVB,0
PVR,AVJ,0
PVR,RIP,0
PVT,AVK,0
PVT,DVC,0
PVT,RIG,0
RIA,CEPD,0
RIA,RIA,0
RIA,RIV,0
RIA,RMDD,0
RIA,RMDL/R,0
RIA,RMDV,0
RIA,SIAD,0
RIA,SIAV,0
RIA,SMDD,0
RIA,SMDV,0
RIB,AIB,0
RIB,AUA,0
RIB,AVA,0
RIB,AVE,0
RIB,BAG,0
RIB,RIA,0
RIB,RIS,0
RIB,SMDV,0
RIC,ADA,0
RIC,SMDD,0
RIC,SMDV,0
RIF,ASH,0
RIF,AVB,0
RIF,AVH,0
RIF,AVJ,0
RIF,PVP,0
RIF,RIM,0
RIG,AIZ,0
RIG,AVE,0
RIG,AVK,0
RIG,BAG,0
RIG,RIB,0
RIG,RIR,0
RIG,RMH,0
RIG,URYV,0
RIH,AIZ,0
RIH,BAG,0
RIH,OLQV,0
RIH,RIA,0
RIH,RIB,0
RIH,RIP,0
RIH,URYV,0
RIM,AIB,0
RIM,AVB,0
RIM,BWM04D,0
RIM,BWM04V,0
RIM,RIB,0
RIM,RMDL/R,0
RIM,SAAD,0
RIM,SAAV,0
RIM,SMDD,0
RIM,SMDV,0
RIR,AIZ,0
RIR,RIA,0
RIR,URX,0
RIS,AVE,0
RIS,AVK,0
RIS,CEPD,0
RIS,CEPV,0
RIS,RIB,0
RIS,RIM,0
RIS,RMDL/R,0
RIV,BWM05V,0
RIV,RIA,0
RIV,RMDL/R,0
RIV,SAAD,0
RIV,SMDD,0
RIV,SMDV,0
RMDD,BWM01D,0
RMDD,BWM02D,0
RMDD,BWM03D,0
RMDD,BWM04D,0
RMDD,BWM05D,0
RMDD,RMDV,0
RMDL/R,BWM02D,0
RMDL/R,BWM02V,0
RMDL/R,BWM04D,0
RMDL/R,BWM04V,0
RMDL/R,IL1L/R,0
RMDL/R,RIA,0
RMDL/R,RMDD,0
RMDL/R,RMDL/R,0
RMDL/R,RMDV,0
RMDL/R,RMEL/R,0
RMDL/R,RMH,0
RMDV,BWM01V,0
RMDV,BWM02V,0
RMDV,BWM03V,0
RMDV,BWM04V,0
RMDV,BWM05V,0
RMDV,RMDD,0
RMDV,RMDV,0
RMED,BWM01V,0
RMED,BWM03V,0
RMED,RMDV,0
RMED,SMDD,0
RMEL/R,BWM02D,0
RMEL/R,BWM02V,0
RMEL/R,BWM04V,0
RMEV,BWM01D,0
RMEV,BWM03D,0
RMG,AVB,0
RMG,BWM06D,0
RMG,BWM06V,0
RMG,BWM08D,0
RMG,BWM08V,0
RMG,RMDL/R,0
RMG,RMDV,0
RMG,SMBV,0
RMH,BWM02D,0
RMH,BWM02V,0
RMH,BWM04D,0
RMH,BWM04V,0
RMH,RMDL/R,0
SAAD,AVA,0
SAAD,RIM,0
SAAD,SMDV,0
SAAV,AVA,0
SAAV,RIM,0
SAAV,SMDD,0
SDQ,AVB,0
SDQ,RIC,0
SDQ,SIBV,0
SMBD,BWM01D,0
SMBD,BWM02D,0
SMBD,BWM03D,0
SMBD,BWM04D,0
SMBD,BWM05D,0
SMBD,RMED,0
SMBD,SAAV,0
SMBV,BWM01V,0
SMBV,BWM03V,0
SMBV,BWM04V,0
SMBV,BWM05V,0
SMBV,BWM07V,0
SMBV,SAAD,0
SMDD,BWM01D,0
SMDD,BWM03D,0
SMDD,RIA,0
SMDD,SMDV,0
SMDV,BWM01V,0
SMDV,BWM03V,0
SMDV,RIA,0
SMDV,SMDD,0
URAD,BWM01D,0
URAD,BWM02D,0
URAD,RIP,0
URAD,RMED,0
URAD,RMEL/R,0
URAV,BWM01V,0
URAV,BWM02V,0
URAV,IL1V,0
URAV,RIP,0
URAV,RMEL/R,0
URAV,RMEV,0
URB,ADA,0
URB,RIC,0
URB,RMDL/R,0
URB,URX,0
URX,AUA,0
URX,AVE,0
URX,RIA,0
URX,RIG,0
URX,RIR,0
URX,RMG,0
URYD,AVE,0
URYD,RIB,0
URYD,RMDD,0
URYD,RMDV,0
URYD,SMDD,0
URYV,AVE,0
URYV,RIB,0
URYV,RMDD,0
URYV,RMDV,0
URYV,SMDV,0
ADA,AVD,1
ADE,RIV,1
ADE,RMDL/R,1
ADE,RMH,1
ADE,SAAD,1
ADF,ADA,1
ADF,AIA,1
ADF,AIM,1
ADF,AVB,1
ADF,AVF,1
ADF,AVH,1
ADF,AVJ,1
ADF,AWB,1
ADF,RIF,1
ADF,RIP,1
ADF,RIR,1
ADL,ADA,1
ADL,AIM,1
ADL,ASI,1
AIA,ADL,1
AIA,AIM,1
AIA,AIZ,1
AIA,ASE,1
AIA,RIR,1
AIB,AIZ,1
AIB,AVA,1
AIB,AVE,1
AIM,AIB,1
AIM,ALM,1
AIM,ASH,1
AIM,AVA,1
AIM,AVB,1
AIM,AVD,1
AIM,AVE,1
AIM,AVJ,1
AIM,RIF,1
AIN,AIA,1
AIN,AIB,1
AIN,ASE,1
AIN,RID,1
AIN,RMF,1
AIY,RIR,1
AIZ,AWC,1
ALA,ADL,1
ALA,AIA,1
ALA,ASJ,1
ALA,ASK,1
ALA,AVJ,1
ALA,IL2D,1
ALA,PVQ,1
ALA,URB,1
ALM,AVD,1
ALM,AVJ,1
ALN,RMG,1
ALN,SAAD,1
ALN,SMDV,1
ASE,ADA,1
ASE,ADF,1
ASE,ASE,1
ASE,AWA,1
ASE,RIR,1
ASG,ASI,1
ASH,BDU,1
ASH,RIF,1
ASH,RIR,1
ASI,AIN,1
ASI,ASE,1
ASI,RIA,1
ASJ,AIM,1
ASJ,ASG,1
ASJ,AVF,1
ASK,ADA,1
ASK,ALA,1
ASK,ASJ,1
ASK,AVJ,1
ASK,RIP,1
AUA,AVD,1
AUA,BAG,1
AUA,URX,1
AVF,ADA,1
AVF,AVH,1
AVF,AVJ,1
AVF,RIF,1
AVF,RMG,1
AVF,SMBV,1
AVH,AIM,1
AVH,ALA,1
AVH,AQR,1
AVH,AVA,1
AVH,AVB,1
AVH,AVF,1
AVH,AVJ,1
AVH,IL2D,1
AVH,PVC,1
AVH,RIC,1
AVH,RIF,1
AVH,RIP,1
AVH,URAD,1
AVJ,ADA,1
AVJ,ADL,1
AVJ,AVA,1
AVJ,AVD,1
AVJ,AVH,1
AVJ,RIP,1
AVK,AIB,1
AVK,AVK,1
AVK,RIG,1
AVK,RIS,1
AVK,RIV,1
AVK,RMF,1
AVK,SIAD,1
AVK,SMDD,1
AVK,SMDV,1
AVL,RMEL/R,1
AWA,AIA,1
AWA,AIB,1
AWA,ASH,1
AWA,AVJ,1
AWA,RIF,1
AWA,RIP,1
AWA,RIR,1
AWB,ADA,1
AWB,AIA,1
AWB,AIB,1
AWB,AIM,1
AWB,AIY,1
AWB,ASH,1
AWC,ADA,1
AWC,RIR,1
BAG,RID,1
BAG,RIR,1
BAG,RMF,1
BDU,AVB,1
BDU,BDU,1
BDU,PVQ,1
BDU,PVW,1
BDU,RIF,1
BDU,RIP,1
CEPD,ADA,1
CEPD,AVB,1
CEPD,RMF,1
CEPD,SIAD,1
CEPD,SIAV,1
CEPD,SMBD,1
CEPV,PLN,1
CEPV,RIB,1
CEPV,RMF,1
CEPV,SIBD,1
CEPV,SMBV,1
CEPV,URB,1
DVA,AUA,1
DVA,RIA,1
DVA,RID,1
DVC,BAG,1
DVC,IL2D,1
DVC,IL2L/R,1
DVC,IL2V,1
DVC,RIA,1
DVC,RIH,1
FLP,RIM,1
IL1D,IL1L/R,1
IL1D,OLL,1
IL1D,RMDD,1
IL1D,RMH,1
IL1D,SMDD,1
IL1D,URAD,1
IL1D,URB,1
IL1L/R,RIC,1
IL1V,RMH,1
IL1V,SMDV,1
IL1V,URB,1
IL2D,RIV,1
IL2D,SAAV,1
IL2D,URYD,1
IL2L/R,ADF,1
IL2L/R,AIY,1
IL2L/R,DVC,1
IL2L/R,IL2D,1
IL2L/R,IL2V,1
IL2L/R,URB,1
IL2V,DVC,1
IL2V,RIG,1
IL2V,SAAD,1
IL2V,URYV,1
OLL,IL1D,1
OLL,IL1V,1
OLL,OLL,1
OLL,OLQV,1
OLL,RMED,1
OLL,URB,1
OLL,URYD,1
OLL,URYV,1
OLQD,AVE,1
OLQD,IL1D,1
OLQD,OLL,1
OLQD,RIB,1
OLQD,RMDV,1
OLQD,RMH,1
OLQD,SMBD,1
OLQD,URYD,1
OLQV,AVE,1
OLQV,IL1V,1
OLQV,OLL,1
OLQV,RIB,1
OLQV,RMDD,1
OLQV,RMH,1
PLN,SAAD,1
PLN,SMBV,1
PVC,AVJ,1
PVC,FLP,1
PVC,SIBD,1
PVC,SIBV,1
PVP,AIB,1
PVP,DVA,1
PVP,RIF,1
PVQ,ALA,1
PVQ,ASE,1
PVQ,ASH,1
PVQ,AVF,1
PVQ,AWA,1
PVQ,BDU,1
PVQ,RIP,1
PVR,CEPV,1
PVR,IL1V,1
PVR,PVW,1
PVT,RIB,1
PVT,RMEL/R,1
PVT,RMF,1
PVT,RMH,1
PVT,URYV,1
PVW,AVB,1
PVW,AVF,1
PVW,AVJ,1
PVW,BDU,1
PVW,PVR,1
PVW,PVW,1
PVW,RIC,1
PVW,RIF,1
PVW,RIP,1
PVW,RMG,1
PVW,URAD,1
RIA,IL1L/R,1
RIA,SIBD,1
RIB,RIG,1
RIB,RIH,1
RIB,RIM,1
RIB,SMDD,1
RIC,AVB,1
RIC,RIC,1
RIF,ADA,1
RIF,AIZ,1
RIF,AVF,1
RIF,RIP,1
RIF,RIR,1
RIF,RMG,1
RIG,ALN,1
RIG,AVB,1
RIG,PVP,1
RIG,RIA,1
RIG,RMF,1
RIG,URX,1
RIH,IL1V,1
RIH,IL2D,1
RIH,IL2V,1
RIH,RIM,1
RIH,RIR,1
RIH,URX,1
RIM,ADA,1
RIM,AVE,1
RIM,RIG,1
RIM,RMF,1
RIR,AQR,1
RIR,BAG,1
RIS,RMEL/R,1
RIS,SMDV,1
RIV,CEPV,1
RIV,RIV,1
RMDD,RMEV,1
RMDD,URAD,1
RMDL/R,BWM06D,1
RMDL/R,RMF,1
RMDV,URAV,1
RMED,URAV,1
RMEV,RMDD,1
RMEV,RMEV,1
RMEV,SMDD,1
RMEV,SMDV,1
RMEV,URAD,1
RMF,AVK,1
RMF,BWM02D,1
RMF,BWM02V,1
RMF,BWM04D,1
RMF,RMDL/R,1
RMF,RMG,1
RMF,RMH,1
RMG,AVE,1
RMG,BWM04D,1
RMG,RMF,1
RMG,SAAD,1
RMG,SIBV,1
RMH,CEPD,1
RMH,IL1L/R,1
RMH,RIC,1
RMH,RMDD,1
RMH,RMDV,1
RMH,RMF,1
SAAD,OLL,1
SAAD,RMG,1
SAAV,RIA,1
SAAV,RMF,1
SDQ,AIB,1
SDQ,AVA,1
SDQ,AVK,1
SDQ,DVA,1
SDQ,SDQ,1
SMBD,BWM07D,1
SMBD,RMDD,1
SMBV,PLN,1
SMBV,RMDV,1
SMDD,BWM01V,1
SMDD,BWM03V,1
SMDD,RMED,1
SMDV,BWM01D,1
SMDV,RMDD,1
SMDV,RMEV,1
URAD,IL1D,1
URAD,RMDD,1
URAD,RMDV,1
URAV,BWM04V,1
URAV,RMDD,1
URAV,RMDV,1
URAV,RMED,1
URAV,SMDD,1
URB,AIM,1
URB,AVB,1
URB,IL2L/R,1
URB,OLL,1
URB,RMEL/R,1
URB,URAD,1
URB,URAV,1
URYD,AVA,1
URYD,AVB,1
URYD,AVD,1
URYD,IL2D,1
URYV,AVA,1
URYV,AVB,1
URYV,AVD,1
URYV,DVC,1
URYV,IL1V,1
URYV,RIA,1
URYV,RIG,1
URYV,SIBV,1
ADA,RIC,-1
ADA,RIP,-1
ADE,ADA,-1
ADE,AVA,-1
ADE,CEPV,-1
ADE,IL1L/R,-1
ADF,OLQV,-1
ADF,RIG,-1
ADF,SIBV,-1
ADF,SMBD,-1
ADL,ASH,-1
ADL,AVA,-1
ADL,SMBV,-1
AIA,ASG,-1
AIA,ASK,-1
AIA,RIF,-1
AIM,ASG,-1
AIM,ASK,-1
AIM,AVF,-1
AIN,CEPV,-1
AIY,AFD,-1
AQR,AVD,-1
AQR,BAG,-1
AQR,PVC,-1
AQR,RIA,-1
AQR,RIR,-1
ASG,AIA,-1
ASG,AIB,-1
ASH,AVE,-1
ASH,AWB,-1
ASH,RIA,-1
ASI,AFD,-1
ASI,AIB,-1
ASI,AIY,-1
AVF,AVB,-1
AVF,AVF,-1
AVH,ADL,-1
AVH,AWB,-1
AVH,RIM,-1
AVH,SMBV,-1
AVJ,RIS,-1
AVK,SAAD,-1
AVK,SAAV,-1
AVM,AVD,-1
AVM,BDU,-1
AWA,ADL,-1
AWB,RIA,-1
AWB,RIG,-1
AWB,SMBV,-1
AWC,ASI,-1
BDU,ALM,-1
BDU,AVM,-1
CEPD,IL1D,-1
CEPD,RIB,-1
CEPD,RIP,-1
CEPD,URAD,-1
CEPD,URYD,-1
CEPV,IL1V,-1
CEPV,OLQV,-1
CEPV,RIP,-1
CEPV,URAV,-1
CEPV,URYV,-1
DVA,RIR,-1
DVC,AIB,-1
DVC,AVK,-1
FLP,AIB,-1
FLP,AVD,-1
FLP,FLP,-1
IL1D,BWM04D,-1
IL1D,RIP,-1
IL1L/R,BWM02D,-1
IL1L/R,BWM04D,-1
IL1L/R,BWM04V,-1
IL1L/R,RMDV,-1
IL2D,IL1D,-1
IL2D,RIH,-1
IL2D,RIP,-1
IL2D,RMED,-1
IL2D,RMEL/R,-1
IL2D,RMEV,-1
IL2D,URAD,-1
IL2L/R,ADE,-1
IL2L/R,OLL,-1
IL2L/R,RMDL/R,-1
IL2L/R,URAV,-1
IL2V,IL1V,-1
IL2V,RIA,-1
IL2V,RIH,-1
IL2V,RIP,-1
IL2V,RMED,-1
IL2V,RMEL/R,-1
IL2V,RMEV,-1
IL2V,URAV,-1
IL2V,URX,-1
OLL,RMDL/R,-1
OLQD,IL2L/R,-1
OLQV,IL2L/R,-1
PVC,RID,-1
PVQ,AIM,-1
PVQ,ASJ,-1
PVR,IL1D,-1
PVT,AIB,-1
PVT,AVL,-1
PVT,URAV,-1
RIA,CEPV,-1
RIB,DVA,-1
RIC,AIB,-1
RIC,AVA,-1
RIC,CEPV,-1
RIC,RIM,-1
RIC,SMBD,-1
RIF,ALM,-1
RIG,AIB,-1
RIG,OLQV,-1
RIG,RMG,-1
RIH,AUA,-1
RIH,CEPD,-1
RIH,IL2L/R,-1
RIH,OLQD,-1
RIM,AVA,-1
RIM,BWM06D,-1
RIM,BWM06V,-1
RIM,SIAD,-1
RIR,AUA,-1
RIR,AVE,-1
RIR,DVA,-1
RIR,RIG,-1
RIS,SMDD,-1
RIV,BWM06V,-1
RIV,BWM07V,-1
RIV,BWM08V,-1
RIV,RMDD,-1
RIV,RMDV,-1
RIV,SIAV,-1
RMDD,RMDD,-1
RMDV,BWM06V,-1
RMG,ASH,-1
RMG,BWM04V,-1
RMG,RMH,-1
RMH,RMG,-1
SMBD,ADA,-1
SMBV,BWM02V,-1
SMBV,BWM06V,-1
SMBV,RMEV,-1
SMDD,BWM05D,-1
SMDD,RIM,-1
SMDD,RMDL/R,-1
SMDV,BWM05V,-1
SMDV,CEPV,-1
URAV,IL1L/R,-1
URB,CEPD,-1
URB,CEPV,-1
URB,IL1L/R,-1
URB,RMH,-1
URB,SIAV,-1
URX,RIC,-1
URYD,BWM01D,-1
URYD,BWM03D,-1
URYD,IL1D,-1
