,ADF,ADL,AFD,ALM,ALN,AQR,ASE,ASG,ASH,ASI,ASJ,ASK,AUA,AVM,AWA,AWB,AWC,BAG,DVA,FLP,IL2D,IL2L/R,IL2V,OLL,OLQD,OLQV,PLN,SAAD,SAAV,SDQ,URB,URX,URYD,URYV,ADA,AIA,AIB,AIN,AIY,AIZ,AVA,AVB,AVD,AVE,AVJ,BDU,PVC,PVP,PVR,PVT,RIA,RIB,RIF,RIG,RIH,RIM,RIP,RIR,IL1D,IL1L/R,IL1V,RIV,RMDD,RMDL/R,RMDV,RMED,RMEL/R,RMEV,RMF,RMH,SIAD,SIAV,SIBD,SIBV,SMBD,SMBV,SMDD,SMDV,URAD,URAV,ADE,AIM,ALA,AVF,AVH,AVK,AVL,CEPD,CEPV,DVC,HSN,PVW,PVQ,RIC,RID,RIS,RMG,BWM01D,BWM01V,BWM02D,BWM02V,BWM03D,BWM03V,BWM04D,BWM04V,BWM05D,BWM05V,BWM06D,BWM06V,BWM07D,BWM07V,BWM08D,BWM08V
ADF,130640,0,3798160,120,0,0,1657000,309040,2244080,68560,41440,0,4977840,0,4349520,3343280,452200,12080,424360,0,0,1592280,0,0,0,129960,0,0,0,0,0,2443960,0,194440,609600,830560,648400,16640,1561760,6085480,103800,860080,85680,0,723920,0,0,17920,0,0,3980320,425000,2121720,17440,222560,139960,273600,4172120,0,0,0,0,0,0,0,0,0,0,0,0,0,94840,0,268080,1088400,4267760,0,0,0,0,0,5632680,0,179920,2955720,0,0,0,0,0,0,0,0,0,0,0,214640,0,0,0,0,0,0,0,0,0,0,0,0,0,0,0,0
ADL,0,394520,0,8160,0,0,3172080,0,1471920,2426600,147360,5010840,0,0,3082560,1429960,1900160,0,0,0,24080,142520,0,468440,82960,0,0,0,60960,0,257200,0,61760,106880,1060040,1553640,2875960,11040,0,0,735920,160,2166080,720,1899920,0,54480,0,0,0,320,0,0,0,0,0,221360,0,27320,156240,0,1200,0,0,0,0,0,0,0,0,17320,0,98440,0,0,2299600,0,0,15040,0,1520,375440,2795680,457680,372480,0,0,0,0,0,0,0,910800,0,0,0,435880,0,0,0,0,0,0,0,0,0,0,0,0,0,0,0,0
AFD,3798160,0,250800,0,0,0,5568640,0,0,1035600,0,0,6771640,0,2040920,917040,2562400,2349160,0,0,146720,1130000,0,280960,58240,0,0,0,134400,0,63440,1165120,34480,0,0,141400,2779040,8676640,11895560,2253320,2000,0,0,0,18880,0,0,0,0,0,2200,920,12200,0,5120,0,0,488720,38080,0,0,74360,0,0,0,0,0,0,6640,0,0,0,120000,0,70480,145520,0,0,0,0,0,0,0,0,0,0,0,85600,0,0,0,0,0,0,249240,0,0,0,0,0,0,0,0,0,0,0,0,0,0,0,0,0,0
ALM,120,8160,0,0,0,0,0,0,320,0,69520,0,0,1748600,0,0,0,0,0,0,0,0,23920,0,0,0,0,910400,0,2579360,26960,289800,0,194720,2615200,0,0,297000,0,0,0,1258040,2636480,425760,1145080,1357320,936080,0,2210680,0,0,0,265880,0,0,0,520680,0,0,260280,0,0,0,0,0,0,0,0,0,0,2264080,0,631840,1243280,1661200,0,81200,0,0,0,456280,558800,3760,0,539080,0,0,730400,1709520,0,0,4736080,0,127480,109280,0,523120,0,0,0,0,0,0,560,600,0,0,0,0,0,0,0,0
ALN,0,0,0,0,0,0,0,0,0,0,0,0,0,0,0,0,0,0,0,0,0,41680,0,305960,0,0,0,1062120,4862520,12840,119320,0,0,0,960,0,0,3880,0,0,205960,0,12080,0,0,0,0,0,0,128560,538240,0,0,1810920,0,487960,0,0,0,5440,0,1076360,81360,1423600,149560,0,0,0,1263280,4379120,1731840,0,1121200,331000,2403920,212240,3719000,2254640,0,0,1519440,100800,43120,71800,320,302160,0,107480,0,0,0,0,0,960,0,0,4690400,0,0,0,0,0,0,61600,0,0,0,45280,0,0,0,24440,0
AQR,0,0,0,0,0,0,0,0,0,0,0,0,176960,0,0,0,0,3706320,4553600,320240,0,17040,0,0,0,0,0,0,68640,0,0,1119600,0,400,640800,0,331320,0,722640,0,5425680,3856720,995360,0,20480,0,4709760,7090480,0,639040,384880,3600,76400,687320,0,0,0,1943960,0,0,0,39120,0,0,0,0,0,0,0,0,0,40280,322960,2076560,0,0,0,12160,0,0,207680,0,0,0,1982160,639280,8880,0,0,947920,0,0,0,1767520,247760,0,0,0,0,0,0,0,0,0,0,0,0,0,0,0,0,0,0
ASE,1657000,3172080,5568640,0,0,0,644240,2646640,673200,1309640,1220040,1418000,153760,0,13470040,2307280,9861560,1083480,0,0,37520,367560,0,565280,0,0,0,0,634840,0,105400,42040,43920,0,91200,2385000,10243000,3576120,9415240,2148160,44880,0,0,0,190200,0,0,0,0,0,743760,0,329280,0,0,15520,356400,719320,6360,292400,0,341000,0,0,0,0,0,0,58720,0,0,0,0,0,0,1880,0,10080,0,0,0,1190160,26080,295800,0,0,0,0,0,0,0,0,825920,0,508560,0,0,0,0,0,0,0,0,0,0,0,0,0,0,0,0,0,0
ASG,309040,0,0,0,0,0,2646640,0,19360,11083200,3570240,1212200,0,0,451040,0,4401160,0,0,0,0,0,0,0,0,0,0,0,257600,0,0,0,0,0,0,2319760,346040,256320,46600,973320,0,66640,0,0,80,0,0,0,0,0,0,0,0,0,0,0,0,0,0,0,0,0,0,0,0,0,0,0,0,0,0,0,0,0,0,3920,0,0,0,0,0,8709520,470200,0,0,0,0,0,129560,0,0,0,28320,172720,0,0,0,0,0,0,0,0,0,0,0,0,0,0,0,0,0,0,0
ASH,2244080,1471920,0,320,0,0,673200,19360,442400,0,0,181440,0,0,3289800,1168960,0,0,0,0,160,0,0,0,0,0,0,0,0,0,21680,704040,7600,0,5856680,4096400,1895800,0,140280,1725200,2003360,1387640,2995000,81760,2669960,2843440,18400,316560,0,0,450400,0,8114560,0,78400,437840,5017480,0,0,0,0,0,0,0,0,0,0,240520,0,0,0,0,40,31840,80,1563840,0,0,0,0,0,2551000,0,731880,1174200,0,0,0,0,0,0,575040,136800,427520,402160,359280,1291320,0,0,0,0,0,0,0,0,0,0,0,0,0,0,0,0
ASI,68560,2426600,1035600,0,0,0,1309640,11083200,0,107760,2254000,1919480,0,0,1389040,1135680,12469480,336600,0,0,16680,213480,0,362880,116000,0,0,0,231160,0,57280,2240,39560,0,0,2402520,660640,1027240,414480,2720,0,0,0,0,579680,0,0,0,0,0,73280,391640,0,0,0,243840,0,0,63200,197600,0,134080,0,0,0,0,0,0,0,0,0,0,67680,0,0,0,0,0,14880,0,0,3840,932400,0,0,0,0,0,900240,0,0,0,0,0,0,0,0,0,0,0,0,0,0,0,0,0,0,0,0,0,0,0,0
ASJ,41440,147360,0,69520,0,0,1220040,3570240,0,2254000,489600,4502000,0,0,928320,564840,0,0,0,0,62400,227320,0,133080,104880,0,0,0,259720,0,151880,343000,128560,0,0,1683720,0,16320,0,0,0,0,301120,299760,370080,84000,0,0,0,0,0,97320,188800,0,0,27280,601320,0,100160,138800,0,0,0,0,0,0,0,0,0,0,178400,0,165600,0,0,0,15920,0,93400,0,280,4044560,4369200,2282840,380640,0,0,46560,784800,0,0,0,8344560,0,0,0,6640,0,0,0,0,0,0,0,0,0,0,0,0,0,0,0,0
ASK,0,5010840,0,0,0,0,1418000,1212200,181440,1919480,4502000,583200,0,0,659400,0,1128320,0,0,0,32400,0,0,19680,41000,0,0,0,166280,0,28760,0,57840,0,318640,6463640,1246240,676680,0,0,0,0,39600,0,749360,191880,0,0,0,0,0,0,35400,0,0,108000,4092560,0,57280,0,0,0,0,0,0,0,0,0,0,0,1000,0,4240,0,0,0,0,0,21400,0,0,2363640,6302800,218760,0,0,0,0,1080,0,0,0,6410200,0,0,0,253640,0,0,0,0,0,0,0,0,0,0,0,0,0,0,0,0
AUA,4977840,0,6771640,0,0,176960,153760,0,0,0,0,0,415600,0,70080,203520,201120,1933680,1078640,0,596920,2918000,0,0,100520,83800,0,0,3880,0,0,8475200,85960,96240,6000,0,960760,8346320,5909360,1049600,4644080,71840,495120,1757640,0,0,0,0,0,6120,3047920,11504440,0,688960,0,552160,0,509680,445120,0,0,490640,0,0,0,0,0,489640,97280,0,0,0,447320,0,0,0,0,309040,160,0,0,0,0,0,0,197200,0,329160,319280,265040,0,0,0,0,714680,243680,0,0,0,0,0,0,0,0,0,0,0,0,0,0,0,0,0
AVM,0,0,0,1748600,0,0,0,0,0,0,0,0,0,0,0,0,0,0,208360,648400,0,0,0,0,0,0,306480,0,0,0,0,0,0,0,0,0,0,0,254000,0,0,2729280,2014480,8000,4132000,886880,4741680,202160,1514800,0,0,0,224200,0,0,683240,1040,0,0,0,0,0,0,0,0,0,0,0,0,0,0,164160,0,1379080,0,180480,0,0,0,0,0,0,0,5520,371520,0,0,0,2600,0,0,6025520,0,192040,216760,1550400,145440,0,0,0,0,0,0,0,0,0,0,0,0,0,0,0,0
AWA,4349520,3082560,2040920,0,0,0,13470040,451040,3289800,1389040,928320,659400,70080,0,141640,8264120,1234320,0,0,0,0,0,0,0,4960,0,0,0,0,0,0,0,3160,0,67280,1309480,912480,0,3551600,3596800,111440,498760,28800,0,1166360,126000,0,71840,0,0,0,274960,2168480,0,0,71200,1258760,266160,0,0,0,0,0,0,0,0,0,0,0,0,0,0,0,0,0,553920,0,0,0,0,0,126080,195760,1427240,397960,0,0,0,0,0,0,0,1452120,0,0,0,52320,0,0,0,0,0,0,0,0,0,0,0,0,0,0,0,0
AWB,3343280,1429960,917040,0,0,0,2307280,0,1168960,1135680,564840,0,203520,0,8264120,77120,739040,0,389000,0,0,0,0,0,0,0,0,0,0,0,320,37400,0,0,581000,1310360,759520,0,1129440,3328000,198960,1320,13360,0,827600,0,0,94640,0,0,9880,1261440,1388400,0,4000,137120,251040,0,0,0,0,0,0,0,0,0,0,0,0,0,0,36800,0,0,158880,2319200,0,0,0,0,0,2119160,0,1528040,721720,0,0,0,0,0,0,0,179200,0,0,0,225760,0,0,0,0,0,0,0,0,0,0,0,0,0,0,0,0
AWC,452200,1900160,2562400,0,0,0,9861560,4401160,0,12469480,0,1128320,201120,0,1234320,739040,9660160,3461280,80,0,113160,264720,0,200360,422440,0,0,0,115520,0,42720,15920,254720,0,53920,5857120,9871600,2581200,7066560,3372440,2520,0,0,0,255160,0,0,0,0,0,236480,424200,0,0,139320,46640,0,1220000,221320,40920,0,91160,0,0,0,0,0,0,0,0,0,0,707840,0,34480,0,0,0,37160,0,0,532800,0,0,0,0,0,8880,423400,0,0,0,0,0,0,0,0,0,0,0,0,0,0,0,0,0,0,0,0,0,0,0,0
BAG,12080,0,2349160,0,0,3706320,1083480,0,0,336600,0,0,1933680,0,0,0,3461280,3474920,710320,0,333880,35640,37440,0,472400,139480,0,0,269920,0,0,84280,37160,69880,0,0,267280,3199240,3595720,511600,4417960,505440,3636480,5383920,0,0,0,0,0,0,6623600,9878200,0,3169560,1672800,94000,0,2101520,235680,0,0,531560,0,0,363440,0,0,152360,3210560,0,1200,6360,234080,467760,5040,0,0,598400,11680,0,0,0,0,0,0,0,0,80,956320,1123520,0,0,0,0,2524320,0,0,0,0,0,0,0,0,0,0,0,0,0,0,0,0,0,0
DVA,424360,0,0,0,0,4553600,0,0,0,0,0,0,1078640,208360,0,389000,80,710320,0,497280,80560,463600,220760,0,0,91560,44760,385280,440240,1149760,8080,120720,223800,482000,2453240,0,3026240,0,1567320,4919120,1504200,2661080,2240200,4968240,48240,129920,1706280,4721960,352920,0,2240,502080,44480,37600,931440,826720,0,3449040,0,0,122280,107560,0,0,291720,0,0,0,0,1040,3178520,5616520,1495280,5290960,1463360,456400,0,1557120,0,70120,532920,0,0,0,2673520,0,0,0,0,43840,0,388400,0,968960,2309920,0,170880,0,0,0,0,0,0,0,0,0,0,0,0,0,0,0,0
FLP,0,0,0,0,0,320240,0,0,0,0,0,0,0,648400,0,0,0,0,497280,1188400,0,0,0,0,0,0,221600,0,0,2140920,0,0,0,0,828720,0,1215360,0,44200,0,4966000,1819280,851680,1839600,35120,0,3143800,157440,88560,131840,82880,0,0,37040,595360,655640,0,0,0,0,0,1176360,0,0,0,0,0,0,38440,0,0,903960,0,53400,1027680,230840,120320,9000,0,0,2891880,8400,0,0,249920,73200,0,0,0,79920,0,0,0,138720,0,924080,0,0,0,0,0,0,0,0,0,0,0,0,0,0,0,0,0
IL2D,0,24080,146720,0,0,0,37520,0,160,16680,62400,32400,596920,0,0,0,113160,333880,80560,0,0,964160,0,0,3908840,0,0,800,913200,0,0,1372320,4642560,0,268920,0,57920,147200,0,273800,479840,789840,1372800,374640,578840,35280,241440,720,149400,89360,0,60960,32120,977400,3047800,4000,4141840,0,5809120,0,0,629280,154480,0,66000,917120,2694600,525880,169600,356320,216440,0,75560,40720,296520,0,228080,234080,5373480,0,0,3040,20480,64960,324920,83760,200200,3667640,0,993920,0,484440,0,609680,159280,269360,0,37200,0,0,0,0,0,0,0,0,0,0,0,0,0,0,0
IL2L/R,1592280,142520,1130000,0,41680,17040,367560,0,0,213480,227320,0,2918000,0,0,0,264720,35640,463600,0,964160,0,819360,4699160,990840,1484360,0,169760,0,33840,4010880,4511040,311200,402480,192400,0,266400,347360,831440,240000,1440,0,0,797840,103640,203960,0,406960,0,760,109520,2444160,442800,75440,3755080,199120,8960,1123560,33600,4729640,3560,666760,29680,227560,0,769880,6616800,1239200,188000,595000,9320,31480,1840,260000,0,788880,11320,75760,879440,600280,1957600,278000,571720,474280,10200,0,0,0,0,1097880,0,350040,1600,175480,0,0,102880,0,0,0,0,0,0,0,0,0,0,0,0,0,0,0,0
IL2V,0,0,0,23920,0,0,0,0,0,0,0,0,0,0,0,0,0,37440,220760,0,0,819360,0,0,0,3124520,0,290400,0,0,152080,49760,0,2288320,228320,0,329120,0,0,37440,148680,140120,243280,31760,0,0,0,203360,320,303600,215160,159320,0,1478320,3950520,130440,3145360,57600,0,0,3934760,121040,39160,0,9080,1225320,2590760,681680,8480,170360,109120,81520,237120,448480,16560,204680,37880,34480,0,4859760,0,0,0,0,0,186080,227400,0,3909320,3055160,0,0,0,361000,195240,290560,0,0,37600,0,0,0,0,0,0,0,0,0,0,0,0,0,0
OLL,0,468440,280960,0,305960,0,565280,0,0,362880,133080,19680,0,0,0,0,200360,0,0,0,0,4699160,0,572400,2384240,2530560,0,1741720,84160,0,6984280,235520,120720,50720,18160,0,862640,375760,0,0,0,0,69520,10092080,466320,0,0,0,0,115880,0,3072280,0,3513360,1280,19200,0,0,5844320,5138080,4312920,0,7325400,1181480,6444040,4259440,7545960,3328400,1357160,355360,0,177520,215360,140480,0,393120,2269680,2372840,0,162520,170960,105040,142080,301000,0,40880,107600,2658560,2810440,112080,0,0,7800,15840,0,11040,98880,0,0,0,0,0,0,0,0,0,0,0,0,0,0,0,0
OLQD,0,82960,58240,0,0,0,0,0,0,116000,104880,41000,100520,0,4960,0,422440,472400,0,0,3908840,990840,0,2384240,807720,42400,0,0,0,0,0,292560,7662320,0,80,99880,7040,500200,0,6040,200,0,444240,438000,4240,1120,0,0,581880,281480,0,440000,0,875520,3622040,0,1269680,0,7009600,0,0,0,4632000,16560,1331920,3014840,4093000,320240,60400,1666120,382960,0,0,3113000,4179600,0,904160,8840,1624800,0,0,28400,70800,224960,93400,130680,118640,2613880,0,216280,0,42840,15720,2255560,81400,611680,0,0,0,0,0,0,0,0,0,0,0,0,0,0,0,0,0
OLQV,129960,0,0,0,0,0,0,0,0,0,0,0,83800,0,0,0,0,139480,91560,0,0,1484360,3124520,2530560,42400,0,248440,0,0,0,631360,297120,0,2691760,239680,0,0,480,0,0,0,0,224560,480760,114640,0,0,0,400,774240,109880,1034160,0,1148640,6027520,0,1316760,180480,0,0,3181120,10800,456720,60280,2753040,15240,4249640,881120,293520,1694880,0,321200,2585680,296080,0,2299600,0,0,0,1688720,0,311600,0,0,102720,679040,267920,0,1073800,281080,0,0,0,1341160,76320,861960,0,0,0,0,0,0,0,0,14160,0,0,0,0,0,0,0,0
PLN,0,0,0,0,0,0,0,0,0,0,0,0,0,306480,0,0,0,0,44760,221600,0,0,0,0,0,248440,0,3521720,840880,0,0,0,0,0,0,69280,0,0,0,0,13920,0,180120,0,38560,0,0,0,1760,273040,0,0,0,1110080,0,130400,0,0,0,0,0,908560,0,286680,1767160,0,0,0,1002880,3688560,0,4480560,2186960,655200,0,6066120,330480,1400560,0,0,0,30720,0,300040,2000,323600,0,0,1115200,0,0,55600,0,2914880,3520,3760,5253280,0,0,0,0,0,0,0,0,0,5160,0,83680,0,0,0,80440
SAAD,0,0,0,910400,1062120,0,0,0,0,0,0,0,0,0,0,0,0,0,385280,0,800,169760,290400,1741720,0,0,3521720,1664240,1247880,1730480,627160,3600,0,649120,634040,0,1757280,0,0,15120,2900400,480,227680,697320,1920,0,28080,0,0,380960,954960,0,0,1917360,0,13887480,0,30440,0,196320,12880,6215520,1191280,314600,1117960,0,0,0,8807040,831120,1019520,0,171480,896440,2939600,10288200,5693000,9030200,0,34760,2307040,0,0,0,11960,655880,13680,0,0,1167520,0,333920,0,386440,0,845840,1537520,0,0,0,0,0,0,0,0,0,74200,0,58720,0,224800,0,0
SAAV,0,60960,134400,0,4862520,68640,634840,257600,0,231160,259720,166280,3880,0,0,0,115520,269920,440240,0,913200,0,0,84160,0,0,840880,1247880,1294480,761360,0,0,289360,0,709840,0,380360,67320,0,171280,12437840,70400,38720,231520,7480,0,308800,0,0,0,2574280,0,0,490120,4120,13711360,0,0,0,7000,0,1996360,0,6880,1069600,0,0,0,6631640,1405720,812680,966400,712600,60160,7159200,2774120,15736760,6203240,0,0,2105320,0,6880,127040,16800,96400,0,0,0,1200,0,32880,33400,110040,292120,0,561400,0,0,0,0,0,0,27680,0,0,0,87360,0,0,0,0,0
SDQ,0,0,0,2579360,12840,0,0,0,0,0,0,0,0,0,0,0,0,0,1149760,2140920,0,33840,0,0,0,0,0,1730480,761360,2093760,0,0,0,0,917880,0,2622840,187120,0,880,2655120,2653560,74800,144280,89760,672440,0,0,725840,234800,1042400,0,134360,566280,0,1906320,85040,0,0,303080,0,4038520,0,0,857960,0,0,0,1176960,2444240,404200,156360,0,739360,413800,0,513560,630200,0,0,300760,0,0,0,537560,0,92440,0,605160,0,0,2540160,0,2938880,407040,574480,0,0,0,0,0,0,0,0,0,0,0,0,0,0,0,0,0
URB,0,257200,63440,26960,119320,0,105400,0,21680,57280,151880,28760,0,0,0,320,42720,0,8080,0,0,4010880,152080,6984280,0,631360,0,627160,0,0,0,531920,0,499880,728320,0,0,76200,0,0,0,964640,847960,14320,399120,0,204640,0,29520,96000,0,242960,0,1400,0,0,198640,0,1475800,5666520,1348960,0,520160,3402680,3840,8080,1641880,0,708000,3344360,205160,137600,1039160,1179200,1230160,245200,349840,0,999200,1209800,3525840,480400,219920,254680,0,0,48000,2115560,1269360,0,0,74240,3440,2227520,3640,0,7280,0,0,0,0,0,0,0,5000,0,0,0,0,0,0,0,0
URX,2443960,0,1165120,289800,0,1119600,42040,0,704040,2240,343000,0,8475200,0,0,37400,15920,84280,120720,0,1372320,4511040,49760,235520,292560,297120,0,3600,0,0,531920,0,817440,281800,1871880,5200,0,342480,319400,18480,225280,400,37640,616240,205760,0,197600,2644120,0,0,6062440,1311840,83640,1687280,2729400,0,346240,3275160,10880,590320,0,0,0,46240,0,0,0,0,0,0,199840,36800,241560,46080,0,153400,19040,0,414640,0,32320,222120,405840,253640,2240480,0,0,4896480,364160,244920,0,2080,80,1330360,0,14080,1490840,0,0,0,0,0,0,0,0,0,0,0,0,0,0,0,0
URYD,0,61760,34480,0,0,0,43920,0,7600,39560,128560,57840,85960,0,3160,0,254720,37160,223800,0,4642560,311200,0,120720,7662320,0,0,0,289360,0,0,817440,0,0,555760,22720,348600,210000,3200,141720,1212000,444360,782040,1602200,301320,5200,138200,0,111480,187520,0,1942040,5600,234040,5225800,175600,1467400,0,4293920,0,0,119040,668520,0,3169440,851520,335080,0,192120,0,41040,0,191880,49640,38360,0,859920,240120,4798560,0,0,59960,109040,86480,209040,312480,221200,536480,0,904360,0,227120,5640,394800,17200,831520,0,0,0,0,0,0,0,0,0,0,0,0,0,0,0,0,0
URYV,194440,106880,0,194720,0,400,0,0,0,0,0,0,96240,0,0,0,0,69880,482000,0,0,402480,2288320,50720,0,2691760,0,649120,0,0,499880,281800,0,0,117360,0,179160,198560,0,7840,1191200,965160,555120,2229920,126560,0,0,640,800,602000,190400,2215680,0,917680,4492560,7680,0,424840,0,0,3325480,38200,4453680,207320,986840,0,263680,693560,198080,0,276080,9520,194320,473480,162640,98720,0,610440,0,1951040,0,435400,0,0,142760,419520,636640,0,90080,1642160,0,63840,0,433680,56000,1369520,0,0,0,0,0,0,0,0,0,0,0,0,0,0,0,0,0
ADA,609600,1060040,0,2615200,960,640800,91200,0,5856680,0,0,318640,6000,0,67280,581000,53920,0,2453240,828720,268920,192400,228320,18160,80,239680,0,634040,709840,917880,728320,1871880,555760,117360,132600,2538840,907880,0,0,27920,5278840,4798640,2233040,180320,1060160,446320,86240,820160,68560,0,195680,0,1720040,160,0,7198640,259440,7240,0,0,16000,715120,25840,0,0,0,0,0,0,21240,234640,447120,1103360,1153440,1604560,434160,360240,836320,3400,112400,1750480,280360,0,395680,1365960,102880,0,1090160,246280,100480,0,85680,504520,6956440,10160,0,1215120,0,0,0,0,0,0,0,0,0,0,0,0,0,0,0,0
AIA,830560,1553640,141400,0,0,0,2385000,2319760,4096400,2402520,1683720,6463640,0,0,1309480,1310360,5857120,0,0,0,0,0,0,0,99880,0,69280,0,0,0,0,5200,22720,0,2538840,546640,9361760,509480,769840,2422360,0,4360,456080,0,39280,937800,0,0,0,0,0,0,2503960,0,223880,68480,2277080,16760,0,0,0,0,0,0,0,0,0,0,0,0,0,30880,0,95040,0,766160,0,0,4800,0,0,8862400,410720,192880,14960,0,0,0,0,0,0,0,2628960,281880,149760,9520,418160,0,0,0,0,0,0,0,0,0,0,0,0,0,0,0,0
AIB,648400,2875960,2779040,0,0,331320,10243000,346040,1895800,660640,0,1246240,960760,0,912480,759520,9871600,267280,3026240,1215360,57920,266400,329120,862640,7040,0,0,1757280,380360,2622840,0,0,348600,179160,907880,9361760,360480,1183760,1060280,4450920,4867040,3197520,1830360,2641080,10720,0,177160,2243040,0,1484560,497280,2470400,279080,3081240,64640,9878320,677320,445040,9840,76640,178520,1687760,0,0,720,265360,0,549920,2530120,1009800,2384200,27480,995160,645960,880120,0,3188640,813120,0,269960,0,2010960,0,0,124360,3702360,856200,0,0,4206200,0,0,6080,520440,213680,1767840,887120,0,0,0,0,0,0,0,0,0,0,0,0,0,0,0,0
AIN,16640,11040,8676640,297000,3880,0,3576120,256320,0,1027240,16320,676680,8346320,0,0,0,2581200,3199240,0,0,147200,347360,0,375760,500200,480,0,0,67320,187120,76200,342480,210000,198560,0,509480,1183760,806480,736880,54640,620960,0,448400,0,1705240,0,0,0,0,0,228360,3392120,0,55520,196480,187480,0,2960,300760,18880,0,320000,0,0,0,0,0,230600,987520,0,51360,0,98760,0,0,0,0,25760,58680,0,437040,0,160,0,921800,0,0,96400,364520,0,0,0,0,0,5154080,0,0,0,0,0,0,0,0,0,0,0,0,0,0,0,0,0,0
AIY,1561760,0,11895560,0,0,722640,9415240,46600,140280,414480,0,0,5909360,254000,3551600,1129440,7066560,3595720,1567320,44200,0,831440,0,0,0,0,0,0,0,0,0,319400,3200,0,0,769840,1060280,736880,1421760,7026400,0,653680,1360,105840,933520,0,16960,19000,0,0,4124080,5596880,295640,326120,2628880,1284280,0,3292880,0,0,0,0,0,0,0,0,0,330560,0,0,0,43840,801720,0,720,821680,0,0,0,0,0,482080,0,0,640,0,0,0,0,0,0,0,0,0,0,1809160,0,0,0,0,0,0,0,0,0,0,0,0,0,0,0,0,0
AIZ,6085480,0,2253320,0,0,0,2148160,973320,1725200,2720,0,0,1049600,0,3596800,3328000,3372440,511600,4919120,0,273800,240000,37440,0,6040,0,0,15120,171280,880,0,18480,141720,7840,27920,2422360,4450920,54640,7026400,758560,112760,822760,251440,7438560,257160,0,0,1020960,0,16400,10808640,4090880,905880,5984680,7497240,7516600,2560,3963440,11960,0,0,0,0,0,0,0,0,0,3360,0,442080,240,627640,103840,5060200,8093800,15840,33240,0,0,0,1589920,0,0,95600,1096040,0,0,0,962920,0,0,0,711680,285840,13280,0,0,0,0,0,0,0,0,0,0,0,0,0,0,0,0,0
AVA,103800,735920,2000,0,205960,5425680,44880,0,2003360,0,0,0,4644080,0,111440,198960,2520,4417960,1504200,4966000,479840,1440,148680,0,200,0,13920,2900400,12437840,2655120,0,225280,1212000,1191200,5278840,0,4867040,620960,0,112760,1450000,4113560,1066720,381520,2066880,0,2312600,2100440,0,535200,4894480,1036000,50320,950760,17440,8631080,0,70400,0,320,123320,1187560,7520,289960,302080,0,0,0,1036840,3403360,1169600,297120,908480,960,640120,238480,4754600,5655040,0,520,3946880,1637200,72400,145760,1210080,907600,41360,60320,0,2067600,0,0,0,3297440,368240,0,521520,0,0,0,0,0,0,0,0,0,0,0,0,0,0,0,0
AVB,860080,160,0,1258040,0,3856720,0,66640,1387640,0,0,0,71840,2729280,498760,1320,0,505440,2661080,1819280,789840,0,140120,0,0,0,0,480,70400,2653560,964640,400,444360,965160,4798640,4360,3197520,0,653680,822760,4113560,2488520,3322160,1817720,7739120,253480,11780000,5483200,3587120,10480,0,1164960,2714320,3305120,0,6491320,2270360,19080,12240,0,76840,649120,0,0,0,0,0,401600,634160,360,560,733480,926560,2416960,175440,214520,0,155200,16200,30080,0,245920,0,170960,3633760,1296880,0,256680,827280,831000,0,1567640,0,7237840,1420960,1580280,199840,0,0,0,0,0,0,0,0,8680,0,0,0,80,0,0,0
AVD,85680,2166080,0,2636480,12080,995360,0,0,2995000,0,301120,39600,495120,2014480,28800,13360,0,3636480,2240200,851680,1372800,0,243280,69520,444240,224560,180120,227680,38720,74800,847960,37640,782040,555120,2233040,456080,1830360,448400,1360,251440,1066720,3322160,275280,1615800,4933240,180880,3080920,194480,290160,0,0,699240,304000,376240,21360,548000,25000,190920,163080,25440,0,171560,0,0,10480,0,0,0,40960,0,357280,206160,729880,2115160,603440,202640,138400,97440,0,0,211800,965240,262240,214000,1898400,57000,0,260560,37920,73640,0,240400,42720,2314720,2912480,0,228640,0,0,0,0,0,0,0,0,0,0,0,0,0,0,0,0
AVE,0,720,0,425760,0,0,0,0,81760,0,299760,0,1757640,8000,0,0,0,5383920,4968240,1839600,374640,797840,31760,10092080,438000,480760,0,697320,231520,144280,14320,616240,1602200,2229920,180320,0,2641080,0,105840,7438560,381520,1817720,1615800,220840,233440,52920,909360,1687680,0,0,223920,7421360,110320,1170760,433720,4575520,0,188880,960,791600,0,323040,1226520,1037800,943760,442240,143240,387000,305840,87280,1243760,1801760,49840,262440,340960,689960,1922120,2060880,0,82560,29600,748880,1348960,329880,57680,5241520,0,1833360,2310880,176880,0,28880,0,208800,90120,3516400,812800,0,0,0,0,0,0,0,0,0,0,0,0,0,0,0,0
AVJ,723920,1899920,18880,1145080,0,20480,190200,80,2669960,579680,370080,749360,0,4132000,1166360,827600,255160,0,48240,35120,578840,103640,0,466320,4240,114640,38560,1920,7480,89760,399120,205760,301320,126560,1060160,39280,10720,1705240,933520,257160,2066880,7739120,4933240,233440,251600,1495760,4761840,406200,707920,0,0,0,2984040,0,0,1323800,2143680,45440,0,17880,0,160480,0,0,0,0,0,0,0,0,760,31200,320,60960,0,232640,0,960,77600,0,47200,1677120,516000,837600,7424240,43200,0,156000,15200,0,0,2776760,17200,986440,885880,561840,131680,0,0,0,0,0,0,0,0,0,0,0,0,0,0,0,0
BDU,0,0,0,1357320,0,0,0,0,2843440,0,84000,191880,0,886880,126000,0,0,0,129920,0,35280,203960,0,0,1120,0,0,0,0,672440,0,0,5200,0,446320,937800,0,0,0,0,0,253480,180880,52920,1495760,401120,0,0,25200,0,0,0,5875400,0,0,1504160,3525480,0,86040,0,0,0,0,0,0,0,0,0,0,0,0,5480,0,85000,22400,16760,0,2080,101680,0,270840,637280,0,3091920,659480,0,0,71560,343240,0,0,11045760,2880240,0,4840,0,1986240,0,0,0,0,0,0,0,0,0,0,0,0,0,0,0,0
PVC,0,54480,0,936080,0,4709760,0,0,18400,0,0,0,0,4741680,0,0,0,0,1706280,3143800,241440,0,0,0,0,0,0,28080,308800,0,204640,197600,138200,0,86240,0,177160,0,16960,0,2312600,11780000,3080920,909360,4761840,0,1130880,2605200,0,0,0,0,102000,0,0,156320,71280,50240,0,0,0,333520,0,0,38400,0,0,0,0,161320,8120,136680,157200,643320,75960,0,11040,166960,0,0,0,960,0,0,3312080,60960,0,0,0,0,0,151720,880,862880,1528640,215520,102400,0,0,0,0,0,0,0,0,0,0,0,0,0,0,0,0
PVP,17920,0,0,0,0,7090480,0,0,316560,0,0,0,0,202160,71840,94640,0,0,4721960,157440,720,406960,203360,0,0,0,0,0,0,0,0,2644120,0,640,820160,0,2243040,0,19000,1020960,2100440,5483200,194480,1687680,406200,0,2605200,148640,0,0,9840,0,2623560,1592480,0,111280,0,2552480,0,0,20600,0,0,0,0,0,0,0,11640,0,202600,0,0,0,321200,3000,0,0,0,236800,1600,0,0,0,4611080,1780840,0,0,0,911320,0,0,0,280,60240,0,0,0,0,0,0,0,0,0,0,0,0,0,0,0,0,0,0
PVR,0,0,0,2210680,0,0,0,0,0,0,0,0,0,1514800,0,0,0,0,352920,88560,149400,0,320,0,581880,400,1760,0,0,725840,29520,0,111480,800,68560,0,0,0,0,0,0,3587120,290160,0,707920,25200,0,0,0,0,0,0,0,0,0,0,2949400,0,1039760,0,611440,638640,40360,30120,0,0,0,0,0,0,0,2400,0,483600,43680,0,2720,0,159600,272560,286920,0,0,0,246280,0,0,2789080,4047200,0,0,4047280,0,2041680,0,0,0,0,65440,0,15880,15000,0,50760,115720,35040,21640,16960,1280,24800,640,52480,57840
PVT,0,0,0,0,128560,639040,0,0,0,0,0,0,6120,0,0,0,0,0,0,131840,89360,760,303600,115880,281480,774240,273040,380960,0,234800,96000,0,187520,602000,0,0,1484560,0,0,16400,535200,10480,0,0,0,0,0,0,0,0,0,844680,0,4331640,267200,41920,0,0,56080,0,98280,147520,0,142120,0,478560,1726880,918320,5110800,99080,18160,0,0,32800,18480,12720,8960,0,0,170520,219760,0,0,0,0,13862720,3550480,0,0,6326720,0,0,0,0,199400,181000,276520,0,0,0,0,0,0,0,0,0,0,0,0,0,0,0,0
RIA,3980320,320,2200,0,538240,384880,743760,0,450400,73280,0,0,3047920,0,0,9880,236480,6623600,2240,82880,0,109520,215160,0,0,109880,0,954960,2574280,1042400,0,6062440,0,190400,195680,0,497280,228360,4124080,10808640,4894480,0,0,223920,0,0,0,9840,0,0,9162760,4665360,51360,804920,3472480,1681320,0,1547840,0,1314840,0,3258520,20968040,17867680,16525240,0,0,0,379640,200,3471320,2802600,573840,698240,1119960,1301600,14574560,16559680,0,0,308120,0,0,0,0,51520,0,2782480,3145360,230800,0,0,0,0,0,170000,14960,0,0,0,0,0,0,92960,1840,120,0,0,0,0,0,0,0
RIB,425000,0,920,0,0,3600,0,0,0,391640,97320,0,11504440,0,274960,1261440,424200,9878200,502080,0,60960,2444160,159320,3072280,440000,1034160,0,0,0,0,242960,1311840,1942040,2215680,0,0,2470400,3392120,5596880,4090880,1036000,1164960,699240,7421360,0,0,0,0,0,844680,4665360,345120,38640,578320,930840,3191520,0,80,205920,484800,39320,34440,18000,475400,181840,2404400,3830920,2487920,126720,0,566080,364400,1224800,1286400,480,0,3063240,2885880,0,632640,0,0,0,0,0,25000,808920,310960,801520,3800640,0,0,0,0,2296800,6116640,0,0,0,0,0,0,0,0,0,0,0,0,0,0,0,0,0
RIF,2121720,0,12200,265880,0,76400,329280,0,8114560,0,188800,35400,0,224200,2168480,1388400,0,0,44480,0,32120,442800,0,0,0,0,0,0,0,134360,0,83640,5600,0,1720040,2503960,279080,0,295640,905880,50320,2714320,304000,110320,2984040,5875400,102000,2623560,0,0,51360,38640,99080,0,0,7169800,615000,458480,92400,0,0,0,0,0,0,0,0,0,0,0,0,0,1120,3120,800,953560,0,0,92880,0,102240,1522720,0,1657200,2473880,0,0,117760,194960,0,0,4706000,968080,0,32320,0,2068640,0,0,0,0,0,0,0,0,0,0,0,0,0,0,0,0
RIG,17440,0,0,0,1810920,687320,0,0,0,0,0,0,688960,0,0,0,0,3169560,37600,37040,977400,75440,1478320,3513360,875520,1148640,1110080,1917360,490120,566280,1400,1687280,234040,917680,160,0,3081240,55520,326120,5984680,950760,3305120,376240,1170760,0,0,0,1592480,0,4331640,804920,578320,0,1959840,901680,2163840,0,2019520,442400,0,158440,1358720,0,720,0,699400,626080,270360,6610080,2504720,917040,43640,217160,691000,2017920,1098440,19400,73560,0,337400,3229720,0,0,0,47520,6500680,1767080,0,37760,8303280,0,0,0,0,2235080,671040,179080,0,0,0,0,0,0,0,0,0,0,0,0,0,0,0,0
RIH,222560,0,5120,0,0,0,0,0,78400,0,0,0,0,0,0,4000,139320,1672800,931440,595360,3047800,3755080,3950520,1280,3622040,6027520,0,0,4120,0,0,2729400,5225800,4492560,0,223880,64640,196480,2628880,7497240,17440,0,21360,433720,0,0,0,0,0,267200,3472480,930840,0,901680,0,871560,4596640,2723040,169840,0,1157520,0,63600,0,0,1812720,3684520,2947360,120480,0,2400,129680,360280,107800,75080,519840,5880,1000,273440,1088920,0,0,0,0,0,8440,156400,1832040,7975440,1242920,0,0,0,0,57440,2322280,6400,0,0,0,0,0,0,0,0,0,0,0,0,0,0,0,0
RIM,139960,0,0,0,487960,0,15520,0,437840,243840,27280,108000,552160,683240,71200,137120,46640,94000,826720,655640,4000,199120,130440,19200,0,0,130400,13887480,13711360,1906320,0,0,175600,7680,7198640,68480,9878320,187480,1284280,7516600,8631080,6491320,548000,4575520,1323800,1504160,156320,111280,0,41920,1681320,3191520,7169800,2163840,871560,638880,0,0,0,352480,141200,2129160,0,16369200,0,96400,0,727600,6597400,640,2228640,1184080,1892880,1327280,609160,387520,10440480,9162360,0,54960,36800,0,0,31360,269040,6350720,66720,97440,156640,574080,0,868960,0,1312760,28320,4749080,181080,0,0,0,0,0,0,541800,808480,0,0,643120,593640,0,0,259520,91400
RIP,273600,221360,0,520680,0,0,356400,0,5017480,0,601320,4092560,0,1040,1258760,251040,0,0,0,0,4141840,8960,3145360,0,1269680,1316760,0,0,0,85040,198640,346240,1467400,0,259440,2277080,677320,0,0,2560,0,2270360,25000,0,2143680,3525480,71280,0,2949400,0,0,0,615000,0,4596640,0,7280,0,3158160,0,3095040,0,41680,0,55240,556840,2509560,301160,0,0,0,0,0,0,3200,0,0,0,3343280,3613200,0,136400,46600,4389160,926200,0,0,335760,476840,0,0,1527000,3808560,489880,0,0,433960,79200,90880,0,127720,0,4000,0,0,0,0,0,0,0,0,0,0
RIR,4172120,0,488720,0,0,1943960,719320,0,0,0,0,0,509680,0,266160,0,1220000,2101520,3449040,0,0,1123560,57600,0,0,180480,0,30440,0,0,0,3275160,0,424840,7240,16760,445040,2960,3292880,3963440,70400,19080,190920,188880,45440,0,50240,2552480,0,0,1547840,80,458480,2019520,2723040,0,0,0,0,0,0,995160,40320,0,0,0,0,214920,0,0,0,0,0,0,85720,279960,0,0,0,0,0,51960,0,0,3990880,0,447600,0,0,8160,0,0,0,0,19320,302320,0,0,0,0,0,0,0,0,0,0,0,0,0,0,0,0,0
IL1D,0,27320,38080,0,0,0,6360,0,0,63200,100160,57280,445120,0,0,0,221320,235680,0,0,5809120,33600,0,5844320,7009600,0,0,0,0,0,1475800,10880,4293920,0,0,0,9840,300760,0,11960,0,12240,163080,960,0,86040,0,0,1039760,56080,0,205920,92400,442400,169840,0,3158160,0,31520,751120,239960,0,837920,0,11833320,1125960,3758920,514160,24400,2315520,0,0,0,0,757080,0,993520,260720,3247640,700600,26880,41080,78480,2880,72080,79520,178520,1080120,0,101320,0,377000,0,0,0,543360,0,1027120,0,661240,0,90680,0,5680,0,0,0,0,0,0,0,0,0
IL1L/R,0,156240,0,260280,5440,0,292400,0,0,197600,138800,0,0,0,0,0,40920,0,0,0,0,4729640,0,5138080,0,0,0,196320,7000,303080,5666520,590320,0,0,0,0,76640,18880,0,0,320,0,25440,791600,17880,0,0,0,0,0,1314840,484800,0,0,0,352480,0,0,751120,0,253360,885440,7240680,8309360,7309520,0,220440,0,1899440,7884200,16400,639040,195920,387120,0,419360,213200,688880,356000,505440,2463760,28000,343520,89080,16560,59360,0,588440,93440,0,0,186520,0,1999960,0,1005200,300360,21040,0,228160,735960,0,0,0,240,0,0,0,0,0,0,0,0
IL1V,0,0,0,0,0,0,0,0,0,0,0,0,0,0,0,0,0,0,122280,0,0,3560,3934760,4312920,0,3181120,0,12880,0,0,1348960,0,0,3325480,16000,0,178520,0,0,0,123320,76840,0,0,0,0,0,20600,611440,98280,0,39320,0,158440,1157520,141200,3095040,0,239960,253360,24320,41360,13712560,0,881840,361400,3388200,1562160,0,1678640,163240,77720,114720,120080,0,691360,100080,493680,22240,2393720,4880,0,0,0,0,214240,97280,0,3625520,136640,0,0,0,212400,0,189480,0,0,735680,0,408560,0,60080,0,5360,0,0,0,0,0,0,0,0
RIV,0,1200,74360,0,1076360,39120,341000,0,0,134080,0,0,490640,0,0,0,91160,531560,107560,1176360,629280,666760,121040,0,0,10800,908560,6215520,1996360,4038520,0,0,119040,38200,715120,0,1687760,320000,0,0,1187560,649120,171560,323040,160480,0,333520,0,638640,147520,3258520,34440,0,1358720,0,2129160,0,995160,0,885440,41360,3831600,2190560,3103400,1454640,370440,0,189520,2228080,1807720,350720,2860800,2237160,272000,1548480,507000,7360480,6636680,0,75160,1465640,0,3200,0,634600,1046240,404920,153680,310240,1368760,0,0,0,3754320,226520,514520,151040,0,1040,0,0,0,222440,0,26520,0,742160,0,130240,0,995920,0,8560
RMDD,0,0,0,0,81360,0,0,0,0,0,0,0,0,0,0,0,0,0,0,0,154480,29680,39160,7325400,4632000,456720,0,1191280,0,0,520160,0,668520,4453680,25840,0,0,0,0,0,7520,0,0,1226520,0,0,0,0,40360,0,20968040,18000,0,0,63600,0,41680,40320,837920,7240680,13712560,2190560,1716720,3598640,21330560,389760,208240,1964480,19760,1514880,2028080,259480,145560,3207360,6434560,361400,1619120,1723440,2116080,1530920,240,0,0,0,0,0,45440,3061560,3101440,0,0,0,0,627600,0,525120,2348280,2149520,609200,2344240,734480,3439200,148320,2868400,52280,2355600,127720,162800,0,146560,90840,0,0
RMDL/R,0,0,0,0,1423600,0,0,0,0,0,0,0,0,0,0,0,0,0,0,0,0,227560,0,1181480,16560,60280,286680,314600,6880,0,3402680,46240,0,207320,0,0,0,0,0,0,289960,0,0,1037800,0,0,0,0,30120,142120,17867680,475400,0,720,0,16369200,0,0,0,8309360,0,3103400,3598640,5014600,5602640,0,3946240,0,15339440,8759600,3234000,1888640,3364360,4550840,0,162960,1840480,1417760,0,0,4330440,0,0,0,0,8332320,159560,2370760,4103720,62400,0,0,0,117640,0,5157200,9281520,0,0,742880,904480,0,0,2323560,2578400,0,0,611600,759800,0,0,45920,61400
RMDV,0,0,0,0,149560,0,0,0,0,0,0,0,0,0,0,0,0,363440,291720,0,66000,0,9080,6444040,1331920,2753040,1767160,1117960,1069600,857960,3840,0,3169440,986840,0,0,720,0,0,0,302080,0,10480,943760,0,0,38400,0,0,0,16525240,181840,0,0,0,0,55240,0,11833320,7309520,881840,1454640,21330560,5602640,1562880,3603320,336600,1386880,487040,1865280,1157000,2856800,790880,2087040,378040,4529080,1140160,1129520,822520,2504160,0,0,0,0,0,0,0,3717120,549120,0,0,0,0,177640,128880,84040,4758800,695760,2473760,640680,2055160,141920,3319040,54680,2288400,246680,1816520,0,563760,248560,51080,0,0
RMED,0,0,0,0,0,0,0,0,0,0,0,0,0,0,0,0,0,0,0,0,917120,769880,1225320,4259440,3014840,15240,0,0,0,0,8080,0,851520,0,0,0,265360,0,0,0,0,0,0,442240,0,0,0,0,0,478560,0,2404400,0,699400,1812720,96400,556840,0,1125960,0,361400,370440,389760,0,3603320,0,5573480,6401520,7120,12160,0,0,0,0,1265120,0,6202360,876400,1906160,2290000,0,0,0,0,0,312600,458240,26040,0,360320,0,0,0,0,729080,2799440,0,132520,1361200,0,190560,708400,576480,0,0,547080,3400,0,0,214680,0,0,0
RMEL/R,0,0,0,0,0,0,0,0,0,0,0,0,0,0,0,0,0,0,0,0,2694600,6616800,2590760,7545960,4093000,4249640,0,0,0,0,1641880,0,335080,263680,0,0,0,0,0,0,0,0,0,143240,0,0,0,0,0,1726880,0,3830920,0,626080,3684520,0,2509560,0,3758920,220440,3388200,0,208240,3946240,336600,5573480,535240,5262400,139640,3515280,0,0,0,0,0,0,27760,221560,6191400,6272840,4508680,0,0,0,0,258240,1704400,0,40,489200,0,0,0,0,0,3476560,0,157360,245520,6275120,5856560,32480,880,1066560,316000,0,0,0,0,0,0,0,0
RMEV,0,0,0,0,0,0,0,0,240520,0,0,0,489640,0,0,0,0,152360,0,0,525880,1239200,681680,3328400,320240,881120,0,0,0,0,0,0,0,693560,0,0,549920,230600,330560,0,0,401600,0,387000,0,0,0,0,0,918320,0,2487920,0,270360,2947360,727600,301160,214920,514160,0,1562160,189520,1964480,0,1386880,6401520,5262400,0,0,63720,78720,167200,213160,218880,0,1146720,1206880,5941520,1689320,3200240,0,0,0,0,0,79240,1190960,53840,196480,0,0,0,0,0,233120,3996360,0,865680,278840,0,39600,256960,1019760,0,0,25000,476960,0,0,0,96200,0,0
RMF,0,0,6640,0,1263280,0,58720,0,0,0,0,0,97280,0,0,0,0,3210560,0,38440,169600,188000,8480,1357160,60400,293520,1002880,8807040,6631640,1176960,708000,0,192120,198080,0,0,2530120,987520,0,3360,1036840,634160,40960,305840,0,0,0,11640,0,5110800,379640,126720,0,6610080,120480,6597400,0,0,24400,1899440,0,2228080,19760,15339440,487040,7120,139640,0,428760,6561920,570160,102960,0,227720,778080,1698240,3041160,98320,0,3040,3063200,0,0,0,0,8071880,1165640,1981040,833280,1484560,0,0,0,435360,147680,1718160,7474840,0,0,663200,1089640,0,0,1177160,1375080,0,0,89720,81840,0,0,193360,31280
RMH,0,0,0,0,4379120,0,0,0,0,0,0,0,0,0,0,0,0,0,1040,0,356320,595000,170360,355360,1666120,1694880,3688560,831120,1405720,2444240,3344360,0,0,0,21240,0,1009800,0,0,0,3403360,360,0,87280,0,0,161320,0,0,99080,200,0,0,2504720,0,640,0,0,2315520,7884200,1678640,1807720,1514880,8759600,1865280,12160,3515280,63720,6561920,1595360,157760,2127080,2732680,2430160,652960,916360,2997360,1125760,971440,1576680,3590560,0,0,0,0,1001440,0,2261480,1759520,0,0,0,0,9246080,0,0,4159640,0,58080,664680,649680,0,0,121160,79840,0,0,19720,0,0,0,0,0
SIAD,0,17320,0,2264080,1731840,0,0,0,0,0,178400,1000,0,0,0,0,0,1200,3178520,0,216440,9320,109120,0,382960,0,0,1019520,812680,404200,205160,199840,41040,276080,234640,0,2384200,51360,0,442080,1169600,560,357280,1243760,760,0,8120,202600,0,18160,3471320,566080,0,917040,2400,2228640,0,0,0,16400,163240,350720,2028080,3234000,1157000,0,0,78720,570160,157760,414080,3226880,3663160,3243760,6992600,60000,4012960,6926040,0,199800,579600,165360,92760,22640,162960,3474080,1045720,521040,0,0,0,0,2120,2113720,0,203440,691800,0,0,0,0,0,0,0,0,0,0,0,0,0,0,0,0
SIAV,94840,0,0,0,0,40280,0,0,0,0,0,0,0,164160,0,36800,0,6360,5616520,903960,0,31480,81520,177520,0,321200,4480560,0,966400,156360,137600,36800,0,9520,447120,30880,27480,0,43840,240,297120,733480,206160,1801760,31200,5480,136680,0,2400,0,2802600,364400,0,43640,129680,1184080,0,0,0,639040,77720,2860800,259480,1888640,2856800,0,0,167200,102960,2127080,3226880,0,5972120,4610680,3661360,2615920,101520,1829000,0,122560,1240,0,0,233200,970520,1666080,23680,47920,1022960,0,0,105800,9080,4350560,292240,69760,391840,0,0,0,0,0,0,0,0,0,80,0,0,0,0,0,0
SIBD,0,98440,120000,631840,1121200,322960,0,0,40,67680,165600,4240,447320,0,0,0,707840,234080,1495280,0,75560,1840,237120,215360,0,2585680,2186960,171480,712600,0,1039160,241560,191880,194320,1103360,0,995160,98760,801720,627640,908480,926560,729880,49840,320,0,157200,0,0,0,573840,1224800,1120,217160,360280,1892880,0,0,0,195920,114720,2237160,145560,3364360,790880,0,0,213160,0,2732680,3663160,5972120,103920,5729240,5641680,1654120,1686360,778560,0,134880,699280,343840,119200,199480,313440,880,8800,62440,271400,0,0,0,11440,2854840,265840,172360,1476240,0,0,0,0,0,0,0,115480,0,0,0,114720,0,0,0,3440
SIBV,268080,0,0,1243280,331000,2076560,0,0,31840,0,0,0,0,1379080,0,0,0,467760,5290960,53400,40720,260000,448480,140480,3113000,296080,655200,896440,60160,739360,1179200,46080,49640,473480,1153440,95040,645960,0,0,103840,960,2416960,2115160,262440,60960,85000,643320,0,483600,32800,698240,1286400,3120,691000,107800,1327280,0,0,0,387120,120080,272000,3207360,4550840,2087040,0,0,218880,227720,2430160,3243760,4610680,5729240,2587880,7830960,625360,65040,55760,3320,226040,450440,114880,0,59760,142480,129840,440440,221480,109800,0,0,892680,0,6574440,2179200,123840,2561080,0,0,0,0,6800,0,166720,0,0,0,132760,0,0,0,4360,0
SMBD,1088400,0,70480,1661200,2403920,0,0,0,80,0,0,0,0,0,0,158880,34480,5040,1463360,1027680,296520,0,16560,0,4179600,0,0,2939600,7159200,413800,1230160,0,38360,162640,1604560,0,880120,0,720,5060200,640120,175440,603440,340960,0,22400,75960,321200,43680,18480,1119960,480,800,2017920,75080,609160,3200,85720,757080,0,0,1548480,6434560,0,378040,1265120,0,0,778080,652960,6992600,3661360,5641680,7830960,612240,20552040,484640,130200,147360,0,745880,0,0,0,24760,3742960,730000,3643960,0,6800,0,212440,0,2656360,62720,182120,839520,1104840,0,490720,0,1313480,0,981200,7120,2052880,0,575600,0,1197760,0,140360,0
SMBV,4267760,2299600,145520,0,212240,0,1880,3920,1563840,0,0,0,0,180480,553920,2319200,0,0,456400,230840,0,788880,204680,393120,0,2299600,6066120,10288200,2774120,0,245200,153400,0,98720,434160,766160,0,0,821680,8093800,238480,214520,202640,689960,232640,16760,0,3000,0,12720,1301600,0,953560,1098440,519840,387520,0,279960,0,419360,691360,507000,361400,162960,4529080,0,0,1146720,1698240,916360,60000,2615920,1654120,625360,20552040,254200,361000,737760,0,211720,743680,939840,20880,916520,750560,1062560,106920,0,3545840,50160,0,83680,0,2656560,320120,1103600,949280,0,748960,0,145600,0,1151200,0,513640,0,1982080,0,601520,0,772280,0,152440
SMDD,0,0,0,81200,3719000,0,0,0,0,0,15920,0,0,0,0,0,0,0,0,120320,228080,11320,37880,2269680,904160,0,330480,5693000,15736760,513560,349840,19040,859920,0,360240,0,3188640,0,0,15840,4754600,0,138400,1922120,0,0,11040,0,2720,8960,14574560,3063240,0,19400,5880,10440480,0,0,993520,213200,100080,7360480,1619120,1840480,1140160,6202360,27760,1206880,3041160,2997360,4012960,101520,1686360,65040,484640,361000,1131280,16291800,172600,1384560,2270560,96320,37360,137720,1360,2102200,390800,2826480,2080,5000,0,5360,13920,3575920,0,9525160,323360,293000,248880,0,0,679200,154440,89680,0,957040,0,12160,0,109920,0,0,0
SMDV,0,0,0,0,2254640,12160,10080,0,0,0,0,0,309040,0,0,0,0,598400,1557120,9000,234080,75760,34480,2372840,8840,0,1400560,9030200,6203240,630200,0,0,240120,610440,836320,0,813120,25760,0,33240,5655040,155200,97440,2060880,960,2080,166960,0,0,0,16559680,2885880,0,73560,1000,9162360,0,0,260720,688880,493680,6636680,1723440,1417760,1129520,876400,221560,5941520,98320,1125760,6926040,1829000,778560,55760,130200,737760,16291800,2730680,1454280,153800,1194000,0,0,184080,845360,1598080,326480,0,2173200,0,0,0,37280,3495800,246640,5676080,434920,237200,137760,0,0,147760,566600,4440,21520,0,54200,0,54080,0,50600,0,17600
URAD,0,15040,0,0,0,0,0,0,0,14880,93400,21400,160,0,0,0,37160,11680,0,0,5373480,879440,0,0,1624800,0,0,0,0,0,999200,414640,4798560,0,3400,4800,0,58680,0,0,0,16200,0,0,77600,101680,0,0,159600,0,0,0,92880,0,273440,0,3343280,0,3247640,356000,22240,0,2116080,0,822520,1906160,6191400,1689320,0,971440,0,0,0,3320,147360,0,172600,1454280,0,1131240,0,99840,150080,129760,356400,0,0,4173040,0,0,0,340680,8320,565520,0,16400,0,5444160,0,2137200,8800,479840,0,27960,0,0,0,0,0,0,0,0,0
URAV,0,0,0,0,0,0,0,0,0,0,0,0,0,0,0,0,0,0,70120,0,0,600280,4859760,162520,0,1688720,0,34760,0,0,1209800,0,0,1951040,112400,0,269960,0,0,0,520,30080,0,82560,0,0,0,236800,272560,170520,0,632640,0,337400,1088920,54960,3613200,0,700600,505440,2393720,75160,1530920,0,2504160,2290000,6272840,3200240,3040,1576680,199800,122560,134880,226040,0,211720,1384560,153800,1131240,5040,0,0,0,0,0,57440,164080,0,1657280,480440,0,0,0,268240,0,209320,0,0,5004920,560,3034040,0,264640,0,2120,0,5520,0,0,0,0,0,0
ADE,0,1520,0,456280,1519440,207680,0,0,0,0,280,0,0,0,0,0,0,0,532920,2891880,0,1957600,0,170960,0,0,0,2307040,2105320,300760,3525840,32320,0,0,1750480,0,0,437040,0,0,3946880,0,211800,29600,47200,270840,0,1600,286920,219760,308120,0,102240,3229720,0,36800,0,0,26880,2463760,4880,1465640,240,4330440,0,0,4508680,0,3063200,3590560,579600,1240,699280,450440,745880,743680,2270560,1194000,0,0,5669200,0,143520,787960,496240,1105120,672480,134480,300840,0,0,467040,0,3280,0,1340800,175840,0,0,0,25920,0,0,36080,110200,0,0,0,0,0,0,0,0
AIM,5632680,375440,0,558800,100800,0,1190160,8709520,2551000,3840,4044560,2363640,0,0,126080,2119160,532800,0,0,8400,3040,278000,0,105040,28400,311600,30720,0,0,0,480400,222120,59960,435400,280360,8862400,2010960,0,482080,1589920,1637200,245920,965240,748880,1677120,637280,960,0,0,0,0,0,1522720,0,0,0,136400,51960,41080,28000,0,0,0,0,0,0,0,0,0,0,165360,0,343840,114880,0,939840,96320,0,99840,0,0,131760,367520,3131040,1278440,0,0,15440,0,0,0,98240,1958480,767960,206320,98560,2702120,0,0,0,0,0,0,0,0,0,0,0,0,0,0,0,0
ALA,0,2795680,0,3760,43120,0,26080,470200,0,932400,4369200,6302800,0,0,195760,0,0,0,0,0,20480,571720,0,142080,70800,0,0,0,6880,0,219920,405840,109040,0,0,410720,0,160,0,0,72400,0,262240,1348960,516000,0,0,0,0,0,0,0,0,0,0,0,46600,0,78480,343520,0,3200,0,0,0,0,0,0,0,0,92760,0,119200,0,0,20880,37360,0,150080,0,143520,367520,0,447680,1007560,0,0,30400,0,0,0,80,3408760,0,0,0,0,0,0,0,0,0,0,0,0,0,0,0,0,0,0,0,0
AVF,179920,457680,0,0,71800,0,295800,0,731880,0,2282840,218760,0,5520,1427240,1528040,0,0,0,0,64960,474280,0,301000,224960,0,300040,0,127040,0,254680,253640,86480,0,395680,192880,0,0,0,0,145760,170960,214000,329880,837600,3091920,0,0,0,0,0,0,1657200,0,0,31360,4389160,0,2880,89080,0,0,0,0,0,0,0,0,0,0,22640,233200,199480,59760,0,916520,137720,184080,129760,0,787960,3131040,447680,3537040,365080,52680,0,65360,333360,0,0,1637400,5443480,67160,111120,0,5109320,0,0,0,0,0,0,0,0,0,0,0,0,0,0,0,0
AVH,2955720,372480,0,539080,320,1982160,0,0,1174200,0,380640,0,0,371520,397960,721720,0,0,2673520,249920,324920,10200,0,0,93400,102720,2000,11960,16800,537560,0,2240480,209040,142760,1365960,14960,124360,921800,640,95600,1210080,3633760,1898400,57680,7424240,659480,3312080,4611080,246280,0,0,0,2473880,47520,0,269040,926200,3990880,72080,16560,0,634600,0,0,0,0,0,0,0,0,162960,970520,313440,142480,24760,750560,1360,845360,356400,0,496240,1278440,1007560,365080,144000,170680,0,254800,129440,144000,0,392240,0,881440,41600,0,6720,0,0,0,0,0,0,0,0,0,0,0,0,0,0,0,0
AVK,0,0,0,0,302160,639280,0,0,0,0,0,0,197200,0,0,0,0,0,0,73200,83760,0,186080,40880,130680,679040,323600,655880,96400,0,0,0,312480,419520,102880,0,3702360,0,0,1096040,907600,1296880,57000,5241520,43200,0,60960,1780840,0,13862720,51520,25000,0,6500680,8440,6350720,0,0,79520,59360,214240,1046240,0,8332320,0,312600,258240,79240,8071880,1001440,3474080,1666080,880,129840,3742960,1062560,2102200,1598080,0,57440,1105120,0,0,52680,170680,5882240,9405200,160,0,7768320,0,0,0,956960,9440,5182080,853760,0,0,0,0,0,0,0,0,0,0,0,0,0,0,0,0
AVL,0,0,0,0,0,8880,0,0,0,0,0,0,0,0,0,0,0,0,0,0,200200,0,227400,107600,118640,267920,0,13680,0,92440,48000,0,221200,636640,0,0,856200,0,0,0,41360,0,0,0,0,0,0,0,0,3550480,0,808920,0,1767080,156400,66720,0,447600,178520,0,97280,404920,45440,159560,0,458240,1704400,1190960,1165640,0,1045720,23680,8800,440440,730000,106920,390800,326480,0,164080,672480,0,0,0,0,9405200,0,0,0,18720,0,0,0,21440,8240,4469840,0,0,0,0,0,0,0,0,0,0,0,0,0,0,0,0,0
CEPD,0,0,85600,730400,107480,0,0,0,0,0,46560,0,329160,0,0,0,8880,80,0,0,3667640,0,0,2658560,2613880,0,0,0,0,0,2115560,4896480,536480,0,1090160,0,0,96400,0,0,60320,256680,260560,1833360,156000,71560,0,0,2789080,0,2782480,310960,117760,0,1832040,97440,335760,0,1080120,588440,0,153680,3061560,2370760,3717120,26040,0,53840,1981040,2261480,521040,47920,62440,221480,3643960,0,2826480,0,4173040,0,134480,15440,30400,65360,254800,160,0,170720,0,0,0,386200,0,2887680,0,2782960,2121920,864480,0,17960,0,965360,0,1124920,300640,1337760,0,848240,0,1632960,0,1405880,0
CEPV,0,0,0,1709520,0,0,0,129560,0,900240,784800,1080,319280,2600,0,0,423400,956320,0,0,0,0,3909320,2810440,0,1073800,1115200,0,0,605160,1269360,364160,0,90080,246280,0,0,364520,0,0,0,827280,37920,2310880,15200,343240,0,0,4047200,0,3145360,801520,194960,37760,7975440,156640,476840,0,0,93440,3625520,310240,3101440,4103720,549120,0,40,196480,833280,1759520,0,1022960,271400,109800,0,3545840,2080,2173200,0,1657280,300840,0,0,333360,129440,0,0,0,1106720,260200,0,482120,232320,4195680,0,4072640,507600,0,2111880,0,18800,0,676400,92000,1320840,0,1352000,0,431680,0,537160,0,1657800
DVC,0,0,0,0,0,947920,0,0,0,0,0,0,265040,0,0,0,0,1123520,43840,79920,993920,1097880,3055160,112080,216280,281080,0,1167520,1200,0,0,244920,904360,1642160,100480,0,4206200,0,0,962920,2067600,831000,73640,176880,0,0,0,911320,0,6326720,230800,3800640,0,8303280,1242920,574080,0,8160,101320,0,136640,1368760,0,62400,0,360320,489200,0,1484560,0,0,0,0,0,6800,50160,5000,0,0,480440,0,0,0,0,144000,7768320,18720,0,260200,0,0,0,0,0,473040,0,0,0,0,0,0,0,0,0,0,0,0,0,0,0,0,0,0
HSN,0,0,0,0,0,0,0,0,0,0,0,0,0,0,0,0,0,0,0,0,0,0,0,0,0,0,0,0,0,0,0,0,0,0,0,0,0,0,0,0,0,0,0,0,0,0,0,0,0,0,0,0,0,0,0,0,0,0,0,0,0,0,0,0,0,0,0,0,0,0,0,0,0,0,0,0,0,0,0,0,0,0,0,0,0,0,0,0,0,0,0,0,0,0,0,0,0,0,0,0,0,0,0,0,0,0,0,0,0,0,0,0,0
PVW,0,0,0,4736080,0,0,0,0,575040,0,0,0,0,6025520,0,0,0,0,388400,0,484440,350040,0,0,42840,0,55600,333920,32880,2540160,74240,2080,227120,63840,85680,0,0,0,0,0,0,1567640,240400,28880,2776760,11045760,151720,0,4047280,0,0,0,4706000,0,0,868960,1527000,0,377000,186520,0,0,0,0,0,0,0,0,0,0,0,105800,0,892680,212440,83680,5360,0,340680,0,467040,98240,80,1637400,392240,0,0,386200,482120,0,0,8678280,742600,480280,108400,0,2933800,0,0,0,0,0,0,2000,3680,0,0,920,0,0,0,0,0
PVQ,0,910800,0,0,0,0,825920,28320,136800,0,8344560,6410200,0,0,1452120,179200,0,0,0,0,0,1600,0,7800,15720,0,0,0,33400,0,3440,80,5640,0,504520,2628960,6080,0,0,0,0,0,42720,0,17200,2880240,880,0,0,0,0,0,968080,0,0,0,3808560,0,0,0,0,0,0,0,0,0,0,0,0,0,2120,9080,11440,0,0,0,13920,37280,8320,0,0,1958480,3408760,5443480,0,0,0,0,232320,0,0,742600,0,0,137440,0,3331680,0,0,0,0,0,0,0,0,0,0,0,0,0,0,0,0
RIC,0,0,0,127480,960,1767520,0,172720,427520,0,0,0,0,192040,0,0,0,0,968960,138720,609680,175480,361000,15840,2255560,1341160,2914880,386440,110040,2938880,2227520,1330360,394800,433680,6956440,281880,520440,0,0,711680,3297440,7237840,2314720,208800,986440,0,862880,280,2041680,0,0,0,0,0,0,1312760,489880,0,0,1999960,212400,3754320,627600,117640,177640,0,0,0,435360,9246080,2113720,4350560,2854840,6574440,2656360,2656560,3575920,3495800,565520,268240,3280,767960,0,67160,881440,956960,21440,2887680,4195680,0,0,480280,0,4784040,2598960,433640,1607040,0,0,0,0,0,0,0,0,720,0,0,0,4320,0,0,0
RID,0,0,249240,109280,0,247760,508560,0,402160,0,0,0,714680,216760,0,0,0,2524320,2309920,0,159280,0,195240,0,81400,76320,3520,0,292120,407040,3640,0,17200,56000,10160,149760,213680,5154080,0,285840,368240,1420960,2912480,90120,885880,4840,1528640,60240,0,199400,0,2296800,32320,2235080,57440,28320,0,19320,0,0,0,226520,0,0,128880,729080,0,233120,147680,0,0,292240,265840,2179200,62720,320120,0,246640,0,0,0,206320,0,111120,41600,9440,8240,0,0,473040,0,108400,137440,2598960,0,320,729320,0,0,0,0,0,0,0,0,0,0,0,0,0,0,0,0
RIS,0,0,0,0,0,0,0,0,359280,0,0,0,243680,1550400,0,0,0,0,0,924080,269360,0,290560,11040,611680,861960,3760,845840,0,574480,0,14080,831520,1369520,0,9520,1767840,0,1809160,13280,0,1580280,0,3516400,561840,0,215520,0,0,181000,170000,6116640,0,671040,2322280,4749080,0,302320,543360,1005200,189480,514520,525120,5157200,84040,2799440,3476560,3996360,1718160,0,203440,69760,172360,123840,182120,1103600,9525160,5676080,16400,209320,1340800,98560,0,0,0,5182080,4469840,2782960,4072640,0,0,0,0,433640,320,0,0,0,0,0,0,0,0,0,0,0,0,0,0,0,0,0,0
RMG,214640,435880,0,523120,4690400,0,0,0,1291320,0,6640,253640,0,145440,52320,225760,0,0,170880,0,0,102880,0,98880,0,0,5253280,1537520,561400,0,7280,1490840,0,0,1215120,418160,887120,0,0,0,521520,199840,228640,812800,131680,1986240,102400,0,0,276520,14960,0,2068640,179080,6400,181080,433960,0,0,300360,0,151040,2348280,9281520,4758800,0,0,0,7474840,4159640,691800,391840,1476240,2561080,839520,949280,323360,434920,0,0,175840,2702120,0,5109320,6720,853760,0,2121920,507600,0,0,2933800,3331680,1607040,729320,0,0,0,0,10040,164880,0,0,1196560,1740960,0,0,2777960,2231320,0,0,2693720,1828960
BWM01D,0,0,0,0,0,0,0,0,0,0,0,0,0,0,0,0,0,0,0,0,37200,0,0,0,0,0,0,0,0,0,0,0,0,0,0,0,0,0,0,0,0,0,0,0,0,0,0,0,0,0,0,0,0,0,0,0,79200,0,1027120,21040,0,0,2149520,0,695760,132520,157360,865680,0,0,0,0,0,0,1104840,0,293000,237200,5444160,0,0,0,0,0,0,0,0,864480,0,0,0,0,0,0,0,0,0,1480320,0,4393360,0,13072160,0,0,0,114720,0,0,0,0,0,0,0
BWM01V,0,0,0,0,0,0,0,0,0,0,0,0,0,0,0,0,0,0,0,0,0,0,37600,0,0,0,0,0,0,0,0,0,0,0,0,0,0,0,0,0,0,0,0,0,0,0,0,0,65440,0,0,0,0,0,0,0,90880,0,0,0,735680,1040,609200,0,2473760,1361200,245520,278840,0,58080,0,0,0,0,0,748960,248880,137760,0,5004920,0,0,0,0,0,0,0,0,2111880,0,0,0,0,0,0,0,0,0,1623720,0,7939080,0,13209280,0,67160,0,312160,0,0,0,0,0,197360
BWM02D,0,0,0,0,0,0,0,0,0,0,0,0,0,0,0,0,0,0,0,0,0,0,0,0,0,0,0,0,0,0,0,0,0,0,0,0,0,0,0,0,0,0,0,0,0,0,0,0,0,0,0,0,0,0,0,0,0,0,661240,228160,0,0,2344240,742880,640680,0,6275120,0,663200,664680,0,0,0,0,490720,0,0,0,2137200,560,0,0,0,0,0,0,0,17960,0,0,0,0,0,0,0,0,10040,4393360,0,0,11069240,69680,0,13731640,137480,0,0,399320,0,0,0,15120,0
BWM02V,0,0,0,0,0,0,0,0,0,0,0,0,0,0,0,0,0,0,0,0,0,0,0,0,0,0,0,0,0,0,0,0,0,0,0,0,0,0,0,0,0,0,0,0,0,0,0,0,15880,0,0,0,0,0,0,0,127720,0,0,735960,408560,0,734480,904480,2055160,190560,5856560,39600,1089640,649680,0,0,0,0,0,145600,0,0,8800,3034040,25920,0,0,0,0,0,0,0,18800,0,0,0,0,0,0,0,164880,0,7939080,11069240,0,0,87120,791360,10572320,0,0,0,204920,0,0,0,1360
BWM03D,0,0,0,0,0,0,0,0,0,0,0,0,0,0,0,0,0,0,0,0,0,0,0,0,0,0,0,0,0,0,0,0,0,0,0,0,0,0,0,0,0,0,0,0,0,0,0,0,15000,0,0,0,0,0,0,0,0,0,90680,0,0,0,3439200,0,141920,708400,32480,256960,0,0,0,0,0,6800,1313480,0,679200,147760,479840,0,0,0,0,0,0,0,0,965360,0,0,0,0,0,0,0,0,0,13072160,0,69680,0,1483800,0,0,0,7511600,0,0,0,43000,0,0,0
BWM03V,0,0,0,0,0,0,0,0,0,0,0,0,0,0,0,0,0,0,0,0,0,0,0,0,0,0,0,0,0,0,0,0,0,0,0,0,0,0,0,0,0,0,0,0,0,0,0,0,0,0,0,0,0,0,0,0,4000,0,0,0,60080,222440,148320,0,3319040,576480,880,1019760,0,0,0,0,0,0,0,1151200,154440,566600,0,264640,0,0,0,0,0,0,0,0,676400,0,0,0,0,0,0,0,0,0,13209280,0,87120,0,2076240,0,0,0,7930040,0,0,0,300320,0,0
BWM04D,0,0,0,560,61600,0,0,0,0,0,0,0,0,0,0,0,0,0,0,0,0,0,0,0,0,0,0,0,27680,0,0,0,0,0,0,0,0,0,0,0,0,0,0,0,0,0,0,0,50760,0,92960,0,0,0,0,541800,0,0,5680,0,0,0,2868400,2323560,54680,0,1066560,0,1177160,121160,0,0,0,166720,981200,0,89680,4440,27960,0,36080,0,0,0,0,0,0,1124920,92000,0,0,2000,0,0,0,0,1196560,0,0,13731640,791360,0,0,0,3119840,0,0,8224760,0,0,0,733600,0
BWM04V,0,0,0,600,0,0,0,0,0,0,0,0,0,0,0,0,0,0,0,0,0,0,0,0,0,14160,0,0,0,0,5000,0,0,0,0,0,0,0,0,0,0,0,0,0,0,0,0,0,115720,0,1840,0,0,0,0,808480,0,0,0,240,5360,26520,52280,2578400,2288400,0,316000,0,1375080,79840,0,0,115480,0,7120,513640,0,21520,0,2120,110200,0,0,0,0,0,0,300640,1320840,0,0,3680,0,0,0,0,1740960,0,67160,137480,10572320,0,0,3119840,0,0,0,54160,5562400,0,0,170000,214000
BWM05D,0,0,0,0,0,0,0,0,0,0,0,0,0,0,0,0,0,0,0,0,0,0,0,0,0,0,0,0,0,0,0,0,0,0,0,0,0,0,0,0,0,8680,0,0,0,0,0,0,35040,0,120,0,0,0,0,0,0,0,0,0,0,0,2355600,0,246680,547080,0,25000,0,0,0,0,0,0,2052880,0,957040,0,0,0,0,0,0,0,0,0,0,1337760,0,0,0,0,0,720,0,0,0,114720,0,0,0,7511600,0,0,0,360080,0,0,0,3614400,0,0,0
BWM05V,0,0,0,0,0,0,0,0,0,0,0,0,0,0,0,0,0,0,0,0,0,0,0,0,0,0,5160,74200,0,0,0,0,0,0,0,0,0,0,0,0,0,0,0,0,0,0,0,0,21640,0,0,0,0,0,0,0,0,0,0,0,0,742160,127720,0,1816520,3400,0,476960,0,0,0,80,0,0,0,1982080,0,54200,0,5520,0,0,0,0,0,0,0,0,1352000,0,0,0,0,0,0,0,0,0,312160,0,0,0,7930040,0,0,0,30000,0,0,0,2579360,0,0
BWM06D,0,0,0,0,45280,0,0,0,0,0,0,0,0,0,0,0,0,0,0,0,0,0,0,0,0,0,0,0,87360,0,0,0,0,0,0,0,0,0,0,0,0,0,0,0,0,0,0,0,16960,0,0,0,0,0,0,643120,0,0,0,0,0,0,162800,611600,0,0,0,0,89720,19720,0,0,0,132760,575600,0,12160,0,0,0,0,0,0,0,0,0,0,848240,0,0,0,920,0,0,0,0,2777960,0,0,399320,0,0,0,8224760,54160,0,0,0,0,0,0,4806440,0
BWM06V,0,0,0,0,0,0,0,0,0,0,0,0,0,0,0,0,0,0,0,0,0,0,0,0,0,0,83680,58720,0,0,0,0,0,0,0,0,0,0,0,0,0,0,0,0,0,0,0,0,1280,0,0,0,0,0,0,593640,0,0,0,0,0,130240,0,759800,563760,0,0,0,81840,0,0,0,114720,0,0,601520,0,54080,0,0,0,0,0,0,0,0,0,0,431680,0,0,0,0,0,0,0,2231320,0,0,0,204920,0,0,0,5562400,0,0,0,0,0,0,0,3164640
BWM07D,0,0,0,0,0,0,0,0,0,0,0,0,0,0,0,0,0,0,0,0,0,0,0,0,0,0,0,0,0,0,0,0,0,0,0,0,0,0,0,0,0,80,0,0,0,0,0,0,24800,0,0,0,0,0,0,0,0,0,0,0,0,0,146560,0,248560,214680,0,0,0,0,0,0,0,0,1197760,0,109920,0,0,0,0,0,0,0,0,0,0,1632960,0,0,0,0,0,4320,0,0,0,0,0,0,0,43000,0,0,0,3614400,0,0,0,320,0,0,0
BWM07V,0,0,0,0,0,0,0,0,0,0,0,0,0,0,0,0,0,0,0,0,0,0,0,0,0,0,0,224800,0,0,0,0,0,0,0,0,0,0,0,0,0,0,0,0,0,0,0,0,640,0,0,0,0,0,0,0,0,0,0,0,0,995920,90840,0,51080,0,0,96200,0,0,0,0,0,0,0,772280,0,50600,0,0,0,0,0,0,0,0,0,0,537160,0,0,0,0,0,0,0,0,0,0,0,0,0,300320,0,0,0,2579360,0,0,0,0,0,0
BWM08D,0,0,0,0,24440,0,0,0,0,0,0,0,0,0,0,0,0,0,0,0,0,0,0,0,0,0,0,0,0,0,0,0,0,0,0,0,0,0,0,0,0,0,0,0,0,0,0,0,52480,0,0,0,0,0,0,259520,0,0,0,0,0,0,0,45920,0,0,0,0,193360,0,0,0,0,4360,140360,0,0,0,0,0,0,0,0,0,0,0,0,1405880,0,0,0,0,0,0,0,0,2693720,0,0,15120,0,0,0,733600,170000,0,0,4806440,0,0,0,0,0
BWM08V,0,0,0,0,0,0,0,0,0,0,0,0,0,0,0,0,0,0,0,0,0,0,0,0,0,0,80440,0,0,0,0,0,0,0,0,0,0,0,0,0,0,0,0,0,0,0,0,0,57840,0,0,0,0,0,0,91400,0,0,0,0,0,8560,0,61400,0,0,0,0,31280,0,0,0,3440,0,0,152440,0,17600,0,0,0,0,0,0,0,0,0,0,1657800,0,0,0,0,0,0,0,1828960,0,197360,0,1360,0,0,0,214000,0,0,0,3164640,0,0,0,0
