pre,post,L1_0hr,L1_5hr,L1_8hr,L1_16hr,L2,L3,adult_tem,adult_sem,dauer_sem_1,dauer_sem_2,dauer_daf2
ADA,ADE,0,0,0,0,0,0,1,0,0,0,0
ADA,AIA,0,0,0,0,1,1,2,0,0,0,0
ADA,AIB,2,1,0,1,2,1,6,0,0,0,2
ADA,AIZ,0,0,0,1,0,0,0,0,0,0,0
ADA,AQR,0,0,0,0,0,0,0,0,1,0,0
ADA,ASH,0,2,0,0,2,1,0,0,0,1,0
ADA,AVA,3,4,5,1,2,9,3,6,11,20,7
ADA,AVB,5,8,9,10,21,25,28,46,26,27,22
ADA,AVD,2,2,0,2,0,2,1,1,4,2,2
ADA,AVE,0,0,0,1,2,0,4,1,1,0,0
ADA,AVH,0,0,1,0,0,1,0,0,0,1,0
ADA,AVJ,3,2,4,5,7,8,10,18,5,7,4
ADA,DVA,0,0,0,1,0,0,3,0,0,0,0
ADA,IL2D,0,0,0,0,1,0,0,0,1,0,0
ADA,OLQV,0,0,0,1,2,1,0,1,0,0,0
ADA,PVC,0,0,0,0,0,0,0,0,0,0,1
ADA,PVP,0,1,0,0,0,1,0,0,1,0,0
ADA,RIA,0,0,0,0,1,0,0,0,0,0,0
ADA,RIC,2,2,2,2,4,1,3,1,4,2,0
ADA,RID,0,1,0,0,0,0,0,0,0,0,0
ADA,RIF,0,0,0,0,0,0,1,0,1,0,0
ADA,RIM,2,4,5,5,10,8,13,11,5,7,4
ADA,RIP,0,0,1,4,4,5,8,13,0,0,0
ADA,RIV,0,0,0,0,0,0,0,0,0,1,0
ADA,RMF,0,0,0,0,0,0,1,4,0,0,0
ADA,SAAD,0,0,0,0,0,0,1,1,0,1,1
ADA,SAAV,0,0,0,1,0,0,0,0,1,0,0
ADA,SDQ,0,0,0,0,0,1,0,0,0,0,0
ADA,SIBD,0,0,0,0,0,0,0,0,1,0,0
ADA,SIBV,0,0,0,0,1,0,0,0,0,0,0
ADA,SMBD,0,0,0,0,0,0,0,0,1,0,0
ADA,SMBV,0,0,0,0,0,0,0,0,1,0,0
ADA,SMDD,0,1,0,0,0,0,0,0,1,0,0
ADA,SMDV,0,0,0,0,0,0,1,2,0,0,0
ADA,URAD,0,0,0,1,0,0,0,0,0,0,0
ADA,URAV,0,0,0,0,1,0,0,0,0,0,0
ADA,URX,0,0,0,0,0,0,2,0,0,0,0
ADE,ADA,1,3,1,0,1,3,2,2,0,0,0
ADE,ADE,0,1,2,0,2,4,9,7,2,6,2
ADE,AIN,0,0,0,0,0,1,0,2,0,0,0
ADE,ALM,0,0,0,0,0,1,1,1,0,0,0
ADE,ALN,0,0,0,0,0,0,2,2,0,0,0
ADE,AQR,0,0,0,2,0,0,3,0,2,0,0
ADE,ASJ,0,0,0,0,0,0,1,0,0,0,0
ADE,AVA,2,4,3,4,4,5,12,9,0,4,2
ADE,AVB,0,0,0,0,0,0,1,0,0,0,0
ADE,AVD,1,0,0,1,1,4,0,2,0,0,0
ADE,AVE,0,0,0,0,1,0,1,1,0,1,2
ADE,AVK,0,0,0,1,1,0,5,4,0,3,0
ADE,AVL,0,0,0,0,0,0,0,0,0,2,0
ADE,BDU,0,0,0,0,0,0,1,0,0,0,0
ADE,BWM04D,0,0,0,0,0,1,2,0,0,0,0
ADE,BWM04V,0,0,0,0,0,1,0,0,1,0,0
ADE,CEPD,0,0,0,0,0,1,3,3,0,0,1
ADE,CEPV,0,0,0,0,2,1,2,2,0,0,0
ADE,DVA,0,0,0,0,0,0,1,0,0,0,0
ADE,DVC,0,0,0,0,0,0,2,0,0,0,0
ADE,FLP,1,1,1,0,2,0,1,1,0,0,3
ADE,IL1L/R,0,0,0,0,1,2,8,5,0,1,0
ADE,IL2L/R,0,0,0,0,0,3,3,4,1,1,0
ADE,OLL,0,0,0,0,0,3,6,2,0,0,0
ADE,PVC,1,0,0,0,1,0,0,0,0,0,0
ADE,PVP,0,0,0,0,0,0,1,0,0,0,0
ADE,PVR,0,0,0,0,1,1,0,2,0,0,0
ADE,PVT,0,0,0,0,0,0,0,2,0,3,0
ADE,PVW,0,0,0,0,0,0,1,0,0,0,0
ADE,RIF,0,0,0,1,0,0,0,1,0,0,0
ADE,RIG,2,0,1,4,8,10,34,34,7,19,9
ADE,RIH,0,0,0,0,0,0,3,0,1,0,1
ADE,RIS,0,0,0,1,0,0,0,0,1,2,0
ADE,RIV,0,0,0,0,0,1,6,6,5,4,4
ADE,RMDD,0,0,0,0,0,0,0,2,0,0,0
ADE,RMDL/R,0,0,0,0,0,1,8,6,7,14,1
ADE,RMEL/R,0,0,0,0,0,0,1,0,12,8,0
ADE,RMF,0,0,0,0,0,0,7,5,0,1,2
ADE,RMG,0,0,0,0,0,0,1,0,0,0,1
ADE,RMH,0,0,0,0,0,1,2,2,5,2,1
ADE,SAAD,0,0,1,1,0,1,2,3,3,1,1
ADE,SAAV,0,0,0,0,0,0,1,1,0,1,0
ADE,SDQ,0,0,0,0,3,2,0,1,0,0,0
ADE,SIAD,0,0,0,0,0,0,0,1,0,1,0
ADE,SIBD,0,0,0,0,0,1,0,0,0,0,0
ADE,SIBV,0,0,0,0,0,0,2,0,0,2,0
ADE,SMBD,0,0,0,0,1,0,2,2,0,0,0
ADE,SMBV,0,0,0,0,0,0,1,1,0,0,0
ADE,SMDD,0,0,0,0,0,0,0,1,0,0,0
ADE,SMDV,0,0,0,1,0,0,0,1,0,0,0
ADE,URB,0,0,0,0,1,0,1,1,2,4,0
ADF,ADA,0,0,0,2,0,0,1,0,2,2,1
ADF,ADF,0,0,0,2,0,0,0,0,0,0,0
ADF,ADL,0,0,0,0,0,0,0,0,0,1,2
ADF,AFD,0,0,0,2,1,0,0,0,0,0,0
ADF,AIA,1,0,1,1,0,0,0,2,2,2,1
ADF,AIB,0,0,0,0,1,0,1,2,0,0,1
ADF,AIM,0,0,0,0,0,0,0,0,19,15,11
ADF,AIY,1,1,1,0,1,1,0,1,1,0,0
ADF,AIZ,10,9,10,12,17,11,19,31,20,18,18
ADF,ASE,2,0,1,0,1,0,2,0,0,0,1
ADF,ASG,0,0,0,0,0,0,1,0,0,0,0
ADF,ASH,0,0,1,1,1,0,0,1,0,5,1
ADF,AUA,4,3,3,4,8,7,13,3,9,5,4
ADF,AVA,0,0,0,0,0,0,0,0,0,1,0
ADF,AVB,0,0,0,0,0,0,0,0,2,1,2
ADF,AVE,0,0,0,0,0,0,0,0,0,0,1
ADF,AVF,0,0,0,0,0,0,0,0,2,1,1
ADF,AVH,1,3,0,0,1,0,2,1,4,5,1
ADF,AVJ,0,0,0,0,0,0,0,0,10,11,7
ADF,AWA,0,0,1,0,0,0,0,0,1,0,0
ADF,AWB,0,0,1,0,0,0,2,2,4,6,3
ADF,BAG,0,0,0,0,0,0,0,1,0,0,0
ADF,DVA,0,1,0,0,1,0,0,0,1,0,0
ADF,IL2L/R,0,0,0,0,0,0,0,0,0,1,0
ADF,OLQV,0,0,0,0,1,1,1,2,1,0,0
ADF,PVQ,0,0,0,0,0,0,1,0,0,0,0
ADF,RIA,4,7,8,15,20,19,35,29,14,12,3
ADF,RIC,0,0,0,0,0,0,1,0,0,0,0
ADF,RIF,0,0,0,0,0,0,0,0,4,4,2
ADF,RIG,0,0,0,1,4,5,9,7,0,0,0
ADF,RIH,0,0,0,0,0,0,0,1,0,1,0
ADF,RIM,0,0,0,1,0,0,0,0,0,0,0
ADF,RIP,0,0,0,0,0,0,0,0,3,6,2
ADF,RIR,0,3,0,2,4,0,6,7,3,2,2
ADF,SIBD,0,1,0,0,0,0,0,0,0,0,0
ADF,SIBV,0,1,0,0,1,1,1,1,0,2,0
ADF,SMBD,0,1,1,0,4,4,1,1,0,0,0
ADF,SMBV,0,1,3,5,7,6,12,8,1,1,2
ADF,URX,1,0,1,1,0,1,4,2,2,1,0
ADF,URYV,0,0,0,0,0,0,1,0,0,0,0
ADL,ADA,1,0,3,4,3,1,0,2,5,3,1
ADL,ADF,0,0,0,0,0,0,0,0,0,0,1
ADL,AIA,4,4,7,10,8,11,14,21,12,12,11
ADL,AIB,5,2,8,9,13,11,24,30,10,15,13
ADL,AIM,0,0,0,0,0,0,0,0,2,1,1
ADL,AIN,0,0,0,0,0,0,0,0,0,0,1
ADL,ALA,0,0,0,0,0,0,0,0,2,0,0
ADL,ASE,1,0,4,0,5,3,10,3,1,3,1
ADL,ASG,0,0,0,0,0,0,0,1,0,0,0
ADL,ASH,0,0,1,4,6,3,11,12,1,0,2
ADL,ASI,0,0,0,0,0,0,0,0,3,2,2
ADL,ASJ,0,0,0,1,0,0,0,0,0,0,0
ADL,ASK,8,5,6,9,6,5,2,5,4,1,6
ADL,AVA,0,0,0,7,2,4,10,30,6,6,0
ADL,AVB,0,0,0,0,0,1,2,1,0,0,0
ADL,AVD,0,2,4,5,14,9,14,26,10,10,4
ADL,AVE,0,0,0,0,0,1,2,1,0,0,0
ADL,AVH,0,0,0,0,0,0,0,1,0,0,0
ADL,AVJ,0,2,2,2,8,5,8,5,2,2,2
ADL,AWA,0,0,0,0,0,0,0,2,1,0,0
ADL,AWB,0,0,0,0,0,0,1,2,0,0,0
ADL,AWC,3,1,5,4,7,8,8,13,5,4,10
ADL,BDU,0,0,0,0,0,0,0,0,0,0,1
ADL,HSN,0,0,0,0,0,0,2,0,0,0,0
ADL,IL1L/R,0,0,0,0,0,0,0,0,2,0,0
ADL,IL2L/R,0,0,0,0,0,0,0,0,1,0,0
ADL,OLL,0,2,0,1,0,0,0,0,1,0,0
ADL,OLQV,0,0,0,0,2,0,0,2,0,0,0
ADL,PVC,0,0,0,0,0,2,0,2,0,0,1
ADL,PVP,0,0,0,0,0,1,1,0,0,0,0
ADL,PVQ,1,0,0,0,1,0,2,0,0,0,0
ADL,PVW,0,0,0,0,0,0,1,0,0,0,0
ADL,RIP,0,0,0,0,0,0,0,0,0,0,2
ADL,RIR,0,0,0,0,0,0,0,0,0,0,1
ADL,SIAD,0,0,1,0,0,0,0,0,0,0,0
ADL,SIBD,0,0,1,1,0,0,2,0,0,0,0
ADL,SMBV,0,1,0,0,1,1,6,10,1,1,0
ADL,URB,0,0,0,0,1,0,0,0,0,0,0
ADL,URYV,0,0,0,0,0,0,0,1,0,0,0
AFD,ADF,1,0,0,0,1,0,0,0,1,0,1
AFD,AIA,0,0,0,0,0,0,0,0,0,1,2
AFD,AIB,0,0,1,0,0,0,0,0,0,0,0
AFD,AIN,0,0,0,0,0,0,0,1,0,0,1
AFD,AIY,6,5,8,11,16,15,27,20,24,21,20
AFD,AIZ,0,0,0,1,1,0,0,1,0,0,0
AFD,ASE,0,0,1,0,1,1,2,1,2,2,6
AFD,AUA,0,0,0,0,1,0,0,0,1,0,2
AFD,AWA,0,0,0,1,0,1,0,0,1,0,4
AFD,AWB,0,0,0,0,0,0,0,1,0,0,0
AFD,AWC,0,0,1,0,0,0,0,0,1,0,0
AFD,BAG,0,0,0,3,1,0,0,3,0,0,0
AFD,IL2L/R,0,0,0,0,0,0,0,0,0,0,1
AIA,ADA,0,1,4,0,1,5,4,5,6,11,7
AIA,ADF,0,1,0,0,1,0,0,0,0,0,0
AIA,ADL,0,0,0,1,0,1,2,7,2,3,4
AIA,AFD,0,0,0,0,0,0,0,0,0,0,2
AIA,AIA,0,0,0,0,0,0,0,0,1,0,0
AIA,AIB,5,10,14,17,21,21,25,35,22,22,21
AIA,AIM,0,0,0,0,0,0,0,0,1,1,2
AIA,AIN,0,0,0,0,0,1,0,0,0,0,2
AIA,AIY,0,0,0,0,1,0,0,0,1,1,0
AIA,AIZ,0,0,0,2,3,3,0,0,4,2,1
AIA,ASE,1,0,0,1,1,0,2,1,4,2,8
AIA,ASG,0,0,1,0,1,2,2,3,0,0,1
AIA,ASH,1,1,2,3,2,0,1,0,4,0,6
AIA,ASI,0,0,0,0,1,0,2,1,0,0,1
AIA,ASK,4,5,6,5,2,4,5,3,1,0,3
AIA,AVA,0,0,0,0,0,0,0,0,0,0,2
AIA,AVH,0,0,0,0,0,0,0,0,0,0,1
AIA,AVJ,0,0,0,0,0,0,0,0,1,0,1
AIA,AWA,0,0,0,1,0,0,1,0,1,0,2
AIA,AWB,1,0,0,0,0,0,0,0,0,0,0
AIA,AWC,1,1,7,6,13,8,13,21,8,14,2
AIA,BDU,0,0,0,0,0,0,0,0,0,1,0
AIA,HSN,0,0,0,0,0,0,2,0,0,0,0
AIA,PVQ,0,1,1,0,0,0,0,1,0,0,1
AIA,RIF,2,4,4,2,3,2,3,3,3,3,0
AIA,RIM,0,0,0,0,0,0,0,0,1,1,0
AIA,RIP,0,0,0,0,0,0,0,0,0,1,1
AIA,RIR,0,0,0,0,0,0,0,0,3,1,1
AIA,SMBV,0,0,0,0,0,0,0,0,1,0,0
AIB,ADA,0,0,0,0,0,0,2,0,0,0,3
AIB,ADL,0,0,0,0,0,0,0,1,0,0,0
AIB,AIA,0,0,0,0,0,0,0,1,0,0,0
AIB,AIB,0,0,0,0,0,0,0,2,0,0,1
AIB,AIY,0,0,0,0,0,0,0,1,0,0,0
AIB,AIZ,0,0,0,0,1,0,0,2,7,4,7
AIB,AQR,0,0,0,0,0,0,1,0,0,0,0
AIB,AUA,0,0,0,0,0,0,1,4,0,0,1
AIB,AVA,0,0,0,1,1,0,9,7,3,4,3
AIB,AVB,5,6,8,9,10,13,17,14,9,11,10
AIB,AVD,0,0,0,0,0,0,0,0,1,0,0
AIB,AVE,4,2,1,0,2,0,2,3,6,4,3
AIB,AVK,0,0,0,0,0,0,0,1,3,0,0
AIB,BAG,0,1,0,0,0,1,1,2,1,1,0
AIB,DVA,0,0,0,0,0,1,2,1,0,0,0
AIB,DVC,0,0,0,0,0,0,1,0,0,0,0
AIB,FLP,0,0,0,0,0,0,0,0,1,0,0
AIB,IL2V,0,0,0,0,0,0,0,0,1,0,0
AIB,PVP,0,1,0,0,0,0,0,0,1,0,0
AIB,RIA,0,0,0,0,0,0,1,1,0,0,0
AIB,RIB,5,7,6,10,11,9,15,22,12,8,11
AIB,RID,0,0,0,0,0,0,0,0,2,0,0
AIB,RIG,0,0,1,0,0,0,1,4,3,0,1
AIB,RIM,12,17,19,19,27,31,53,43,24,25,24
AIB,RIS,0,0,0,0,0,0,0,0,0,0,1
AIB,RIV,0,0,0,1,0,0,1,1,0,0,1
AIB,RMED,0,0,0,0,0,0,0,0,1,0,0
AIB,RMEV,0,0,0,1,0,0,0,0,0,0,0
AIB,RMF,0,0,0,0,0,1,2,4,0,3,0
AIB,SAAD,1,0,2,2,2,1,8,5,3,1,2
AIB,SAAV,0,0,0,0,0,1,2,4,0,0,4
AIB,SIAD,1,0,0,0,0,2,1,0,1,0,2
AIB,SIAV,0,0,0,0,0,0,0,0,1,0,0
AIB,SIBD,0,0,0,0,0,0,0,0,0,0,1
AIB,SIBV,0,0,0,0,0,0,1,1,0,0,0
AIB,SMBD,0,0,0,0,1,0,0,0,2,0,1
AIB,SMDD,4,6,6,5,8,9,6,11,5,6,8
AIB,SMDV,2,4,4,6,5,8,18,13,8,6,5
AIB,URYD,0,0,0,0,0,0,0,0,2,0,0
AIM,ADA,0,0,0,0,0,0,1,2,2,0,1
AIM,ADF,0,0,0,0,0,0,0,0,0,0,1
AIM,ADL,0,0,0,0,0,0,0,0,0,1,1
AIM,AIA,6,9,9,6,10,12,15,19,10,6,3
AIM,AIB,0,0,0,0,1,0,0,0,9,5,1
AIM,AIM,0,0,0,1,0,0,2,1,0,0,0
AIM,AIY,0,0,0,0,0,0,1,0,0,0,1
AIM,AIZ,0,0,0,0,0,0,1,3,0,0,1
AIM,ALM,0,0,0,2,3,0,1,2,3,1,1
AIM,ASG,4,9,5,5,7,8,13,14,0,0,0
AIM,ASH,0,0,1,2,0,0,4,2,1,1,2
AIM,ASI,0,0,0,0,1,0,0,0,0,0,0
AIM,ASJ,3,5,0,1,0,4,1,4,2,1,0
AIM,ASK,1,1,1,2,5,4,6,8,1,0,0
AIM,AVA,0,0,0,0,0,0,1,1,8,19,14
AIM,AVB,0,0,0,1,0,1,3,3,7,4,6
AIM,AVD,0,0,0,1,2,0,2,3,14,11,8
AIM,AVE,0,0,0,0,1,0,0,0,5,3,2
AIM,AVF,0,0,0,0,6,6,10,7,1,0,2
AIM,AVH,0,0,0,0,0,1,0,0,1,0,1
AIM,AVJ,0,0,0,0,0,0,1,2,6,3,3
AIM,AWB,0,0,0,0,0,1,2,2,1,0,0
AIM,AWC,1,0,0,0,0,0,0,0,0,0,0
AIM,CEPV,0,0,0,0,0,0,1,1,0,0,0
AIM,HSN,0,0,0,0,0,0,3,0,0,0,0
AIM,PVP,0,0,0,0,0,0,0,0,0,1,0
AIM,PVQ,0,0,1,0,0,0,0,0,0,0,0
AIM,PVW,0,0,0,0,0,0,2,0,0,0,0
AIM,RIC,0,0,0,0,0,0,1,0,0,0,0
AIM,RID,0,0,0,0,0,0,2,0,0,0,0
AIM,RIF,0,0,0,0,0,0,2,4,3,1,1
AIM,RMG,0,0,0,0,0,1,1,1,1,0,2
AIM,SDQ,0,0,0,0,0,0,1,0,0,0,0
AIM,SIAD,0,0,0,0,0,0,1,1,0,1,0
AIM,SIBD,0,0,0,1,2,1,0,1,0,1,0
AIM,SMBD,0,0,0,0,0,1,1,1,0,0,0
AIM,SMBV,0,0,0,0,0,0,1,1,2,1,0
AIM,SMDD,0,0,0,0,1,0,0,0,0,0,0
AIM,URB,0,0,0,0,0,0,0,0,0,0,1
AIM,URX,0,0,0,0,1,1,1,0,1,0,0
AIM,URYD,0,0,0,0,0,0,0,0,1,0,1
AIM,URYV,0,0,0,0,0,0,0,0,0,1,0
AIN,ADF,0,1,0,0,0,0,0,0,0,0,0
AIN,AFD,5,5,8,9,10,9,16,17,5,9,5
AIN,AIA,1,1,0,0,0,0,0,1,1,1,2
AIN,AIB,1,2,0,0,0,0,4,2,1,1,1
AIN,AIN,0,1,0,0,0,2,0,1,1,0,0
AIN,AIY,0,0,0,0,0,0,0,1,0,0,0
AIN,ASE,1,1,4,1,0,1,3,3,6,4,3
AIN,ASG,1,1,0,0,0,0,0,0,0,1,0
AIN,ASI,0,0,0,0,0,0,0,0,1,0,0
AIN,ASJ,0,0,0,0,0,0,0,0,0,0,1
AIN,ASK,0,0,0,0,0,0,0,0,0,0,3
AIN,AUA,3,4,4,4,8,6,7,5,3,2,8
AIN,AVA,0,0,0,0,0,0,0,1,0,0,2
AIN,AVE,0,0,0,0,0,0,0,0,2,0,2
AIN,AWC,0,2,0,2,0,0,1,0,2,0,3
AIN,BAG,3,1,4,7,5,12,19,16,18,14,12
AIN,BWM03V,0,0,0,0,0,0,0,0,0,0,2
AIN,CEPD,0,0,0,0,0,0,0,0,0,0,1
AIN,CEPV,1,0,0,1,1,1,3,5,0,0,2
AIN,IL2D,0,0,0,0,0,0,0,0,0,0,1
AIN,IL2L/R,0,0,0,0,1,0,0,0,0,0,0
AIN,PVQ,0,0,0,0,0,0,0,0,0,0,3
AIN,RIA,0,0,0,0,0,0,1,0,0,0,1
AIN,RIB,2,0,1,3,5,7,15,13,14,12,19
AIN,RID,0,1,1,2,1,0,1,5,3,4,4
AIN,RIM,0,0,0,0,1,0,4,2,1,0,0
AIN,RIP,0,0,0,0,0,0,0,0,0,0,2
AIN,RMF,0,0,0,0,0,0,0,2,10,9,6
AIN,URX,0,0,0,0,0,0,1,0,0,0,0
AIY,ADF,3,6,2,2,0,0,2,1,1,1,0
AIY,AFD,0,0,0,2,1,1,2,1,0,3,1
AIY,AIA,0,1,0,0,0,0,0,0,0,0,0
AIY,AIB,0,0,0,0,0,0,1,2,0,0,0
AIY,AIY,0,0,0,0,0,1,1,0,0,0,0
AIY,AIZ,8,12,12,14,23,21,26,23,25,26,12
AIY,ASE,0,0,1,0,0,0,4,3,3,0,1
AIY,AUA,1,0,0,1,0,0,0,3,2,0,2
AIY,AVB,0,0,0,0,0,0,0,1,1,1,0
AIY,AWA,0,1,0,0,2,3,1,3,2,1,1
AIY,AWB,0,1,2,0,1,1,0,2,0,0,0
AIY,AWC,0,0,0,0,0,0,1,0,2,3,0
AIY,BAG,2,0,1,6,3,0,1,3,2,0,0
AIY,DVA,0,0,0,0,0,0,0,0,1,1,0
AIY,RIA,3,6,5,6,10,7,11,6,8,8,6
AIY,RIB,5,9,6,8,8,7,12,12,9,9,9
AIY,RIH,0,0,0,0,0,0,0,0,0,2,1
AIY,RIM,0,0,0,0,0,0,0,1,1,1,0
AIY,RIR,0,1,0,0,0,2,1,0,3,3,2
AIY,RIV,0,1,0,0,0,0,0,0,0,0,0
AIY,SIBD,1,1,0,0,0,0,0,0,0,0,0
AIY,URX,0,0,0,0,0,0,0,0,1,0,0
AIZ,ADF,2,0,0,4,1,2,1,0,1,1,0
AIZ,AFD,0,0,0,0,0,0,1,0,1,0,0
AIZ,AIA,2,2,2,6,6,9,10,22,16,13,8
AIZ,AIB,8,12,11,21,29,34,46,73,24,26,29
AIZ,AIM,0,0,0,0,0,0,0,0,2,1,0
AIZ,AIN,0,0,0,0,0,0,0,0,1,0,0
AIZ,AIY,0,0,0,0,1,1,0,1,0,1,0
AIZ,AIZ,0,0,0,0,1,0,0,1,1,1,0
AIZ,ASE,1,1,0,0,3,4,3,3,6,7,3
AIZ,ASG,0,0,0,0,0,0,0,1,1,1,0
AIZ,ASH,0,0,0,0,0,0,0,0,0,0,1
AIZ,AUA,0,0,0,0,1,0,0,0,0,0,0
AIZ,AVA,0,0,0,1,1,0,0,1,0,0,2
AIZ,AVD,0,0,0,0,0,0,0,1,0,0,0
AIZ,AVE,4,3,4,5,8,11,24,20,4,9,5
AIZ,AVH,0,0,0,0,0,1,0,0,0,0,0
AIZ,AVK,0,0,0,0,0,1,0,0,1,0,0
AIZ,AWA,0,0,0,0,0,1,2,1,1,1,0
AIZ,AWB,0,1,0,1,0,1,1,2,0,3,0
AIZ,AWC,0,0,0,0,1,0,3,3,5,2,2
AIZ,BAG,0,0,0,1,0,1,2,2,0,0,0
AIZ,DVA,0,0,0,0,0,0,1,1,1,1,0
AIZ,RIA,5,7,4,12,15,17,24,20,20,22,14
AIZ,RIB,1,1,1,1,1,0,0,0,0,0,0
AIZ,RID,0,0,0,0,0,0,0,1,0,0,0
AIZ,RIG,0,0,0,0,0,0,0,0,2,0,1
AIZ,RIH,0,0,0,0,0,0,0,1,1,0,1
AIZ,RIM,7,11,8,14,20,17,24,40,8,8,16
AIZ,SIBD,0,1,0,0,0,0,0,0,0,1,0
AIZ,SMBD,5,6,6,13,14,19,28,22,18,22,11
AIZ,SMBV,5,6,5,16,18,21,28,27,23,20,13
AIZ,SMDD,0,0,0,0,0,0,0,0,1,0,2
AIZ,SMDV,0,0,0,3,0,0,0,0,0,0,7
AIZ,URYD,0,0,0,0,0,0,1,0,0,0,0
ALA,ADA,0,0,0,0,0,0,0,0,0,0,1
ALA,ADL,0,0,0,0,0,0,1,1,6,1,6
ALA,AIA,0,0,0,0,0,0,0,0,2,2,1
ALA,ASG,0,0,0,0,0,0,0,0,0,0,1
ALA,ASI,0,0,0,0,0,0,0,0,1,0,3
ALA,ASJ,0,0,0,2,1,0,0,0,4,4,1
ALA,ASK,0,0,0,0,0,0,0,0,9,7,10
ALA,AVA,0,0,0,0,0,0,0,1,0,0,0
ALA,AVD,0,0,0,0,0,0,0,0,1,0,1
ALA,AVE,2,3,3,4,4,3,7,4,2,2,1
ALA,AVF,0,0,0,0,0,0,0,0,3,0,0
ALA,AVH,0,0,0,0,0,0,0,0,3,0,0
ALA,AVJ,0,0,0,0,0,0,0,0,5,3,1
ALA,AWA,0,0,0,0,0,0,0,0,0,0,1
ALA,AWC,0,0,0,0,0,0,0,0,0,0,5
ALA,BDU,0,0,0,0,0,0,1,0,0,0,0
ALA,BWM01D,0,0,0,0,0,0,0,0,0,0,1
ALA,IL1D,0,0,0,0,0,0,0,0,0,1,0
ALA,IL1L/R,1,0,0,2,0,0,0,0,0,0,2
ALA,IL2D,0,0,0,0,0,0,0,0,6,1,2
ALA,IL2L/R,0,0,0,2,0,0,0,0,1,2,0
ALA,OLL,0,0,0,0,0,0,0,0,0,1,0
ALA,PVQ,0,0,0,0,0,0,0,0,5,3,3
ALA,PVW,0,0,0,0,0,0,1,0,0,0,0
ALA,RIF,0,0,0,0,0,0,0,0,1,0,0
ALA,RIP,0,0,0,0,0,0,0,0,0,0,2
ALA,URB,0,0,0,0,0,0,0,0,1,2,1
ALA,URX,0,0,0,0,0,0,0,0,2,0,1
ALM,ADA,0,0,0,0,1,0,0,0,0,1,0
ALM,ADE,0,0,0,0,0,0,0,2,0,0,0
ALM,AIM,0,0,0,0,1,0,0,0,0,0,0
ALM,AIN,0,0,0,0,0,0,0,0,0,1,0
ALM,ALN,0,0,0,0,0,0,1,0,0,0,0
ALM,AVB,0,0,0,1,1,1,1,0,0,0,0
ALM,AVD,0,0,0,0,0,3,1,5,2,8,3
ALM,AVE,0,0,0,0,1,0,0,0,1,0,0
ALM,AVF,0,0,0,0,1,0,0,0,0,0,0
ALM,AVJ,0,0,0,0,0,0,0,0,3,1,4
ALM,AVM,0,0,0,0,0,0,0,1,3,0,0
ALM,BDU,2,2,4,6,9,11,16,15,3,3,2
ALM,CEPD,1,3,1,2,5,5,5,8,3,2,5
ALM,CEPV,0,0,3,5,5,6,9,9,6,4,2
ALM,IL2L/R,0,0,0,0,1,0,0,0,0,0,0
ALM,PVC,0,0,0,2,2,9,12,17,3,4,1
ALM,PVR,2,0,2,0,1,0,2,0,0,0,0
ALM,PVW,0,0,0,0,0,0,2,2,0,1,0
ALM,RID,0,0,0,0,1,0,0,1,1,1,0
ALM,RIF,0,1,0,2,1,2,0,2,0,0,0
ALM,RIP,0,0,0,0,0,0,0,0,0,1,0
ALM,RMDD,0,0,0,0,0,0,1,0,0,0,0
ALM,RMG,0,0,0,0,1,0,0,0,0,0,0
ALM,SDQ,0,0,0,0,2,4,1,0,1,1,0
ALM,SIBD,0,0,0,0,0,0,0,0,0,1,0
ALM,SMBD,0,0,0,0,0,0,1,0,0,0,0
ALM,URB,0,0,1,0,0,0,0,0,0,0,0
ALM,URX,0,0,0,0,0,0,0,0,1,0,0
ALN,ADE,0,0,0,0,0,0,0,1,1,0,0
ALN,AVA,0,0,0,0,0,2,0,2,1,0,1
ALN,AVK,0,0,0,0,0,0,0,0,0,1,0
ALN,BWM04D,0,0,0,0,0,0,0,1,0,0,0
ALN,BWM06D,0,0,0,0,0,0,1,0,0,0,0
ALN,RIA,0,0,0,0,1,0,1,1,2,0,0
ALN,RIC,0,0,0,0,0,0,0,0,0,0,1
ALN,RIG,0,0,0,0,0,0,1,0,0,0,0
ALN,RIM,0,0,0,0,0,0,0,0,1,1,0
ALN,RIV,0,0,0,0,0,1,4,1,0,1,1
ALN,RMDL/R,0,0,0,0,0,0,0,0,0,1,0
ALN,RMDV,0,0,0,0,0,0,0,0,1,0,1
ALN,RMF,0,0,0,0,0,0,0,0,1,1,0
ALN,RMG,0,0,0,0,0,0,2,1,3,2,2
ALN,RMH,0,0,0,0,0,0,1,0,0,0,1
ALN,SAAD,0,0,0,0,0,0,1,0,1,2,2
ALN,SAAV,0,0,0,0,3,8,20,19,10,15,2
ALN,SIBD,0,0,0,0,0,0,0,0,1,0,0
ALN,SIBV,0,0,0,0,0,0,0,0,1,0,0
ALN,SMBD,0,0,0,0,2,5,8,8,2,9,1
ALN,SMDD,0,0,0,0,0,0,1,1,3,0,0
ALN,SMDV,0,0,0,0,1,0,3,2,2,2,1
AQR,ADA,0,0,0,1,0,0,0,0,0,0,1
AQR,ADE,0,0,0,1,0,3,1,0,0,0,0
AQR,AIB,0,0,0,1,0,0,1,1,0,0,0
AQR,ASH,0,0,0,0,0,0,0,0,1,0,1
AQR,AUA,0,0,0,0,0,0,0,1,0,0,0
AQR,AVA,0,0,0,4,12,11,8,12,10,11,9
AQR,AVB,0,0,0,3,13,6,11,5,8,5,6
AQR,AVD,0,0,0,2,1,1,2,3,0,0,6
AQR,AVH,0,0,0,0,0,0,1,0,0,0,0
AQR,AVJ,0,0,0,0,0,0,0,0,2,0,0
AQR,BAG,0,0,0,0,3,5,8,11,2,0,6
AQR,BDU,0,0,0,0,0,0,0,0,1,0,0
AQR,DVA,0,0,0,0,0,1,2,0,1,2,0
AQR,FLP,0,0,0,0,0,0,0,1,0,0,0
AQR,IL1V,0,0,0,0,0,0,0,1,0,0,0
AQR,PVC,0,0,0,2,6,4,6,10,7,8,0
AQR,PVP,0,0,0,0,1,1,0,3,0,1,0
AQR,PVW,0,0,0,0,0,0,0,0,2,0,0
AQR,RIA,0,0,0,1,2,5,10,17,1,0,1
AQR,RIB,0,0,0,0,1,0,0,0,0,0,2
AQR,RIC,0,0,0,0,0,0,0,0,0,0,1
AQR,RIG,0,0,0,0,2,0,0,0,0,0,7
AQR,RIR,0,0,0,1,1,1,3,9,0,0,0
AQR,SAAV,0,0,0,0,0,0,0,0,0,0,1
AQR,SDQ,0,0,0,0,0,0,1,0,0,0,0
AQR,SIBV,0,0,0,0,0,0,0,0,0,0,1
ASE,ADA,0,0,0,0,0,0,0,0,1,3,1
ASE,ADF,0,0,0,0,0,0,0,0,1,1,1
ASE,ADL,0,0,1,0,0,0,2,2,1,2,0
ASE,AFD,1,1,1,3,6,5,8,8,10,6,8
ASE,AIA,0,1,0,1,4,6,5,2,9,8,5
ASE,AIB,14,14,18,18,26,22,40,37,26,25,20
ASE,AIM,0,0,0,0,0,0,0,0,1,0,0
ASE,AIN,0,0,0,0,1,0,1,1,3,0,0
ASE,AIY,19,15,18,21,38,32,47,49,37,35,36
ASE,AIZ,1,1,0,1,4,1,1,1,13,6,6
ASE,ASE,0,0,0,1,1,1,2,0,2,1,2
ASE,ASG,0,0,0,0,0,0,0,2,1,0,0
ASE,ASH,0,0,0,0,0,0,0,0,0,1,1
ASE,ASI,1,0,0,0,0,0,1,1,1,0,0
ASE,ASJ,0,0,0,0,0,0,0,0,1,0,0
ASE,ASK,0,0,0,0,0,0,0,0,2,1,0
ASE,AUA,0,0,0,0,0,0,0,0,1,0,0
ASE,AWA,0,0,1,0,0,0,2,1,3,1,3
ASE,AWC,3,4,4,7,13,5,11,15,12,3,4
ASE,BAG,0,0,2,0,1,0,1,2,1,0,0
ASE,DVA,0,0,0,0,0,0,0,0,0,0,2
ASE,HSN,0,0,0,0,0,0,1,0,0,0,0
ASE,PVQ,0,0,0,0,0,0,1,0,0,0,0
ASE,RIA,0,0,0,0,0,0,5,1,4,0,1
ASE,RIP,0,0,0,0,0,0,0,0,0,0,1
ASE,RIR,0,0,0,0,0,0,0,0,15,9,7
ASE,URX,0,0,0,0,0,0,0,0,0,0,1
ASG,AIA,7,7,9,13,17,13,29,19,2,1,0
ASG,AIB,0,1,1,1,2,6,7,4,0,0,0
ASG,AIM,3,3,3,3,2,0,2,3,3,0,0
ASG,AIZ,0,0,0,0,0,0,0,1,0,0,0
ASG,ASE,0,1,0,0,1,0,0,0,0,0,0
ASG,ASI,0,0,0,0,0,0,0,0,21,19,12
ASG,ASJ,1,0,0,0,0,0,1,1,0,0,0
ASG,ASK,0,0,0,0,0,0,0,0,1,0,0
ASG,AVF,0,0,0,0,0,0,0,0,0,0,1
ASG,AWC,0,0,2,0,0,0,1,0,1,0,0
ASG,CEPV,0,0,0,0,0,0,0,1,0,0,0
ASH,ADA,2,2,3,4,5,5,6,5,4,4,1
ASH,ADF,0,1,2,0,6,4,4,1,2,1,6
ASH,ADL,0,0,0,0,2,0,3,7,1,0,1
ASH,AIA,4,7,7,10,16,20,28,25,13,17,15
ASH,AIB,3,7,6,3,11,15,14,14,5,5,5
ASH,AIM,0,0,0,0,0,0,0,1,3,0,2
ASH,AIY,0,0,0,0,0,0,2,1,1,0,0
ASH,AIZ,0,1,0,0,0,0,0,1,1,0,0
ASH,ALM,0,0,1,0,0,0,0,0,0,0,0
ASH,AQR,0,0,0,0,0,0,0,0,0,0,1
ASH,ASE,0,0,1,0,0,0,0,0,0,0,0
ASH,ASH,0,0,0,0,0,0,1,0,1,0,2
ASH,ASJ,0,0,0,0,0,0,0,0,0,0,1
ASH,ASK,0,1,2,3,1,0,1,0,0,0,1
ASH,AVA,0,1,4,17,5,12,14,36,12,20,15
ASH,AVB,3,2,4,10,13,13,23,22,3,1,2
ASH,AVD,2,2,6,8,13,15,22,24,14,22,20
ASH,AVE,0,0,0,0,2,1,1,4,0,1,0
ASH,AVF,0,0,0,0,0,0,2,0,0,0,4
ASH,AVH,1,0,0,1,2,0,4,3,0,1,0
ASH,AVJ,0,2,2,0,1,1,5,2,15,12,24
ASH,AWA,0,1,2,3,2,0,1,2,1,4,0
ASH,AWB,0,0,0,0,2,1,4,3,5,0,4
ASH,BDU,0,0,0,0,0,0,0,0,8,5,4
ASH,HSN,0,0,0,0,0,0,7,5,0,0,0
ASH,IL2D,0,0,0,0,0,0,0,0,2,0,0
ASH,PVC,0,0,0,1,0,0,0,2,0,0,0
ASH,PVQ,0,1,0,1,0,0,0,2,0,0,0
ASH,PVW,0,0,0,0,0,0,4,0,1,0,2
ASH,RIA,0,2,3,4,5,4,3,2,1,0,1
ASH,RIF,0,1,0,0,1,0,1,1,8,3,1
ASH,RIM,0,0,1,0,3,3,0,1,0,0,1
ASH,RIP,0,0,0,0,0,0,0,0,0,4,1
ASH,RIR,0,0,0,0,0,0,0,0,1,1,1
ASH,RMG,0,0,0,0,0,1,0,4,0,0,0
ASH,SIBV,0,0,1,0,0,0,0,0,0,0,0
ASH,SMBD,1,0,1,0,1,0,0,0,0,0,0
ASH,SMBV,1,1,0,1,0,0,0,1,0,0,0
ASH,URX,0,0,0,1,1,0,0,2,0,0,0
ASH,URYD,0,0,0,0,0,0,0,0,1,0,0
ASI,ADL,0,1,0,0,0,0,0,0,2,0,1
ASI,AFD,0,0,0,0,2,1,1,1,0,0,0
ASI,AIA,1,0,2,1,4,5,12,11,8,5,4
ASI,AIB,2,0,0,1,2,4,12,13,0,0,0
ASI,AIN,1,0,0,0,0,0,0,0,3,2,7
ASI,AIY,0,0,0,0,2,1,1,2,0,0,0
ASI,ALA,0,0,0,0,0,0,0,0,1,0,0
ASI,ASE,1,0,1,0,1,0,0,1,2,2,2
ASI,ASG,0,0,1,1,1,3,5,8,33,32,5
ASI,ASH,0,0,0,0,0,0,0,1,0,0,0
ASI,ASK,0,0,0,0,0,2,2,1,1,0,0
ASI,AVA,0,0,0,0,0,1,0,0,0,0,0
ASI,AVF,0,0,0,0,0,0,0,0,0,0,1
ASI,AVJ,0,0,0,0,0,0,0,0,3,0,0
ASI,AWA,0,0,0,0,0,0,3,1,0,0,0
ASI,AWB,0,0,0,0,0,0,0,1,0,0,0
ASI,AWC,4,4,4,10,11,15,34,28,9,5,11
ASI,BAG,1,0,0,0,0,2,1,0,0,0,0
ASI,CEPV,0,0,0,0,0,1,0,1,0,0,0
ASI,IL1L/R,0,0,0,0,0,1,0,0,0,1,1
ASI,RIA,0,0,0,0,0,2,2,0,1,1,1
ASI,RIH,0,0,0,0,0,0,0,0,0,1,0
ASI,SAAV,0,0,0,0,0,0,0,0,1,0,0
ASI,SMDV,0,0,0,0,0,0,0,0,0,0,2
ASJ,ADL,0,0,0,0,0,0,0,0,0,0,1
ASJ,AIA,1,0,1,0,1,0,1,1,0,0,0
ASJ,AIM,0,0,1,0,0,0,0,0,2,1,5
ASJ,AIN,0,0,0,0,0,0,0,1,0,0,2
ASJ,ALA,0,0,0,0,0,0,0,2,1,0,1
ASJ,ASG,0,0,0,0,0,0,1,0,1,1,3
ASJ,ASH,0,0,0,0,0,0,0,0,0,0,1
ASJ,ASJ,0,0,0,0,0,0,0,0,1,0,0
ASJ,ASK,1,4,6,6,9,5,11,8,8,3,13
ASJ,AVA,0,0,0,0,0,0,0,0,0,0,1
ASJ,AVF,0,0,0,0,1,0,0,0,5,3,2
ASJ,AWA,0,0,2,0,0,0,0,0,0,1,1
ASJ,BDU,0,0,0,0,0,0,0,0,0,0,2
ASJ,CEPV,0,0,0,0,0,0,0,0,0,0,1
ASJ,HSN,0,0,0,0,0,0,2,0,0,0,0
ASJ,PVQ,5,10,10,15,16,16,24,27,18,18,19
ASJ,PVW,0,0,0,0,0,0,1,0,0,0,0
ASJ,RIP,0,0,0,0,0,0,0,0,1,2,0
ASJ,SMBV,0,0,0,0,0,0,0,0,0,1,1
ASK,ADA,0,0,1,0,0,0,0,1,1,2,2
ASK,ADL,0,0,0,0,0,1,4,4,0,4,2
ASK,AIA,5,11,12,14,22,30,42,56,21,18,13
ASK,AIB,0,0,0,4,0,6,15,12,2,0,3
ASK,AIM,0,0,1,0,4,10,12,14,12,10,10
ASK,AIN,0,0,0,1,0,0,2,1,2,0,4
ASK,ALA,0,0,0,0,0,0,0,0,10,9,6
ASK,ASE,0,0,0,0,0,0,0,2,1,0,0
ASK,ASG,0,0,0,0,0,0,1,1,0,1,1
ASK,ASH,0,0,0,0,1,0,1,0,0,0,1
ASK,ASI,0,0,0,0,0,0,1,1,0,1,0
ASK,ASJ,0,1,0,0,0,1,0,0,2,1,2
ASK,ASK,0,0,0,0,1,0,0,1,0,0,2
ASK,AVD,0,0,0,0,0,0,1,0,0,0,0
ASK,AVF,0,0,0,0,0,0,0,2,0,0,0
ASK,AVH,0,0,0,0,0,0,0,0,0,0,1
ASK,AVJ,0,0,0,0,0,0,1,0,5,6,3
ASK,AWB,0,0,0,0,0,0,0,1,0,0,0
ASK,AWC,0,0,0,0,0,0,0,0,0,1,0
ASK,HSN,0,0,0,0,0,0,3,3,0,0,0
ASK,PVQ,0,0,0,1,0,0,0,2,0,0,1
ASK,PVW,0,0,0,0,0,0,1,0,0,0,0
ASK,RIF,0,1,0,0,0,0,0,0,0,0,0
ASK,RIP,0,0,0,0,0,0,0,0,1,1,3
ASK,RMG,0,0,0,0,0,0,1,0,0,0,0
ASK,SIBD,0,0,0,0,0,0,0,1,0,0,0
ASK,SMDD,0,0,0,0,0,0,0,1,0,0,0
AUA,ADF,0,0,0,0,0,0,0,2,1,0,0
AUA,AIB,0,0,0,0,0,0,0,0,0,0,1
AUA,AIN,0,0,0,0,0,0,0,3,0,1,1
AUA,AIZ,0,0,0,0,0,0,0,0,0,0,1
AUA,AVA,0,2,4,3,6,7,11,15,8,4,2
AUA,AVD,0,0,0,0,1,2,2,0,2,1,1
AUA,AVE,2,4,6,9,4,6,21,20,4,4,12
AUA,BAG,0,0,0,0,0,0,1,0,3,1,2
AUA,DVA,0,0,0,0,1,1,0,3,2,0,0
AUA,RIA,3,5,12,13,13,14,32,38,22,16,21
AUA,RIB,5,8,14,20,13,16,43,33,26,18,28
AUA,RID,0,0,0,0,0,0,0,0,0,0,1
AUA,RIH,0,0,0,0,0,0,0,0,0,0,1
AUA,RIR,0,0,0,0,0,0,0,1,0,0,0
AUA,RIV,0,0,0,0,0,0,0,0,0,1,0
AUA,SAAV,0,0,0,0,0,0,1,0,0,0,0
AUA,URX,1,0,5,2,3,0,3,5,3,1,3
AUA,URYV,0,0,0,1,0,0,0,0,0,0,0
AVA,ADE,0,0,0,0,0,0,0,0,0,1,0
AVA,AIB,0,0,0,0,0,0,0,0,1,1,0
AVA,AVA,0,0,0,0,0,0,0,0,0,1,0
AVA,AVB,0,0,0,0,0,0,0,0,0,2,0
AVA,AVK,0,0,0,0,0,0,0,0,0,1,0
AVA,FLP,0,0,0,0,0,0,0,0,0,1,0
AVA,RIG,0,0,0,0,0,0,0,0,0,1,0
AVA,RIM,0,0,0,0,0,0,0,0,0,1,0
AVA,SMDD,0,0,0,0,0,0,0,0,1,0,0
AVA,SMDV,0,0,0,0,0,0,0,0,1,0,0
AVB,AIY,0,0,0,0,0,0,0,0,0,0,1
AVB,AQR,0,0,0,0,0,0,0,0,0,0,1
AVB,AVA,0,0,0,0,0,0,0,0,0,2,1
AVB,AVJ,0,0,0,0,0,0,0,0,0,2,0
AVB,PVC,0,0,0,0,0,0,0,0,0,2,0
AVB,RIG,0,0,0,0,0,0,0,0,0,0,1
AVB,RIS,0,0,0,0,0,0,0,0,0,1,1
AVB,RMG,0,0,0,0,0,0,0,0,0,1,0
AVF,ADA,0,0,0,0,0,0,1,0,1,4,1
AVF,ADE,0,0,0,0,0,0,0,0,0,2,0
AVF,ADF,0,0,0,0,0,0,0,0,0,1,0
AVF,ADL,0,0,0,0,0,0,0,0,2,1,0
AVF,AIA,0,0,0,0,0,0,0,1,1,3,0
AVF,AIM,0,0,0,0,0,0,1,1,4,2,0
AVF,AIY,0,0,0,0,0,0,0,0,0,0,1
AVF,ALA,0,0,0,0,0,0,0,0,1,0,0
AVF,ALM,0,0,0,0,2,0,0,0,0,0,0
AVF,ALN,0,0,0,0,0,0,0,0,1,0,0
AVF,AQR,0,0,0,0,0,0,1,0,0,0,0
AVF,ASH,0,0,0,0,1,0,0,0,0,2,1
AVF,ASJ,0,0,0,0,0,0,0,2,2,2,0
AVF,ASK,0,0,0,0,0,0,0,1,1,1,0
AVF,AVA,0,0,0,0,0,0,0,1,0,0,1
AVF,AVB,0,0,0,0,2,3,6,5,0,0,8
AVF,AVE,0,0,0,0,0,0,1,0,1,0,0
AVF,AVF,0,0,0,0,3,2,3,7,7,2,0
AVF,AVH,0,0,0,0,0,0,0,1,3,1,1
AVF,AVJ,0,0,0,0,0,0,2,1,1,1,3
AVF,AVK,0,0,0,0,0,0,0,1,0,2,0
AVF,AVM,0,0,0,0,0,0,1,0,0,0,0
AVF,AWA,0,0,0,0,0,0,1,0,0,0,0
AVF,AWB,0,0,0,0,0,0,1,0,2,1,0
AVF,BAG,0,0,0,0,0,0,0,0,0,0,1
AVF,BDU,0,0,0,0,1,0,2,4,2,1,0
AVF,CEPD,0,0,0,0,0,0,0,0,1,1,0
AVF,CEPV,0,0,0,0,0,0,0,0,1,1,0
AVF,DVA,0,0,0,0,0,0,3,1,0,0,0
AVF,HSN,0,0,0,0,0,0,4,9,0,0,0
AVF,IL1D,0,0,0,0,0,0,0,0,3,0,0
AVF,IL1L/R,0,0,0,0,0,0,0,0,1,0,0
AVF,IL2D,0,0,0,0,0,0,0,0,1,0,0
AVF,IL2L/R,0,0,0,0,0,0,0,0,2,2,0
AVF,PVQ,0,0,0,0,8,0,1,4,2,2,0
AVF,PVW,0,0,0,0,0,0,6,2,2,0,0
AVF,RIB,0,0,0,0,0,0,0,0,0,0,1
AVF,RID,0,0,0,0,0,0,0,1,0,0,0
AVF,RIF,0,0,0,0,1,0,2,5,3,3,1
AVF,RIP,0,0,0,0,0,0,0,0,4,1,0
AVF,RMG,0,0,0,0,1,0,0,0,8,6,1
AVF,SIAV,0,0,0,0,0,0,1,0,0,0,0
AVF,SIBD,0,0,0,0,0,0,0,0,0,0,1
AVF,SMBV,0,0,0,0,0,0,0,1,1,2,1
AVF,SMDD,0,0,0,0,0,0,0,0,1,0,0
AVF,SMDV,0,0,0,0,0,0,1,0,0,0,0
AVF,URAD,0,0,0,0,0,0,0,1,1,1,0
AVF,URB,0,0,0,0,0,0,0,0,0,1,0
AVF,URX,0,0,0,0,0,0,0,0,0,3,0
AVH,ADA,0,1,0,1,1,0,0,0,4,0,0
AVH,ADF,1,2,4,5,7,5,3,6,3,3,1
AVH,ADL,1,1,0,1,1,1,1,1,0,0,0
AVH,AFD,0,0,1,0,0,0,0,0,0,0,0
AVH,AIA,0,0,0,1,0,1,1,0,0,0,0
AVH,AIB,0,0,0,0,0,0,1,0,1,0,0
AVH,AIM,0,0,0,0,1,0,0,0,1,1,1
AVH,AIN,0,0,0,0,0,0,1,2,0,0,1
AVH,AIZ,1,2,3,4,3,1,0,0,0,0,0
AVH,ALA,0,0,0,0,0,0,0,0,2,1,1
AVH,AQR,0,0,0,0,0,1,2,0,1,1,1
AVH,ASE,0,1,0,0,2,0,0,0,0,0,0
AVH,ASH,0,1,1,2,0,1,2,1,0,1,0
AVH,ASJ,0,0,0,0,0,0,0,0,1,1,0
AVH,AVA,0,1,0,1,0,1,3,1,4,2,2
AVH,AVB,0,1,0,0,3,0,1,5,11,7,12
AVH,AVD,0,0,0,0,0,0,0,0,0,0,1
AVH,AVE,0,0,0,0,0,0,0,0,1,0,0
AVH,AVF,0,0,0,0,1,0,0,0,3,1,3
AVH,AVH,0,0,0,1,0,0,1,0,0,0,1
AVH,AVJ,0,0,0,1,2,0,2,4,11,10,9
AVH,AVM,0,0,0,0,0,0,1,0,0,1,0
AVH,AWA,0,0,1,0,0,0,0,0,0,0,0
AVH,AWB,0,3,3,8,11,1,5,6,1,1,0
AVH,BAG,0,0,0,0,0,0,1,0,0,0,1
AVH,BDU,1,0,0,0,1,0,1,0,1,0,0
AVH,CEPD,0,0,0,0,0,0,0,0,1,0,0
AVH,DVA,1,0,1,1,2,2,5,1,1,3,2
AVH,FLP,0,0,0,0,0,0,0,0,1,0,0
AVH,IL2D,0,0,0,0,0,0,0,0,1,1,1
AVH,IL2L/R,0,0,0,0,0,0,0,0,0,1,1
AVH,OLQD,0,0,0,0,0,0,0,0,0,0,1
AVH,OLQV,0,0,1,0,0,0,0,0,0,0,0
AVH,PVC,0,0,0,0,0,0,2,1,4,1,2
AVH,PVP,0,1,1,1,3,2,7,5,4,2,3
AVH,RIC,0,0,0,0,0,0,0,0,1,1,1
AVH,RID,0,0,0,0,0,0,0,0,0,0,1
AVH,RIF,1,0,0,1,1,0,1,0,4,2,1
AVH,RIG,0,1,0,0,0,0,0,1,0,2,3
AVH,RIM,0,0,0,0,1,1,1,1,4,2,0
AVH,RIP,0,0,0,0,0,0,0,0,3,4,3
AVH,RIR,0,0,3,1,3,6,7,13,3,5,4
AVH,RIV,0,0,0,0,0,0,3,0,0,1,1
AVH,RMF,0,0,0,0,0,0,0,1,0,0,0
AVH,RMG,0,0,0,0,0,0,0,0,0,1,0
AVH,SAAD,0,0,0,0,0,0,0,0,1,0,0
AVH,SDQ,0,0,0,0,0,0,0,0,1,0,0
AVH,SIAV,0,0,0,0,1,0,1,0,0,0,0
AVH,SIBD,0,0,0,0,0,0,0,0,1,0,0
AVH,SMBD,0,0,0,0,1,0,2,3,0,0,0
AVH,SMBV,0,1,0,3,3,2,4,7,3,3,0
AVH,SMDD,0,0,0,0,0,0,0,0,0,1,0
AVH,SMDV,0,0,0,0,0,0,2,1,0,0,0
AVH,URAD,0,0,0,0,0,0,0,0,1,1,1
AVH,URX,0,0,1,1,2,5,2,1,5,5,2
AVH,URYD,0,0,0,0,0,0,0,0,0,0,1
AVH,URYV,0,0,0,0,0,0,0,0,0,0,1
AVJ,ADA,0,0,0,0,0,0,1,0,2,3,1
AVJ,ADE,0,0,0,0,0,0,0,0,0,1,0
AVJ,ADL,0,0,0,0,0,0,0,0,2,1,1
AVJ,AIM,0,0,0,0,0,0,0,0,1,0,1
AVJ,AIY,0,1,2,0,0,0,0,1,2,0,0
AVJ,ALA,0,0,0,0,0,0,0,0,0,0,1
AVJ,ALM,0,0,0,0,0,0,0,0,1,1,0
AVJ,AQR,0,0,0,0,0,0,0,1,1,0,0
AVJ,ASE,0,0,0,0,0,0,0,0,1,0,0
AVJ,ASH,0,1,0,0,1,0,0,0,0,1,3
AVJ,ASK,0,0,0,0,0,0,0,1,0,0,0
AVJ,AVA,0,0,0,0,0,0,1,1,7,11,7
AVJ,AVB,1,0,2,4,7,6,11,7,22,19,15
AVJ,AVD,1,0,0,1,0,1,0,1,6,12,5
AVJ,AVE,0,1,0,0,0,0,0,0,1,0,1
AVJ,AVF,0,0,0,0,0,0,0,0,0,0,1
AVJ,AVH,0,1,0,0,0,0,0,0,3,1,3
AVJ,AVJ,0,0,1,0,0,0,0,0,0,0,0
AVJ,AVM,0,0,0,0,0,1,2,2,2,5,0
AVJ,AWA,0,0,0,0,0,0,0,0,2,0,0
AVJ,BDU,0,0,0,1,0,0,0,0,1,0,0
AVJ,FLP,0,0,0,1,0,2,0,0,0,0,0
AVJ,IL2D,0,0,0,0,0,0,0,0,0,0,1
AVJ,PVC,2,1,0,3,4,4,8,4,10,6,1
AVJ,PVP,0,0,0,0,0,0,0,1,0,0,0
AVJ,PVR,0,0,0,0,0,0,0,0,0,0,2
AVJ,PVW,0,0,0,0,0,0,0,1,0,1,1
AVJ,RIC,0,0,0,0,0,0,0,0,1,0,0
AVJ,RID,0,0,0,0,0,0,2,0,0,0,1
AVJ,RIF,0,2,0,2,2,0,0,0,1,0,2
AVJ,RIM,0,0,0,0,0,0,0,1,0,1,0
AVJ,RIP,0,0,0,0,0,0,0,0,4,1,1
AVJ,RIS,0,0,0,0,2,4,1,1,2,2,0
AVJ,RIV,0,0,0,0,0,0,0,0,1,0,0
AVJ,SIBV,0,0,0,0,0,0,0,0,0,0,1
AVJ,SMBV,0,1,1,0,0,0,0,0,0,0,0
AVJ,URB,0,0,0,0,0,0,0,0,0,1,0
AVJ,URX,0,0,0,0,0,0,0,0,1,0,0
AVJ,URYD,0,0,0,0,0,0,0,0,1,0,0
AVJ,URYV,0,0,0,0,0,0,0,0,0,0,1
AVK,AIB,1,2,0,2,2,0,3,0,5,2,5
AVK,ALN,0,0,0,0,0,1,0,0,0,1,0
AVK,AVA,0,0,0,0,0,0,0,0,1,0,0
AVK,AVB,0,0,0,0,0,0,1,0,0,0,0
AVK,AVE,4,3,5,5,7,4,8,7,5,4,2
AVK,AVK,0,1,0,2,1,0,0,4,4,4,6
AVK,AVL,0,0,0,0,1,0,3,1,0,0,0
AVK,CEPV,0,0,0,0,0,0,0,0,0,0,1
AVK,DVA,0,0,0,0,0,0,0,0,1,0,0
AVK,DVC,1,0,0,0,0,0,2,0,2,1,0
AVK,OLL,0,0,0,0,0,0,0,0,0,0,2
AVK,PVP,1,0,0,0,1,1,0,0,0,0,0
AVK,PVT,0,0,0,0,1,0,0,0,4,0,0
AVK,RIC,0,0,0,0,0,1,0,0,5,0,3
AVK,RIG,2,0,1,0,2,1,5,0,3,4,3
AVK,RIM,5,8,8,7,10,9,14,14,13,7,12
AVK,RIS,0,0,2,3,2,0,6,11,6,3,2
AVK,RIV,0,1,0,0,0,1,3,3,1,2,2
AVK,RMDL/R,1,3,3,2,5,3,6,12,13,5,2
AVK,RMF,0,0,0,0,0,0,2,2,8,2,1
AVK,RMG,1,2,1,2,2,0,0,0,2,0,0
AVK,SAAD,0,4,2,2,7,2,4,4,4,0,1
AVK,SAAV,1,3,2,1,1,2,3,2,2,0,0
AVK,SDQ,0,0,0,0,0,0,0,0,1,1,0
AVK,SIAD,0,0,0,1,1,0,0,2,3,3,1
AVK,SIAV,0,0,0,0,0,0,0,0,0,4,0
AVK,SIBD,0,0,0,0,0,0,0,1,0,0,0
AVK,SMBD,0,0,0,0,0,0,1,1,0,2,1
AVK,SMBV,1,0,0,0,0,0,0,0,0,1,0
AVK,SMDD,0,0,0,0,0,1,2,3,5,4,3
AVK,SMDV,0,0,1,1,0,2,4,2,5,2,3
AVL,BAG,0,0,1,0,0,0,0,0,0,0,0
AVL,OLL,0,0,0,0,0,0,0,0,1,0,0
AVL,PVT,0,0,0,0,0,0,1,1,0,1,0
AVL,RIB,0,0,0,0,0,0,0,1,0,0,0
AVL,RIS,0,0,1,2,2,0,1,1,0,0,1
AVL,RMEL/R,0,1,2,2,2,0,1,1,1,1,1
AVL,URYV,0,0,0,0,0,0,0,1,0,0,0
AVM,ADA,0,0,0,0,0,1,0,0,0,0,0
AVM,ADE,0,0,0,0,1,2,0,0,0,0,0
AVM,ALM,0,0,0,0,0,0,0,2,2,0,0
AVM,ASH,0,0,0,0,0,0,0,0,1,0,0
AVM,AVB,0,0,0,0,6,10,14,13,17,17,2
AVM,AVD,0,0,0,0,3,1,3,1,2,4,0
AVM,AVE,0,0,0,0,0,1,0,0,0,0,0
AVM,AVH,0,0,0,0,1,0,0,0,0,0,0
AVM,AVJ,0,0,0,0,1,4,5,6,1,5,1
AVM,BDU,0,0,0,0,1,2,6,5,0,0,1
AVM,CEPV,0,0,0,0,0,0,0,0,1,0,1
AVM,FLP,0,0,0,0,0,0,0,1,1,0,0
AVM,PVC,0,0,0,0,2,6,13,16,19,15,2
AVM,PVP,0,0,0,0,1,0,0,0,0,1,0
AVM,PVR,0,0,0,0,3,0,0,0,0,0,0
AVM,PVW,0,0,0,0,0,0,1,1,2,0,0
AVM,RIC,0,0,0,0,0,0,0,0,1,0,0
AVM,RID,0,0,0,0,0,0,0,0,1,0,0
AVM,RIF,0,0,0,0,0,0,0,0,1,0,0
AVM,RIM,0,0,0,0,0,0,0,0,2,0,0
AVM,RIS,0,0,0,0,2,1,0,0,0,0,0
AVM,SIBV,0,0,0,0,0,0,0,0,1,0,0
AWA,ADA,0,0,0,0,0,0,1,0,1,2,0
AWA,ADF,2,0,1,0,1,4,3,3,2,2,8
AWA,ADL,3,2,5,3,2,1,1,3,0,3,1
AWA,AFD,0,0,0,1,5,4,9,11,11,8,4
AWA,AIA,3,2,2,2,4,0,4,4,3,3,3
AWA,AIB,0,0,0,0,0,0,1,0,3,4,5
AWA,AIM,0,0,0,0,0,0,0,1,0,0,0
AWA,AIY,2,1,1,2,2,3,7,9,12,8,10
AWA,AIZ,0,2,4,7,13,12,26,26,17,17,22
AWA,ASE,2,4,4,6,7,4,10,12,11,11,17
AWA,ASG,0,0,0,0,0,0,0,2,0,0,0
AWA,ASH,0,0,0,0,0,3,3,2,8,6,6
AWA,ASI,0,0,0,0,0,0,0,1,1,0,1
AWA,ASJ,0,0,1,0,0,0,0,0,0,1,0
AWA,ASK,1,0,0,0,0,0,2,0,0,0,1
AWA,AUA,0,0,0,0,1,0,2,0,0,0,0
AWA,AVB,0,0,0,0,0,1,0,0,0,0,1
AWA,AVH,0,0,1,0,0,0,0,0,0,0,0
AWA,AVJ,0,0,0,0,0,0,0,0,8,6,6
AWA,AWA,0,1,0,1,1,0,0,0,1,0,1
AWA,AWB,5,5,8,10,12,9,9,11,8,4,11
AWA,AWC,0,1,0,0,0,0,0,0,1,2,0
AWA,BDU,0,0,0,0,0,0,0,0,1,0,0
AWA,DVA,0,0,0,0,0,0,0,0,0,0,1
AWA,HSN,0,0,0,0,0,0,1,2,0,0,0
AWA,PVP,0,0,0,0,0,0,0,0,0,0,1
AWA,PVQ,2,1,0,0,0,0,0,1,2,1,0
AWA,RIB,0,0,0,0,1,0,0,0,0,0,1
AWA,RIF,0,0,0,0,0,1,5,1,5,3,2
AWA,RIG,0,0,0,0,0,0,0,1,0,0,0
AWA,RIP,0,0,0,0,0,0,0,0,10,9,15
AWA,RIR,0,0,0,0,0,0,0,0,5,6,5
AWA,SMBV,0,0,1,0,0,0,0,0,0,0,0
AWB,ADA,0,0,0,0,0,0,0,0,5,7,3
AWB,ADF,3,3,6,12,12,17,23,21,2,4,4
AWB,ADL,0,0,0,0,0,0,0,0,2,0,0
AWB,AIA,1,2,0,0,1,0,1,5,2,2,2
AWB,AIB,0,0,0,0,0,0,0,0,6,3,3
AWB,AIM,0,0,0,0,0,0,0,1,2,1,2
AWB,AIY,0,0,0,0,0,1,1,1,5,2,4
AWB,AIZ,3,4,5,4,12,15,13,14,6,5,7
AWB,ASE,1,0,0,1,2,0,1,0,4,0,1
AWB,ASH,0,0,0,2,1,1,0,1,2,2,2
AWB,ASI,0,0,0,0,0,0,0,0,0,1,0
AWB,AUA,0,0,0,1,0,1,1,2,2,0,1
AWB,AVF,0,0,0,0,0,0,0,0,0,1,1
AWB,AVH,2,1,0,4,2,0,0,3,0,0,0
AWB,AVJ,0,0,0,0,0,0,0,0,1,0,1
AWB,AWA,0,0,1,0,0,0,2,2,2,0,5
AWB,AWB,0,0,0,0,0,0,0,0,1,0,0
AWB,DVA,0,0,0,0,0,0,0,0,0,0,1
AWB,HSN,0,0,0,0,0,0,1,0,0,0,0
AWB,RIA,0,0,0,1,1,3,3,2,2,3,0
AWB,RIB,0,0,0,1,0,0,1,0,2,0,2
AWB,RIF,0,0,0,0,0,1,0,0,0,0,1
AWB,RIG,0,0,0,0,1,3,2,4,0,0,0
AWB,RIP,0,0,0,0,0,0,0,0,1,0,3
AWB,RIR,0,0,0,3,0,0,0,2,0,1,0
AWB,RMG,0,0,0,0,0,0,0,0,2,2,0
AWB,SIAV,0,0,0,0,0,0,1,0,0,0,0
AWB,SIBD,0,0,0,0,0,0,1,0,0,0,0
AWB,SMBD,0,0,0,0,1,1,1,0,1,1,0
AWB,SMBV,0,0,1,2,1,2,2,3,1,2,0
AWB,URX,0,0,1,2,0,0,0,0,0,0,1
AWC,ADA,0,0,0,0,0,0,0,0,3,1,2
AWC,ADL,1,0,0,1,2,0,0,0,0,0,1
AWC,AFD,0,0,0,0,0,0,0,2,0,0,0
AWC,AIA,10,7,9,10,15,13,22,22,20,16,7
AWC,AIB,11,10,15,20,24,22,22,29,26,22,10
AWC,AIN,0,0,0,2,1,0,0,0,1,0,0
AWC,AIY,4,11,12,14,20,17,25,34,31,29,21
AWC,AIZ,0,1,0,0,4,2,2,3,6,4,5
AWC,ALA,0,0,0,0,0,0,0,0,1,0,0
AWC,ASE,1,4,4,8,7,3,7,6,5,2,4
AWC,ASG,0,0,1,0,1,1,0,0,2,0,1
AWC,ASI,0,0,0,0,2,1,1,2,3,0,0
AWC,ASK,0,0,0,0,0,0,1,0,0,0,0
AWC,AWA,0,0,0,0,0,0,0,0,1,0,0
AWC,AWC,2,7,5,8,19,14,24,22,8,6,9
AWC,BAG,0,0,1,0,0,0,3,4,0,0,0
AWC,IL1L/R,0,1,0,0,0,0,0,1,0,0,0
AWC,IL2L/R,0,1,0,0,0,0,1,1,0,0,0
AWC,OLL,0,0,0,0,0,0,1,0,0,0,0
AWC,RIP,0,0,0,0,0,0,0,0,0,0,1
AWC,RIR,0,0,0,0,0,0,0,0,7,13,6
AWC,RMF,0,0,0,0,0,0,0,2,0,0,0
BAG,AFD,0,0,0,0,0,0,0,1,0,0,0
BAG,AIB,0,0,0,0,0,0,3,2,0,0,3
BAG,AIN,0,0,1,0,1,0,0,0,1,0,2
BAG,AIY,0,0,0,0,0,0,2,2,0,0,0
BAG,AIZ,0,0,0,0,0,1,0,0,0,0,0
BAG,AQR,0,0,0,0,0,0,0,0,0,1,6
BAG,AUA,0,0,0,0,0,0,0,0,0,0,2
BAG,AVA,0,0,0,0,1,2,4,11,4,8,10
BAG,AVB,0,0,0,0,0,0,0,0,0,0,3
BAG,AVD,0,0,0,0,0,0,1,0,2,0,6
BAG,AVE,2,2,0,7,15,13,11,19,4,1,8
BAG,BAG,0,0,0,0,0,1,0,2,0,2,1
BAG,DVA,0,0,0,0,0,0,0,0,2,0,0
BAG,DVC,0,0,0,0,0,0,0,0,1,0,0
BAG,IL2V,0,0,0,0,0,0,0,0,0,1,0
BAG,PVP,0,0,0,0,0,0,2,0,0,0,0
BAG,RIA,4,6,6,7,10,18,26,35,14,13,14
BAG,RIB,5,6,5,12,21,22,19,37,16,10,22
BAG,RID,0,0,0,0,0,0,2,0,6,5,4
BAG,RIG,0,2,2,3,5,5,12,7,11,5,11
BAG,RIM,0,0,0,0,0,0,0,0,1,0,0
BAG,RIR,0,0,0,0,0,0,0,1,1,1,2
BAG,RIV,0,0,0,0,0,0,0,0,0,0,1
BAG,RMEV,0,0,0,0,0,0,0,0,1,0,0
BAG,RMF,0,0,0,0,0,0,9,6,9,2,4
BAG,SAAV,0,0,0,0,0,0,0,0,0,0,1
BAG,SIAD,0,0,0,0,0,0,0,0,4,0,0
BAG,SIAV,0,0,0,0,0,0,0,0,2,1,0
BAG,SMDV,0,0,0,0,0,0,0,0,0,0,1
BAG,URX,0,0,0,0,0,0,2,0,1,0,0
BDU,ADE,0,0,0,0,0,3,0,2,0,0,0
BDU,AIA,0,0,0,0,0,0,0,0,3,2,0
BDU,AIM,0,0,0,0,0,0,0,0,0,0,1
BDU,ALM,1,1,0,1,4,3,7,4,2,3,0
BDU,AQR,0,0,0,0,0,0,0,0,0,0,1
BDU,ASH,0,0,0,0,0,0,0,0,2,0,0
BDU,ASJ,0,0,0,0,0,0,0,0,0,0,1
BDU,ASK,0,0,0,0,0,0,0,0,0,0,2
BDU,AVA,0,0,0,0,0,0,0,0,0,1,0
BDU,AVB,0,0,2,0,1,1,2,0,5,3,7
BDU,AVD,0,0,0,0,2,1,0,1,0,0,0
BDU,AVF,0,0,0,0,1,1,1,8,5,3,2
BDU,AVH,0,0,1,0,1,1,2,0,4,1,0
BDU,AVJ,1,1,3,1,4,4,8,3,6,6,3
BDU,AVK,0,0,0,0,0,0,0,1,0,0,0
BDU,AVM,0,0,0,0,3,2,1,2,1,0,1
BDU,AWA,0,0,0,0,0,0,0,0,0,1,0
BDU,BDU,1,0,0,0,0,0,0,0,1,2,1
BDU,CEPD,0,0,0,0,0,0,0,0,0,0,1
BDU,CEPV,0,0,0,0,0,0,0,0,0,0,1
BDU,HSN,0,0,0,0,0,0,3,1,0,0,0
BDU,IL1L/R,0,0,0,0,0,1,0,0,0,0,0
BDU,IL2D,0,0,0,1,0,0,1,1,0,0,0
BDU,PLN,0,0,0,0,0,0,1,0,0,0,0
BDU,PVC,0,2,1,3,3,0,4,1,1,0,0
BDU,PVP,0,0,0,0,0,0,0,0,0,0,1
BDU,PVQ,0,0,0,0,0,0,1,0,3,2,2
BDU,PVR,0,0,3,4,0,0,0,0,0,0,0
BDU,PVW,0,0,0,0,0,0,7,16,4,6,5
BDU,RID,0,0,0,0,0,0,3,1,0,0,0
BDU,RIF,1,0,2,0,2,0,4,0,4,1,3
BDU,RIM,0,0,0,0,0,0,0,0,0,0,2
BDU,RIP,0,0,0,0,0,0,0,0,13,14,4
BDU,RMG,0,1,0,0,1,3,0,0,0,1,0
BDU,SDQ,0,0,0,0,3,2,0,1,0,1,0
BDU,SIBD,0,0,1,0,0,0,0,0,0,0,0
BDU,SIBV,0,2,0,0,1,0,0,0,0,0,0
BDU,SMBD,0,0,0,0,1,0,0,0,0,0,0
BDU,URAD,0,0,1,0,0,2,2,1,0,0,0
BDU,URB,0,0,0,0,1,0,0,0,0,0,0
CEPD,ADA,1,2,0,1,0,0,0,0,1,3,1
CEPD,ADE,0,0,0,0,0,0,1,0,0,0,0
CEPD,AIM,0,0,0,0,0,0,0,0,1,0,0
CEPD,ALM,0,0,0,0,0,0,0,1,2,0,0
CEPD,AVA,0,0,0,1,1,0,0,0,0,0,0
CEPD,AVB,0,0,0,0,0,0,2,0,2,1,1
CEPD,AVD,0,0,0,0,0,0,1,1,0,0,0
CEPD,AVE,2,6,8,9,11,8,15,17,12,7,10
CEPD,AVJ,0,0,0,0,0,0,1,1,0,0,0
CEPD,BWM03D,0,0,0,0,0,0,0,0,0,0,2
CEPD,BWM05D,0,0,0,0,0,0,0,1,0,1,1
CEPD,BWM07D,0,0,0,0,0,0,1,2,0,2,1
CEPD,CEPV,0,0,0,0,0,0,0,0,0,0,1
CEPD,IL1D,0,1,1,4,5,10,7,12,1,0,1
CEPD,IL1L/R,0,0,0,1,0,1,0,1,0,1,0
CEPD,OLL,2,5,9,11,11,7,14,25,14,9,15
CEPD,OLQD,0,3,2,3,9,11,13,11,2,1,2
CEPD,PVR,0,2,1,0,0,0,0,1,0,0,0
CEPD,RIB,0,0,0,0,2,2,4,2,3,1,0
CEPD,RIC,5,10,6,8,9,10,15,16,21,12,14
CEPD,RIP,0,0,1,0,2,2,2,1,0,0,0
CEPD,RIS,0,0,0,0,0,1,2,2,1,0,0
CEPD,RMDD,0,0,0,1,0,1,1,2,2,1,0
CEPD,RMDL/R,0,0,0,0,0,0,1,0,0,3,1
CEPD,RMDV,0,2,6,9,11,6,9,16,9,4,8
CEPD,RMF,0,0,0,0,0,0,0,0,3,5,3
CEPD,RMG,0,0,0,0,0,0,0,1,1,0,1
CEPD,RMH,0,0,0,0,2,1,9,8,7,14,7
CEPD,SDQ,0,0,0,0,0,0,1,0,0,0,0
CEPD,SIAD,0,0,0,0,0,1,2,2,2,3,1
CEPD,SIAV,0,0,0,0,0,0,0,0,1,1,1
CEPD,SIBV,1,0,0,0,1,0,1,0,0,0,0
CEPD,SMBD,0,0,0,0,1,0,4,1,6,3,4
CEPD,SMDD,2,0,0,2,0,0,1,1,1,0,0
CEPD,URAD,0,2,2,0,3,3,4,2,0,0,0
CEPD,URB,2,2,1,4,4,2,4,5,8,5,6
CEPD,URX,0,0,0,0,0,0,5,4,1,0,0
CEPD,URYD,1,2,0,2,1,7,6,3,0,0,0
CEPV,ADA,0,0,0,0,0,0,0,0,0,1,1
CEPV,ADE,0,0,0,0,1,0,0,0,0,0,0
CEPV,ALM,0,0,0,0,0,0,1,0,0,0,0
CEPV,AVB,0,0,0,0,0,0,1,0,3,4,0
CEPV,AVE,5,6,2,9,9,9,11,13,10,8,13
CEPV,AVF,0,0,0,0,0,0,0,0,1,0,0
CEPV,BWM01V,0,0,0,0,0,0,1,0,0,1,0
CEPV,BWM03V,0,0,0,0,0,0,0,0,0,1,0
CEPV,BWM05V,0,0,0,0,0,0,1,1,0,0,0
CEPV,BWM06V,0,0,0,0,0,0,0,0,0,1,0
CEPV,CEPD,0,0,0,0,0,0,0,0,0,0,1
CEPV,IL1L/R,0,0,0,0,0,0,1,1,0,0,0
CEPV,IL1V,0,0,1,3,4,6,7,8,1,0,1
CEPV,IL2V,0,0,0,1,0,0,0,0,0,1,0
CEPV,OLL,6,8,6,11,11,12,17,20,13,12,15
CEPV,OLQV,1,2,4,6,10,11,11,12,0,2,1
CEPV,PLN,0,0,0,0,0,0,0,1,2,1,1
CEPV,PVQ,0,0,0,0,0,0,0,0,1,0,0
CEPV,PVR,0,0,1,0,2,0,2,2,0,0,0
CEPV,PVW,0,0,0,0,0,0,0,0,0,0,1
CEPV,RIA,0,0,0,0,0,0,0,1,0,0,1
CEPV,RIB,0,0,0,0,0,2,0,2,1,2,1
CEPV,RIC,6,9,8,7,11,14,17,16,22,14,13
CEPV,RIG,0,0,0,0,0,0,0,0,0,0,2
CEPV,RIP,0,0,2,3,2,2,2,3,0,0,0
CEPV,RIS,0,0,0,0,0,0,0,0,1,0,0
CEPV,RMDD,0,2,4,6,7,7,15,15,7,5,5
CEPV,RMDL/R,0,0,0,0,0,1,1,1,1,0,0
CEPV,RMF,0,0,0,0,0,0,0,0,1,3,2
CEPV,RMG,0,0,0,0,0,0,1,0,0,2,0
CEPV,RMH,0,0,0,0,5,7,10,7,5,8,8
CEPV,SIAV,0,0,0,0,0,1,1,3,1,2,0
CEPV,SIBD,0,0,0,0,0,0,0,0,1,1,1
CEPV,SIBV,0,0,0,0,0,0,0,0,0,0,1
CEPV,SMBV,0,0,0,1,1,0,1,2,2,1,1
CEPV,SMDD,0,0,0,0,0,0,1,0,0,0,0
CEPV,SMDV,2,4,3,4,0,0,0,4,3,0,2
CEPV,URAV,0,0,1,1,5,5,7,5,0,0,0
CEPV,URB,0,0,1,1,0,1,4,7,7,4,1
CEPV,URX,0,0,0,0,0,0,3,2,0,0,0
CEPV,URYV,1,1,2,1,2,1,3,3,0,0,1
DVA,ADA,0,0,1,0,1,1,1,1,1,1,2
DVA,ADE,0,0,0,0,0,0,0,1,0,0,0
DVA,AIB,0,0,1,0,0,0,0,0,0,0,1
DVA,AIY,0,0,0,0,0,0,0,0,0,1,0
DVA,AIZ,3,4,4,3,5,6,7,4,7,8,6
DVA,AQR,0,0,0,0,2,4,4,4,3,1,2
DVA,AUA,1,3,0,2,1,0,8,5,2,2,2
DVA,AVA,1,0,1,1,1,5,2,3,2,8,3
DVA,AVB,1,0,0,0,0,1,1,1,0,0,2
DVA,AVD,0,0,0,0,0,1,0,1,1,1,0
DVA,AVE,3,6,5,8,10,11,23,15,16,14,12
DVA,AVH,0,0,0,0,0,0,0,0,0,0,1
DVA,AVK,0,0,0,0,0,0,0,0,1,0,0
DVA,FLP,0,0,0,0,0,1,1,1,0,1,0
DVA,IL2L/R,0,0,0,0,0,0,0,0,0,0,1
DVA,OLQV,0,0,0,0,2,0,0,2,0,0,0
DVA,PVC,0,0,0,0,0,1,0,2,1,2,0
DVA,PVP,0,0,0,0,2,1,1,0,0,1,2
DVA,RIA,0,0,0,0,0,0,2,3,2,2,1
DVA,RIB,0,0,0,0,0,0,0,2,0,0,0
DVA,RIC,0,1,0,0,0,0,0,0,1,2,0
DVA,RID,0,0,0,0,0,0,0,0,4,6,2
DVA,RIF,0,0,0,0,0,0,0,0,0,1,0
DVA,RIG,0,0,1,0,0,0,0,0,0,1,0
DVA,RIH,0,0,0,0,0,1,1,1,1,0,2
DVA,RIM,0,0,0,0,0,1,1,1,2,0,0
DVA,RIP,0,0,0,0,2,0,0,1,0,0,0
DVA,RIR,1,3,2,3,3,4,4,2,0,1,2
DVA,RMEV,0,0,0,0,0,0,0,0,0,1,0
DVA,RMF,0,0,0,0,0,0,1,0,0,0,0
DVA,RMG,0,0,0,0,0,0,0,0,1,0,0
DVA,SAAV,0,0,0,0,0,0,0,0,0,2,0
DVA,SDQ,0,0,0,0,0,1,1,0,0,0,0
DVA,SIAD,0,2,0,0,1,0,0,0,0,0,0
DVA,SIAV,0,0,0,0,0,1,2,0,0,0,0
DVA,SIBV,0,0,0,0,2,1,0,1,0,1,1
DVA,SMBD,0,0,0,0,0,0,3,3,0,0,0
DVA,SMBV,0,0,0,0,0,0,3,3,1,0,0
DVA,URX,0,0,0,0,1,0,1,0,0,1,2
DVA,URYD,0,0,0,2,1,0,1,1,0,2,0
DVA,URYV,0,0,0,1,0,0,0,1,0,0,0
DVC,ADE,1,0,0,0,0,0,0,0,0,0,0
DVC,AIB,1,3,2,7,7,7,16,12,2,3,0
DVC,AIZ,0,0,0,1,0,0,0,1,2,1,0
DVC,AQR,0,0,0,0,0,0,0,1,1,0,1
DVC,AUA,0,0,0,0,0,0,0,0,0,0,1
DVC,AVA,5,3,5,2,4,10,16,15,2,7,6
DVC,AVB,0,0,0,0,0,0,0,0,0,2,2
DVC,AVD,1,0,0,1,1,0,0,0,0,0,0
DVC,AVE,0,0,0,2,2,0,1,3,0,1,0
DVC,AVK,0,0,0,0,1,1,6,2,4,2,0
DVC,AVL,0,0,0,0,0,0,1,0,1,0,1
DVC,BAG,0,2,0,1,0,0,0,0,2,2,3
DVC,CEPV,0,0,0,0,0,0,0,0,0,0,1
DVC,FLP,0,0,0,0,0,0,0,1,1,0,0
DVC,IL2D,0,0,0,0,0,0,0,0,5,2,5
DVC,IL2L/R,0,0,0,0,0,0,0,0,5,4,7
DVC,IL2V,0,0,0,0,0,1,0,0,5,5,4
DVC,OLL,0,0,0,0,0,0,1,0,0,0,0
DVC,PVT,0,0,0,0,1,2,0,0,0,1,0
DVC,RIA,0,0,0,0,0,0,0,0,3,3,5
DVC,RIB,1,5,2,6,7,3,10,14,5,10,7
DVC,RID,0,0,0,0,0,0,1,0,0,0,0
DVC,RIG,0,4,4,7,11,6,16,23,8,5,11
DVC,RIH,0,0,0,0,0,0,0,0,5,7,2
DVC,RIM,0,0,0,0,0,0,1,0,0,0,0
DVC,RIR,0,0,0,0,0,0,0,0,0,2,0
DVC,RIV,0,0,0,0,0,0,1,1,0,0,0
DVC,RMEV,0,0,0,0,0,0,0,0,0,1,0
DVC,RMF,0,0,0,0,0,1,15,10,1,0,0
DVC,SAAD,0,0,0,0,0,0,0,0,0,0,1
DVC,SAAV,0,0,0,0,0,0,1,0,0,0,0
DVC,URAV,0,0,0,1,0,1,0,0,2,0,0
DVC,URX,0,1,0,0,1,0,0,0,2,0,1
DVC,URYD,0,0,0,0,1,1,0,0,1,0,1
DVC,URYV,0,0,1,0,1,0,0,3,2,0,1
FLP,ADA,0,0,0,0,2,0,2,1,2,2,0
FLP,ADE,2,3,3,1,3,2,4,3,4,5,8
FLP,AIB,0,0,0,0,1,2,10,2,0,3,0
FLP,AVA,1,6,9,1,13,16,38,29,10,15,11
FLP,AVB,0,1,2,4,1,5,11,6,6,9,5
FLP,AVD,1,1,0,4,5,3,6,6,0,3,3
FLP,AVE,0,0,1,2,0,4,6,8,0,8,1
FLP,AVJ,0,0,0,1,0,0,1,0,0,0,0
FLP,AVL,0,0,1,0,0,0,0,0,0,0,0
FLP,DVA,0,0,0,0,1,0,0,1,0,2,0
FLP,DVC,0,0,1,0,0,0,0,0,0,0,0
FLP,FLP,0,1,4,3,7,2,3,3,0,6,3
FLP,PVC,0,1,1,1,1,2,5,2,4,4,4
FLP,PVP,0,0,0,0,0,0,1,0,0,0,0
FLP,RIH,0,0,0,0,0,0,1,2,1,0,1
FLP,RIM,0,0,0,0,0,0,0,0,1,1,1
FLP,RIS,0,0,0,0,0,1,0,1,0,0,0
FLP,SDQ,0,0,0,0,0,1,1,2,0,0,0
HSN,ADL,0,0,0,0,0,0,1,1,0,0,0
HSN,AIA,0,0,0,0,0,0,7,6,0,0,0
HSN,AIZ,0,0,0,0,0,0,4,0,0,0,0
HSN,ALM,0,0,0,0,0,0,1,0,0,0,0
HSN,AQR,0,0,0,0,0,0,1,0,0,0,0
HSN,ASE,0,0,0,0,0,0,2,0,0,0,0
HSN,ASH,0,0,0,0,0,0,3,4,0,0,0
HSN,ASK,0,0,0,0,0,0,3,2,0,0,0
HSN,AVA,0,0,0,0,0,0,1,0,0,0,0
HSN,AVB,0,0,0,0,0,0,4,0,0,0,0
HSN,AVD,0,0,0,0,0,0,2,0,0,0,0
HSN,AVF,0,0,0,0,0,0,1,2,0,0,0
HSN,AVH,0,0,0,0,0,0,1,1,0,0,0
HSN,AVJ,0,0,0,0,0,0,0,1,0,0,0
HSN,AVM,0,0,0,0,0,0,0,1,0,0,0
HSN,AWA,0,0,0,0,0,0,2,1,0,0,0
HSN,AWB,0,0,0,0,0,0,7,4,0,0,0
HSN,BDU,0,0,0,0,0,0,2,6,0,0,0
HSN,HSN,0,0,0,0,0,0,0,1,0,0,0
HSN,PVQ,0,0,0,0,0,0,2,2,0,0,0
HSN,PVW,0,0,0,0,0,0,2,3,0,0,0
HSN,RIF,0,0,0,0,0,0,3,5,0,0,0
HSN,RIM,0,0,0,0,0,0,2,0,0,0,0
HSN,RMG,0,0,0,0,0,0,0,1,0,0,0
IL1D,ADE,0,0,0,0,0,0,0,0,1,0,0
IL1D,BWM01D,2,3,4,3,4,9,14,12,6,6,3
IL1D,BWM02D,2,5,5,3,8,7,6,6,7,4,2
IL1D,BWM03D,0,0,0,0,0,0,3,0,0,0,1
IL1D,BWM04D,0,0,0,0,2,1,3,2,0,1,0
IL1D,CEPD,0,0,0,0,0,0,0,0,0,0,1
IL1D,IL1L/R,1,0,0,0,1,0,0,4,1,2,2
IL1D,IL1V,0,0,0,0,0,0,0,0,1,0,0
IL1D,OLL,0,0,0,0,0,0,0,5,1,1,1
IL1D,PVR,0,0,0,0,0,1,3,1,0,1,0
IL1D,RIB,0,0,0,0,0,0,0,0,0,0,1
IL1D,RIP,4,8,6,5,6,6,6,6,0,2,0
IL1D,RMDD,0,0,1,0,0,0,3,1,2,2,1
IL1D,RMDV,4,8,9,3,7,12,15,18,13,11,6
IL1D,RMED,0,0,0,0,0,0,0,0,0,1,0
IL1D,RMEL/R,1,4,2,2,2,4,1,3,2,4,1
IL1D,RMH,0,0,0,0,0,0,0,0,4,6,6
IL1D,SMDD,0,0,0,0,0,0,0,0,5,2,6
IL1D,URAD,0,0,0,0,1,0,0,2,3,4,4
IL1D,URAV,0,0,0,0,0,0,0,0,2,0,0
IL1D,URB,0,0,0,0,0,0,0,0,3,3,4
IL1L/R,ADE,0,0,0,0,0,0,0,0,0,1,0
IL1L/R,AVE,0,0,0,0,0,0,3,2,0,0,0
IL1L/R,BWM01D,0,0,0,0,1,0,2,2,1,0,0
IL1L/R,BWM01V,0,0,0,0,0,1,1,1,0,0,0
IL1L/R,BWM02D,5,7,6,5,14,16,20,10,6,6,0
IL1L/R,BWM02V,2,7,11,6,14,16,19,19,6,8,1
IL1L/R,BWM04D,0,0,0,0,2,3,12,2,0,0,0
IL1L/R,BWM04V,0,0,0,2,2,2,4,2,0,0,0
IL1L/R,IL1D,0,0,1,0,1,0,2,1,0,3,1
IL1L/R,IL1V,0,0,1,0,0,1,1,1,0,0,0
IL1L/R,IL2L/R,0,0,0,0,0,0,0,0,0,1,0
IL1L/R,OLL,0,0,0,0,1,0,0,0,0,0,1
IL1L/R,RIC,0,0,0,0,0,0,0,0,10,7,5
IL1L/R,RIP,0,0,0,1,0,0,1,0,0,0,0
IL1L/R,RIS,0,0,0,0,0,0,1,0,0,0,0
IL1L/R,RMDD,2,4,7,5,11,11,14,11,6,8,3
IL1L/R,RMDL/R,0,2,4,4,4,5,13,10,13,14,13
IL1L/R,RMDV,5,6,4,5,8,9,19,9,5,7,0
IL1L/R,RMED,0,0,0,0,0,0,1,0,0,0,0
IL1L/R,RMEL/R,6,3,7,1,0,0,0,2,0,0,0
IL1L/R,RMEV,0,0,0,0,0,0,1,0,0,0,0
IL1L/R,RMF,0,0,0,0,0,0,1,1,2,0,1
IL1L/R,RMG,0,0,0,0,0,1,0,0,1,0,1
IL1L/R,RMH,0,0,0,0,4,1,2,3,14,18,13
IL1L/R,SIAV,0,0,0,0,0,0,0,0,1,0,0
IL1L/R,SIBV,0,0,0,0,0,0,0,0,1,0,0
IL1L/R,SMBV,0,0,0,0,0,0,0,0,0,1,0
IL1L/R,URAD,0,0,0,1,0,0,0,0,0,0,0
IL1L/R,URAV,0,1,1,0,2,1,1,0,0,1,0
IL1V,BWM01V,3,3,3,3,4,7,11,6,12,8,2
IL1V,BWM02V,3,5,4,4,6,2,9,10,5,3,2
IL1V,BWM03V,0,0,0,0,0,0,5,0,0,0,0
IL1V,BWM04V,0,0,0,0,0,0,0,2,0,0,0
IL1V,CEPV,0,0,0,0,0,0,0,0,0,0,1
IL1V,IL1L/R,0,0,0,0,0,1,1,0,0,0,0
IL1V,OLL,0,0,0,0,0,0,0,0,0,0,1
IL1V,PVR,0,0,0,0,0,0,1,1,0,0,0
IL1V,RIP,3,7,6,7,6,4,5,6,3,1,2
IL1V,RMDD,6,8,7,6,9,8,16,11,17,9,3
IL1V,RMDV,0,0,0,0,0,0,0,1,3,1,0
IL1V,RMEL/R,3,5,4,2,2,3,4,5,4,3,2
IL1V,RMEV,0,0,0,0,0,0,1,0,0,1,0
IL1V,RMH,0,0,0,0,0,0,0,0,3,4,1
IL1V,SMDV,0,0,0,0,0,0,0,0,3,2,4
IL1V,URAD,0,0,0,0,0,0,0,0,2,0,0
IL1V,URAV,0,0,0,0,1,0,0,1,3,2,0
IL1V,URB,0,0,0,0,0,0,0,0,2,5,3
IL2D,ADA,0,0,0,0,0,0,1,0,0,0,0
IL2D,ASI,0,0,0,0,0,0,0,1,0,0,0
IL2D,AVA,0,0,0,0,0,0,0,0,0,1,0
IL2D,AVB,0,0,0,0,0,0,0,0,1,0,1
IL2D,AVD,0,0,0,0,0,0,0,0,1,0,0
IL2D,AVE,0,0,0,0,0,0,0,1,1,0,0
IL2D,AVL,0,0,0,0,0,0,0,0,1,0,0
IL2D,AWC,0,0,0,0,0,0,0,1,0,0,0
IL2D,BWM01D,0,0,0,0,0,0,0,1,0,0,0
IL2D,BWM02D,0,0,0,0,0,0,0,1,0,0,0
IL2D,BWM03D,0,0,0,0,0,0,1,0,0,0,0
IL2D,CEPD,0,0,0,0,0,0,1,0,0,0,0
IL2D,DVC,0,0,0,0,0,0,0,0,1,0,0
IL2D,IL1D,0,0,1,2,3,6,13,15,2,0,0
IL2D,IL2L/R,0,0,0,0,0,0,1,0,0,0,0
IL2D,OLQD,0,0,0,0,0,2,5,7,1,0,0
IL2D,RIC,0,0,0,0,1,1,2,0,0,0,0
IL2D,RIG,0,0,0,0,0,0,0,1,6,4,0
IL2D,RIH,2,1,0,0,2,3,9,9,1,1,0
IL2D,RIP,4,9,12,8,18,19,29,39,1,0,0
IL2D,RIS,0,0,0,0,0,0,0,0,1,0,0
IL2D,RIV,0,0,0,0,0,0,0,0,4,1,2
IL2D,RMDV,0,0,0,0,0,0,1,1,0,0,0
IL2D,RMED,1,3,2,3,1,5,2,5,0,1,0
IL2D,RMEL/R,3,6,6,13,12,10,18,21,0,0,1
IL2D,RMEV,2,1,4,2,1,1,4,5,0,0,0
IL2D,RMH,0,0,0,0,0,0,2,1,0,0,0
IL2D,SAAV,0,0,0,0,0,0,0,0,6,7,3
IL2D,SIAD,0,0,0,0,0,0,0,0,0,1,0
IL2D,SMBD,0,0,0,0,0,0,0,0,0,1,1
IL2D,URAD,0,3,3,4,6,5,9,15,0,0,1
IL2D,URYD,0,0,0,0,0,0,1,0,3,3,1
IL2L/R,ADE,0,0,0,0,1,2,3,3,1,1,0
IL2L/R,ADF,0,0,0,0,0,0,0,0,1,2,1
IL2L/R,ADL,0,0,0,0,0,0,0,1,0,0,0
IL2L/R,AFD,0,0,0,0,0,0,0,0,0,1,0
IL2L/R,AIY,0,0,0,0,0,0,0,0,4,1,5
IL2L/R,AUA,0,0,0,0,0,0,0,0,3,0,0
IL2L/R,AVE,0,0,0,0,0,0,0,0,1,0,0
IL2L/R,AVF,0,0,0,0,0,0,0,0,2,0,0
IL2L/R,AWC,0,0,0,0,0,0,0,1,0,0,0
IL2L/R,BWM02V,0,0,0,0,0,0,1,0,0,0,0
IL2L/R,BWM04V,0,0,0,0,0,0,1,0,0,0,0
IL2L/R,CEPD,0,1,0,0,0,0,0,0,0,0,0
IL2L/R,DVA,0,0,0,0,0,0,0,0,0,0,1
IL2L/R,DVC,0,0,0,0,0,0,0,0,5,5,2
IL2L/R,IL1D,0,0,0,0,0,0,1,3,0,0,0
IL2L/R,IL1L/R,0,0,0,0,1,3,2,2,3,2,1
IL2L/R,IL1V,0,0,0,0,0,0,1,0,0,0,0
IL2L/R,IL2D,0,0,0,0,0,0,0,0,2,4,1
IL2L/R,IL2L/R,0,0,0,0,0,0,0,0,0,2,0
IL2L/R,IL2V,0,0,0,0,1,0,0,0,4,1,4
IL2L/R,OLL,0,0,1,3,1,1,3,2,2,2,0
IL2L/R,OLQD,1,6,7,6,5,9,14,14,4,1,1
IL2L/R,OLQV,3,4,7,5,5,9,12,11,3,4,4
IL2L/R,RIB,0,0,0,0,0,0,0,0,0,0,1
IL2L/R,RIC,0,0,0,0,0,0,3,2,0,0,0
IL2L/R,RIG,0,0,0,0,0,0,0,0,0,0,2
IL2L/R,RIH,4,8,12,9,9,13,14,20,11,7,12
IL2L/R,RIR,0,0,0,0,0,0,0,0,0,0,1
IL2L/R,RMDL/R,0,0,1,3,5,5,3,6,0,0,0
IL2L/R,RMED,0,0,0,0,0,0,0,2,0,0,0
IL2L/R,RMEL/R,0,0,3,0,0,1,4,3,1,1,0
IL2L/R,RMEV,0,0,0,0,0,1,3,1,0,0,0
IL2L/R,RMH,0,0,0,0,2,0,0,0,1,1,0
IL2L/R,SIBD,0,0,1,0,0,0,2,0,0,0,0
IL2L/R,SMBV,0,0,0,0,0,0,2,1,0,0,0
IL2L/R,URAD,0,0,1,0,0,1,0,1,0,0,0
IL2L/R,URAV,0,0,0,0,1,1,1,1,2,0,0
IL2L/R,URB,0,0,0,0,0,0,1,1,4,5,3
IL2L/R,URX,0,0,0,0,0,0,1,2,1,2,0
IL2L/R,URYD,0,0,0,0,0,0,0,0,0,1,0
IL2V,AIB,0,0,0,0,0,0,0,1,1,0,0
IL2V,AVA,0,0,0,0,0,0,0,0,0,0,1
IL2V,BAG,0,0,0,0,2,0,1,0,0,0,0
IL2V,BWM01V,0,0,0,2,0,0,2,0,0,0,0
IL2V,CEPV,0,0,0,0,1,0,0,1,0,0,0
IL2V,DVC,0,0,0,0,0,0,0,0,2,1,1
IL2V,IL1V,0,0,1,1,1,4,10,9,3,1,0
IL2V,IL2L/R,0,0,0,0,0,0,1,1,0,0,0
IL2V,OLQV,0,0,0,0,0,1,8,9,1,0,0
IL2V,PLN,0,0,0,0,0,0,0,0,0,1,0
IL2V,PVT,0,0,0,0,0,0,0,0,1,0,0
IL2V,RIA,0,0,1,0,2,2,5,7,1,2,0
IL2V,RIB,0,0,0,0,0,0,0,2,0,0,0
IL2V,RIG,0,0,0,0,0,0,0,0,6,7,5
IL2V,RIH,0,0,1,0,2,3,3,2,2,2,0
IL2V,RIM,0,0,0,0,0,0,0,0,1,0,0
IL2V,RIP,5,8,8,11,11,20,27,31,6,0,0
IL2V,RMDD,0,0,0,0,0,0,2,0,0,0,0
IL2V,RMDV,0,0,0,0,0,0,1,0,0,0,0
IL2V,RMED,1,0,2,1,3,2,4,3,1,0,0
IL2V,RMEL/R,5,9,8,10,12,13,19,20,3,0,0
IL2V,RMEV,2,4,3,2,5,4,4,4,4,3,0
IL2V,RMF,0,0,0,0,0,0,0,0,0,1,0
IL2V,SAAD,0,0,0,0,0,0,0,0,5,3,1
IL2V,SMBV,0,0,0,0,0,0,0,0,0,1,0
IL2V,URAV,0,5,1,2,6,10,8,15,0,1,1
IL2V,URX,0,0,0,0,1,1,2,2,0,0,0
IL2V,URYV,0,0,0,0,0,0,1,1,3,2,1
OLL,ADE,0,0,0,0,0,0,1,0,0,0,0
OLL,ADL,0,0,0,0,0,0,0,0,0,0,1
OLL,AVE,8,20,26,24,39,40,56,64,50,41,41
OLL,AVJ,0,0,0,0,0,0,0,0,0,0,1
OLL,AVK,0,0,0,0,0,0,0,0,0,0,1
OLL,BWM03V,0,0,0,0,0,0,0,2,0,0,0
OLL,CEPD,2,3,1,7,7,4,19,18,5,2,9
OLL,CEPV,2,4,2,10,10,11,13,15,8,7,4
OLL,IL1D,0,0,0,0,0,2,2,5,4,4,2
OLL,IL1L/R,0,0,0,0,0,5,2,2,0,2,1
OLL,IL1V,0,0,0,0,0,1,4,3,11,1,5
OLL,IL2L/R,0,0,0,0,0,0,1,0,0,1,1
OLL,OLL,0,0,0,0,0,0,1,0,1,1,2
OLL,OLQD,0,0,0,0,0,0,0,0,0,2,1
OLL,OLQV,0,0,0,0,0,1,1,0,1,3,1
OLL,RIB,6,8,16,12,22,23,24,27,26,22,18
OLL,RIG,0,0,0,0,0,0,0,0,0,0,1
OLL,RIP,0,0,0,0,0,0,0,0,0,0,1
OLL,RIS,0,0,0,0,0,1,0,0,0,0,0
OLL,RMDD,0,0,3,6,13,13,22,26,26,14,20
OLL,RMDL/R,0,0,1,1,2,2,5,8,2,3,0
OLL,RMDV,0,2,5,6,15,9,22,32,16,9,11
OLL,RMED,0,0,0,0,0,2,3,0,4,5,6
OLL,RMEL/R,0,0,0,0,1,5,5,2,6,5,4
OLL,RMEV,0,0,0,0,1,1,1,1,10,3,2
OLL,RMG,0,0,1,0,0,0,1,0,0,0,0
OLL,SIAV,0,0,0,0,0,0,0,0,1,0,0
OLL,SMBV,0,0,0,0,0,0,0,0,0,0,1
OLL,SMDD,4,6,7,7,8,10,15,15,10,12,12
OLL,SMDV,4,8,8,9,8,10,13,13,15,14,15
OLL,URAD,0,0,0,0,0,0,0,0,1,0,0
OLL,URB,0,0,0,0,0,0,0,0,2,1,3
OLL,URX,0,0,0,0,0,0,1,0,0,0,0
OLL,URYD,0,0,0,0,0,0,0,0,3,3,1
OLL,URYV,0,0,0,0,1,0,1,1,2,5,1
OLQD,AVA,1,0,0,0,0,0,0,0,0,0,0
OLQD,AVB,0,0,0,0,0,0,0,0,1,0,0
OLQD,AVE,0,0,0,0,0,0,0,0,6,4,4
OLQD,CEPD,0,0,0,0,0,0,0,1,1,1,0
OLQD,IL1D,0,0,0,0,0,1,1,2,1,1,4
OLQD,IL2D,0,0,0,0,0,0,1,1,0,0,0
OLQD,IL2L/R,1,3,2,2,4,2,11,9,1,1,0
OLQD,OLL,0,0,0,0,0,0,0,0,3,3,2
OLQD,RIB,0,0,0,0,0,0,0,0,1,1,3
OLQD,RIC,5,3,3,2,4,2,4,4,4,5,3
OLQD,RIH,0,0,0,0,0,0,2,1,0,1,0
OLQD,RMDD,1,4,2,2,3,5,10,9,12,8,10
OLQD,RMDV,0,1,0,0,0,0,0,0,7,4,4
OLQD,RMED,0,0,0,0,1,0,0,0,0,0,0
OLQD,RMEL/R,0,0,0,0,0,1,1,0,0,0,0
OLQD,RMEV,0,0,0,0,0,0,0,1,0,0,0
OLQD,RMF,0,0,0,0,0,0,0,0,0,1,0
OLQD,RMH,0,0,0,0,0,0,2,3,3,3,6
OLQD,SIAD,0,0,0,0,0,0,0,1,0,0,0
OLQD,SIBV,1,3,2,2,3,5,10,9,8,6,6
OLQD,SMBD,0,0,0,0,0,1,1,2,1,3,1
OLQD,URAD,0,0,0,0,1,0,0,0,0,0,1
OLQD,URB,0,0,0,0,0,0,0,0,1,2,0
OLQD,URX,0,0,0,0,0,0,0,0,0,0,1
OLQD,URYD,0,1,0,0,0,0,0,0,2,5,2
OLQV,ADA,0,0,0,0,0,0,0,0,0,3,1
OLQV,AVD,0,0,0,0,0,0,0,0,0,1,1
OLQV,AVE,0,0,0,0,0,0,0,0,4,3,5
OLQV,IL1V,0,0,0,0,0,1,2,0,1,4,2
OLQV,IL2L/R,3,3,2,2,3,4,5,7,0,2,1
OLQV,IL2V,0,0,0,0,0,0,0,1,1,2,0
OLQV,OLL,0,0,0,0,0,0,0,0,3,6,2
OLQV,PVP,0,0,0,0,0,0,1,0,0,0,0
OLQV,RIB,0,0,0,0,0,0,0,0,4,2,3
OLQV,RIC,4,2,2,2,2,2,2,3,3,1,3
OLQV,RIG,0,0,0,0,0,0,1,0,0,0,0
OLQV,RIH,1,1,0,0,0,0,0,1,0,0,0
OLQV,RMDD,0,1,0,0,0,0,0,0,3,8,1
OLQV,RMDV,2,3,2,4,7,8,11,12,12,10,5
OLQV,RMED,0,0,0,0,0,0,1,2,0,1,0
OLQV,RMEL/R,0,0,0,0,0,1,2,1,0,1,1
OLQV,RMF,0,0,0,0,0,0,0,0,0,0,1
OLQV,RMG,0,0,0,0,0,0,0,0,0,0,1
OLQV,RMH,0,0,0,1,0,0,1,1,5,3,4
OLQV,SIAV,0,0,0,0,0,0,0,0,1,0,0
OLQV,SIBD,1,2,2,4,7,8,12,12,9,8,5
OLQV,SIBV,0,0,0,0,0,0,0,0,0,1,0
OLQV,SMBV,1,0,0,0,0,0,0,0,1,0,0
OLQV,SMDV,0,0,0,0,0,0,0,0,0,0,1
OLQV,URAV,0,0,0,0,0,0,0,0,0,0,2
OLQV,URB,0,0,0,0,0,0,0,1,0,1,1
OLQV,URYV,0,0,0,0,0,0,0,0,0,3,1
PLN,ALN,0,0,0,0,0,0,0,0,0,1,0
PLN,AVB,0,0,0,0,0,0,1,0,0,0,0
PLN,BWM03V,0,0,0,0,0,0,1,0,0,0,0
PLN,BWM06V,0,0,0,0,0,0,0,0,0,1,0
PLN,FLP,0,0,0,0,0,0,0,0,0,0,1
PLN,RID,0,0,0,0,0,0,1,0,0,0,0
PLN,RIG,0,0,0,0,0,0,0,0,2,1,0
PLN,RIM,0,0,0,0,0,0,0,0,0,1,0
PLN,RIV,0,0,0,0,0,0,0,0,1,1,0
PLN,RMDV,0,0,0,0,0,0,0,0,0,4,0
PLN,RMF,0,0,0,0,0,0,0,0,0,1,0
PLN,RMG,0,0,0,0,0,0,3,3,5,5,0
PLN,RMH,0,0,0,0,0,0,0,0,0,1,0
PLN,SAAD,0,0,0,0,0,0,8,18,19,20,5
PLN,SAAV,0,0,0,0,0,0,1,1,0,0,0
PLN,SMBV,0,0,0,0,0,0,11,14,16,17,6
PLN,SMDV,0,0,0,0,0,0,3,3,2,1,0
PVC,ADA,0,0,0,0,1,0,1,1,0,0,0
PVC,ADE,0,0,0,0,1,0,0,0,0,0,0
PVC,ADL,0,0,0,0,0,0,0,0,1,0,0
PVC,AIB,0,0,0,0,0,0,0,0,0,0,1
PVC,AQR,0,0,0,0,2,0,0,1,0,2,0
PVC,AVA,0,1,1,2,9,4,7,8,4,6,7
PVC,AVB,3,4,8,7,7,21,34,33,30,27,10
PVC,AVD,1,1,2,4,2,13,13,12,4,7,1
PVC,AVE,1,2,3,4,3,6,11,8,2,6,3
PVC,AVH,0,1,1,0,0,0,0,2,1,1,0
PVC,AVJ,0,0,1,0,0,1,2,5,2,2,1
PVC,AVK,0,0,0,0,0,0,0,1,0,0,0
PVC,AVM,0,0,0,0,0,0,0,0,1,3,0
PVC,BDU,1,0,0,0,0,0,0,0,0,0,0
PVC,DVA,0,0,0,0,1,0,0,0,0,0,1
PVC,FLP,0,0,0,2,0,1,0,1,1,2,3
PVC,PVC,0,0,0,2,0,1,0,1,0,0,0
PVC,PVP,0,0,0,0,0,0,0,0,1,0,0
PVC,RIC,0,0,0,0,0,0,0,0,2,0,0
PVC,RID,1,1,3,4,1,8,10,6,0,5,1
PVC,RIH,1,0,0,0,0,0,0,0,0,0,0
PVC,RIM,0,0,0,0,0,0,0,0,1,0,0
PVC,RIP,0,0,0,0,0,0,0,0,1,0,0
PVC,RIS,1,0,0,1,0,1,1,1,0,0,0
PVC,RMDV,0,0,0,0,0,0,0,0,1,1,0
PVC,RMG,0,0,0,0,0,0,0,0,2,0,0
PVC,SAAV,0,0,0,0,0,0,0,1,0,0,0
PVC,SDQ,0,0,0,0,0,0,1,0,0,0,0
PVC,SIAD,0,0,0,0,0,0,0,0,0,0,1
PVC,SIAV,3,2,1,2,0,1,1,0,0,0,0
PVC,SIBD,0,0,0,3,0,2,3,7,3,5,2
PVC,SIBV,1,0,0,1,0,2,3,6,5,2,1
PVC,SMBD,1,0,0,0,0,0,0,0,0,0,0
PVP,ADA,1,0,0,0,0,1,1,2,3,1,0
PVP,ADE,0,0,0,0,0,0,0,0,0,1,0
PVP,AIB,0,2,0,2,0,0,3,1,3,1,2
PVP,AQR,0,0,0,0,7,2,5,4,2,3,1
PVP,ASH,0,0,0,0,1,0,0,1,0,0,0
PVP,AVA,2,3,2,1,5,6,7,7,3,6,8
PVP,AVB,3,4,2,2,11,15,22,25,17,23,14
PVP,AVD,0,2,0,0,0,0,0,1,1,0,1
PVP,AVE,0,0,0,1,0,0,1,3,0,0,3
PVP,AVF,0,0,0,0,1,0,2,0,0,0,0
PVP,AVH,1,1,1,1,0,0,4,2,1,0,2
PVP,AVJ,1,0,0,0,2,0,0,1,0,1,0
PVP,AVK,0,0,0,0,0,0,1,0,0,1,0
PVP,AVM,0,0,0,0,0,0,0,0,0,1,0
PVP,DVA,0,1,0,1,1,0,2,0,1,1,1
PVP,DVC,0,0,0,0,0,1,0,0,0,0,0
PVP,PVC,1,0,3,1,8,12,10,12,3,9,2
PVP,PVP,0,0,0,0,0,0,0,0,0,0,1
PVP,RIA,0,0,0,0,0,0,0,2,0,0,0
PVP,RIC,0,0,0,0,0,0,0,0,1,1,0
PVP,RID,1,1,0,0,0,1,0,0,0,0,0
PVP,RIF,0,0,0,0,0,1,0,3,1,1,1
PVP,RIG,1,2,1,2,1,1,1,1,6,9,2
PVP,RIM,0,0,0,0,0,0,0,0,2,0,1
PVP,RIR,1,2,0,0,0,0,1,2,0,0,0
PVP,RIS,0,0,0,0,1,0,0,0,0,0,0
PVP,RIV,0,0,0,0,0,0,0,0,0,0,1
PVP,RMDV,0,0,0,0,0,0,0,0,0,0,1
PVP,RMF,0,0,0,0,0,0,1,1,0,0,0
PVP,SAAD,0,0,0,0,1,0,0,0,0,0,0
PVP,SIAD,0,0,0,0,0,0,1,0,0,0,0
PVP,SIAV,0,0,0,0,0,0,0,0,0,0,1
PVP,SIBD,0,0,0,0,0,0,0,0,0,0,4
PVP,SIBV,0,0,0,0,0,0,0,0,0,0,6
PVP,SMBD,0,0,0,0,1,0,0,0,0,0,0
PVP,URX,1,2,1,0,2,0,0,0,3,0,0
PVP,URYV,0,1,0,0,0,0,0,0,0,0,0
PVQ,ADA,0,0,0,0,0,1,0,0,0,0,0
PVQ,ADF,0,0,0,0,0,0,0,0,0,0,1
PVQ,ADL,0,0,0,0,0,2,0,3,0,3,0
PVQ,AIA,7,11,6,10,13,20,18,18,13,8,3
PVQ,AIB,0,2,0,0,0,0,0,0,0,0,0
PVQ,AIM,0,1,2,0,2,2,1,1,0,2,0
PVQ,AIN,0,0,0,0,0,0,0,0,0,0,1
PVQ,ALA,0,0,0,0,0,0,1,2,3,2,1
PVQ,ASE,0,0,0,0,0,0,1,2,1,1,1
PVQ,ASG,0,0,0,0,0,0,1,0,0,0,0
PVQ,ASH,0,1,0,0,1,4,0,0,1,1,1
PVQ,ASJ,2,1,2,3,3,1,2,2,0,1,0
PVQ,ASK,3,7,3,12,11,10,9,16,11,8,1
PVQ,AVF,0,0,0,0,1,5,0,4,7,3,3
PVQ,AVM,0,0,0,0,0,0,1,0,0,0,0
PVQ,AWA,0,0,1,1,1,0,1,1,1,5,3
PVQ,BDU,0,0,0,0,0,0,0,0,4,4,3
PVQ,CEPV,0,0,1,0,0,0,0,0,0,0,0
PVQ,HSN,0,0,0,0,0,0,2,5,0,0,0
PVQ,PVC,0,0,0,0,0,0,1,0,0,0,0
PVQ,PVW,0,0,0,0,0,0,1,0,0,0,0
PVQ,RIF,0,0,0,0,0,1,0,0,0,0,3
PVQ,RIP,0,0,0,0,0,0,0,0,21,13,10
PVQ,RMG,0,0,0,0,0,1,2,0,0,2,2
PVR,ADA,0,0,0,0,0,0,0,0,1,0,0
PVR,AVB,3,3,4,8,13,1,20,19,10,12,11
PVR,AVD,0,1,0,0,0,0,0,0,0,0,0
PVR,AVJ,2,1,3,7,5,2,7,12,5,6,10
PVR,AVM,0,0,0,0,0,0,0,0,0,0,1
PVR,BDU,0,0,0,0,0,1,0,0,0,0,0
PVR,CEPD,0,0,0,0,0,1,0,0,0,0,0
PVR,CEPV,1,1,0,1,1,0,0,0,3,1,4
PVR,IL1D,0,0,1,2,3,1,3,1,4,2,0
PVR,IL1V,1,1,0,3,4,0,6,7,2,4,3
PVR,PVW,0,0,0,0,0,0,0,0,2,1,1
PVR,RIC,0,0,0,0,0,0,0,0,1,0,1
PVR,RID,0,0,0,0,0,0,0,0,0,1,0
PVR,RIP,2,1,2,5,14,1,19,15,11,14,2
PVR,RIV,0,0,0,0,1,0,0,0,0,0,1
PVR,RMDL/R,0,0,0,0,0,0,0,0,0,0,1
PVR,SIBV,0,0,0,0,1,0,0,0,0,0,0
PVR,URAD,0,0,1,0,1,0,0,0,0,1,0
PVR,URAV,0,0,0,0,0,0,0,0,0,0,1
PVR,URYV,1,1,0,1,1,0,0,0,0,0,0
PVT,AIB,1,0,3,2,5,6,9,8,2,1,0
PVT,AVB,0,0,0,0,0,0,0,0,1,0,2
PVT,AVE,0,1,0,0,0,0,1,0,0,0,0
PVT,AVK,3,5,5,13,17,8,21,26,9,5,6
PVT,AVL,0,0,0,2,2,1,6,7,3,2,0
PVT,DVC,0,1,0,2,4,4,2,13,2,2,6
PVT,IL1V,0,0,0,0,1,0,0,0,0,0,0
PVT,IL2V,0,0,0,0,2,0,1,2,0,1,1
PVT,OLL,0,0,1,0,0,0,0,0,0,0,0
PVT,OLQV,0,1,0,1,0,1,0,0,0,0,1
PVT,PVP,0,0,0,0,0,0,0,0,0,0,1
PVT,RIB,0,0,0,0,0,0,0,0,2,4,4
PVT,RID,0,0,0,0,0,1,0,0,0,0,0
PVT,RIG,3,4,1,5,4,4,8,7,3,1,4
PVT,RIH,0,0,1,0,1,0,3,0,0,1,0
PVT,RIM,0,0,1,0,0,0,0,0,0,0,0
PVT,RIR,0,0,1,1,0,1,0,0,0,0,0
PVT,RIS,0,0,0,0,0,0,0,0,1,0,0
PVT,RMEL/R,0,0,0,0,0,0,0,0,1,1,1
PVT,RMEV,0,1,0,1,0,1,1,0,1,2,0
PVT,RMF,0,0,0,0,0,7,13,8,10,11,9
PVT,RMH,0,0,0,0,0,0,0,0,1,1,1
PVT,SAAD,0,1,0,1,0,0,0,0,0,0,0
PVT,SMBD,0,0,1,0,1,0,1,0,0,0,0
PVT,SMBV,0,0,1,0,0,0,0,0,0,0,0
PVT,URAV,0,0,0,0,2,1,1,2,0,0,0
PVT,URB,0,0,1,0,0,0,0,0,0,0,0
PVT,URX,0,0,0,0,0,0,0,0,0,0,1
PVT,URYD,0,0,0,0,0,0,0,0,1,0,0
PVT,URYV,0,0,0,0,1,0,0,1,1,2,1
PVW,ADE,0,0,0,0,0,0,0,0,1,0,0
PVW,AIA,0,0,0,0,0,0,1,0,0,0,0
PVW,AIM,0,0,0,0,0,0,0,0,0,0,3
PVW,AIZ,0,0,0,0,0,0,1,0,0,0,0
PVW,ALM,0,0,0,0,0,0,1,2,3,5,0
PVW,AQR,0,0,0,0,0,0,0,0,1,0,1
PVW,ASH,0,0,0,0,0,0,0,0,1,0,2
PVW,ASJ,0,0,0,0,0,0,2,0,0,0,0
PVW,AVA,0,0,0,0,0,0,0,0,1,0,0
PVW,AVB,0,0,0,0,0,0,3,0,7,9,2
PVW,AVD,0,0,0,0,0,0,2,0,1,2,0
PVW,AVE,0,0,0,0,0,0,0,1,0,0,0
PVW,AVF,0,0,0,0,0,0,1,0,5,1,1
PVW,AVH,0,0,0,0,0,0,0,0,1,1,0
PVW,AVJ,0,0,0,0,0,0,1,6,5,3,3
PVW,AVM,0,0,0,0,0,0,1,1,5,5,0
PVW,BDU,0,0,0,0,0,0,8,14,5,3,1
PVW,CEPD,0,0,0,0,0,0,0,0,0,1,0
PVW,CEPV,0,0,0,0,0,0,0,1,1,0,2
PVW,DVA,0,0,0,0,0,0,0,0,0,0,2
PVW,HSN,0,0,0,0,0,0,3,0,0,0,0
PVW,IL2D,0,0,0,0,0,0,0,0,1,1,0
PVW,PVC,0,0,0,0,0,0,0,0,0,1,0
PVW,PVP,0,0,0,0,0,0,0,0,0,0,2
PVW,PVR,0,0,0,0,0,0,0,0,1,6,1
PVW,PVW,0,0,0,0,0,0,2,4,11,4,3
PVW,RIC,0,0,0,0,0,0,0,0,1,1,1
PVW,RIF,0,0,0,0,0,0,2,2,2,1,2
PVW,RIP,0,0,0,0,0,0,0,0,9,2,3
PVW,RIV,0,0,0,0,0,0,0,0,0,0,1
PVW,RMDD,0,0,0,0,0,0,0,0,0,0,2
PVW,RMG,0,0,0,0,0,0,0,1,4,3,4
PVW,SDQ,0,0,0,0,0,0,1,0,0,1,2
PVW,SIBV,0,0,0,0,0,0,0,0,0,0,1
PVW,SMBD,0,0,0,0,0,0,0,0,0,1,0
PVW,SMBV,0,0,0,0,0,0,1,0,0,0,0
PVW,URAD,0,0,0,0,0,0,0,0,1,1,1
PVW,URYD,0,0,0,0,0,0,0,0,0,1,0
RIA,AIB,0,0,0,0,0,0,0,0,0,0,1
RIA,BWM04D,0,0,0,0,0,0,0,0,0,0,2
RIA,BWM05D,0,0,0,0,0,0,0,0,0,0,1
RIA,BWM06D,0,0,0,0,0,0,0,0,0,0,1
RIA,CEPD,0,2,1,1,6,3,2,2,2,1,4
RIA,CEPV,2,1,1,3,6,3,2,5,0,2,1
RIA,IL1L/R,0,0,1,1,0,0,3,3,3,2,3
RIA,OLQD,0,0,0,0,0,1,0,0,0,0,0
RIA,OLQV,0,0,0,0,0,0,0,0,0,0,1
RIA,RIA,6,12,19,32,43,40,44,99,55,32,64
RIA,RIC,1,0,0,0,0,0,0,0,0,0,0
RIA,RIV,0,1,2,2,8,9,9,13,11,10,13
RIA,RMDD,24,25,36,43,43,56,81,86,52,47,56
RIA,RMDL/R,9,18,27,32,47,48,65,102,60,47,59
RIA,RMDV,22,33,30,42,51,65,86,89,59,54,61
RIA,RMEV,0,0,0,0,0,0,0,0,0,1,0
RIA,RMF,0,0,0,0,0,0,0,1,1,0,2
RIA,RMH,0,0,0,0,1,1,0,0,0,0,0
RIA,SAAD,0,0,0,0,0,0,0,0,2,0,1
RIA,SDQ,0,0,0,0,0,0,1,0,0,0,0
RIA,SIAD,1,5,5,10,13,7,23,28,16,20,21
RIA,SIAV,3,8,2,6,13,11,19,19,18,24,17
RIA,SIBD,0,0,0,0,0,0,1,0,3,1,1
RIA,SIBV,0,0,0,0,0,0,0,0,0,1,4
RIA,SMBD,0,1,0,0,0,0,3,1,0,0,0
RIA,SMBV,0,0,0,0,0,0,2,1,0,0,0
RIA,SMDD,11,14,21,32,37,52,58,74,49,50,46
RIA,SMDV,10,17,18,38,46,52,71,71,52,46,60
RIB,ADF,0,0,0,0,0,0,0,0,0,0,1
RIB,AIB,1,1,3,2,6,4,11,10,6,5,5
RIB,AIZ,0,0,0,1,2,0,0,1,3,0,4
RIB,AUA,0,1,1,0,2,1,3,3,2,3,5
RIB,AVA,3,5,2,2,1,2,5,6,1,3,2
RIB,AVB,0,1,0,0,0,0,0,0,0,0,2
RIB,AVD,1,2,2,2,1,1,3,0,1,2,0
RIB,AVE,2,9,7,12,17,12,25,29,19,17,17
RIB,AWB,0,0,0,0,0,0,0,1,0,0,0
RIB,BAG,3,3,5,5,6,11,14,16,11,13,15
RIB,CEPD,0,0,1,0,0,0,0,1,0,1,0
RIB,CEPV,0,0,0,0,0,0,0,1,1,0,0
RIB,DVA,0,1,0,0,1,2,1,1,0,0,0
RIB,OLL,0,0,1,1,0,0,2,1,1,2,0
RIB,OLQV,0,0,0,1,0,0,0,0,0,0,0
RIB,RIA,3,1,4,5,5,4,4,8,3,4,5
RIB,RID,0,0,0,1,0,0,0,0,0,0,0
RIB,RIG,0,0,1,0,0,1,1,3,2,3,2
RIB,RIH,0,0,0,0,0,0,1,1,1,1,1
RIB,RIM,0,1,0,0,0,1,3,0,2,1,2
RIB,RIS,1,2,2,3,1,1,3,5,3,3,4
RIB,RMDL/R,0,0,0,0,2,0,0,3,0,0,1
RIB,RMEL/R,0,0,0,0,0,0,0,0,0,1,0
RIB,RMEV,0,0,0,0,0,0,0,0,0,1,0
RIB,RMF,0,0,0,0,0,0,0,2,0,0,0
RIB,SIBV,0,0,0,0,0,0,0,0,0,1,0
RIB,SMDD,0,0,0,2,3,0,2,3,1,3,3
RIB,SMDV,0,2,1,4,4,3,4,4,5,5,4
RIB,URYD,0,0,0,0,1,0,2,2,1,1,0
RIB,URYV,0,0,0,2,1,0,2,3,3,2,0
RIC,ADA,2,2,2,4,2,4,3,5,3,1,1
RIC,AIB,0,0,1,0,1,3,7,4,0,0,0
RIC,AQR,0,0,0,0,0,0,0,0,0,0,1
RIC,AVA,7,11,8,15,20,26,36,33,1,4,0
RIC,AVB,0,0,0,0,0,0,2,0,36,29,20
RIC,AVD,0,0,0,0,0,0,1,0,2,0,0
RIC,AVJ,0,0,0,0,0,0,0,0,0,0,1
RIC,BWM04V,1,0,0,0,1,0,0,0,0,0,0
RIC,CEPD,0,0,1,0,0,0,4,1,0,1,1
RIC,CEPV,1,0,1,0,1,2,5,3,0,1,1
RIC,IL1D,0,0,0,0,0,0,0,0,0,0,1
RIC,IL2D,0,0,0,0,0,0,0,0,0,0,1
RIC,PVC,0,0,0,0,0,0,1,0,1,0,0
RIC,RIC,0,2,1,0,0,0,1,5,3,2,1
RIC,RIM,0,0,0,0,5,2,10,7,0,1,0
RIC,RIS,0,0,0,0,0,0,0,1,0,0,0
RIC,RIV,0,0,0,1,0,1,2,4,0,1,1
RIC,RMDD,1,0,0,0,0,0,0,0,0,0,0
RIC,RMDL/R,0,0,0,0,2,1,0,0,0,0,0
RIC,RMG,0,0,0,0,0,0,1,0,0,0,1
RIC,RMH,0,0,0,6,3,0,2,3,0,0,0
RIC,SAAD,0,0,0,0,1,1,0,2,0,0,0
RIC,SAAV,0,0,1,0,2,0,0,0,0,0,0
RIC,SDQ,0,0,0,0,0,0,0,0,1,1,0
RIC,SIBD,0,0,0,0,0,1,0,0,1,0,0
RIC,SIBV,0,1,0,0,1,0,0,0,0,3,2
RIC,SMBD,0,0,0,4,3,2,2,5,0,1,0
RIC,SMDD,4,6,4,7,9,13,12,18,2,1,2
RIC,SMDV,0,4,0,3,5,10,6,5,3,1,2
RIC,URB,0,0,0,0,0,1,0,2,1,0,0
RIC,URX,0,0,0,0,0,0,1,1,0,0,0
RIC,URYD,0,0,0,0,0,0,0,0,0,1,0
RIC,URYV,0,0,1,0,0,0,0,0,0,0,0
RID,RIC,0,0,0,0,0,0,0,0,1,0,0
RID,RMG,0,0,0,0,0,0,0,0,1,0,0
RID,SIBV,0,0,0,0,0,0,0,0,1,0,0
RIF,ADA,0,0,3,1,1,2,0,2,10,16,13
RIF,ADF,0,0,0,0,0,0,0,0,0,1,0
RIF,ADL,0,0,0,0,0,0,0,0,1,0,0
RIF,AIA,0,0,0,0,0,0,2,0,0,2,0
RIF,AIB,0,0,0,0,0,0,1,0,0,0,0
RIF,AIM,0,0,0,0,0,0,2,0,2,0,3
RIF,AIZ,0,0,0,0,0,0,0,0,3,1,3
RIF,ALM,1,1,0,1,2,1,3,2,1,1,0
RIF,AQR,0,0,0,0,0,0,1,0,0,0,1
RIF,ASH,5,4,3,2,2,3,3,1,1,5,2
RIF,AUA,0,0,0,0,0,1,0,0,0,0,0
RIF,AVA,0,0,0,0,0,0,0,0,0,3,0
RIF,AVB,6,10,9,10,18,17,30,31,13,19,18
RIF,AVD,0,0,0,0,0,0,1,0,0,0,0
RIF,AVE,1,0,0,0,0,0,0,1,2,1,0
RIF,AVF,0,0,0,0,0,2,6,1,1,1,1
RIF,AVH,0,0,0,0,2,2,3,7,4,5,5
RIF,AVJ,3,9,7,5,7,7,5,5,3,9,4
RIF,AWA,0,0,0,0,0,0,0,0,2,0,0
RIF,AWB,0,0,0,0,0,0,0,0,0,1,0
RIF,BDU,0,0,0,4,0,1,1,2,0,2,6
RIF,DVA,0,0,0,0,0,0,0,0,0,1,0
RIF,HSN,0,0,0,0,0,0,2,2,0,0,0
RIF,PVC,0,0,0,1,0,0,0,0,0,0,0
RIF,PVP,0,1,0,2,1,6,3,9,4,2,3
RIF,PVQ,1,0,0,0,0,0,0,0,0,0,3
RIF,PVW,0,0,0,0,0,0,3,0,0,1,0
RIF,RIC,0,0,0,0,0,0,0,0,1,0,0
RIF,RIF,0,0,0,0,0,0,0,0,1,0,0
RIF,RIM,0,3,4,3,9,7,17,11,11,8,9
RIF,RIP,0,0,0,0,0,0,0,0,1,1,1
RIF,RIR,0,0,0,0,0,0,0,0,2,1,1
RIF,RMG,0,0,0,0,0,0,1,0,1,1,1
RIF,SDQ,0,0,0,0,2,0,0,0,1,0,0
RIF,URX,0,0,0,0,0,0,0,1,0,0,0
RIG,ADE,0,0,0,1,0,0,0,0,0,0,0
RIG,ADF,0,0,0,0,0,0,0,1,0,0,0
RIG,AIB,1,3,1,5,3,2,6,8,1,0,1
RIG,AIY,0,0,0,0,0,0,0,0,0,0,2
RIG,AIZ,1,1,1,5,10,8,23,19,10,17,13
RIG,ALN,0,0,0,0,0,0,3,1,6,5,4
RIG,AQR,0,0,0,0,0,0,0,0,1,0,2
RIG,ASH,0,0,0,0,0,0,1,0,0,0,0
RIG,AUA,0,0,0,0,0,0,0,0,0,0,1
RIG,AVA,0,0,0,0,0,0,0,0,0,0,1
RIG,AVB,0,0,0,0,0,0,1,0,1,1,1
RIG,AVD,0,0,1,0,0,0,0,0,1,0,0
RIG,AVE,1,2,1,9,7,10,23,19,10,15,14
RIG,AVH,0,0,0,1,0,0,0,0,0,2,0
RIG,AVK,3,4,6,7,7,6,10,8,6,5,8
RIG,AVL,0,0,0,0,0,0,0,0,0,0,1
RIG,BAG,4,3,4,5,4,5,18,20,5,4,3
RIG,CEPV,0,0,0,0,0,0,0,0,0,0,1
RIG,DVC,0,2,0,3,1,1,0,5,0,0,4
RIG,IL1D,0,1,0,0,0,0,0,0,0,0,0
RIG,IL2L/R,0,0,0,0,0,0,0,0,0,0,2
RIG,IL2V,0,0,0,0,0,0,0,0,0,1,7
RIG,OLL,0,0,0,0,0,0,0,0,0,0,1
RIG,OLQD,0,1,0,0,0,0,1,0,0,0,0
RIG,OLQV,2,2,2,3,2,3,5,3,0,1,1
RIG,PLN,0,0,0,0,0,0,2,1,5,1,0
RIG,PVP,0,0,0,0,0,0,1,0,3,5,1
RIG,PVQ,0,0,0,0,0,0,1,0,0,0,0
RIG,PVT,1,1,0,0,0,1,0,1,0,0,0
RIG,RIA,3,2,1,1,1,0,1,6,2,3,4
RIG,RIB,2,4,6,4,4,6,4,10,2,2,2
RIG,RIG,0,0,0,0,0,1,0,0,1,0,3
RIG,RIH,0,0,0,0,0,0,0,0,2,0,1
RIG,RIM,0,0,1,0,1,0,1,0,0,0,1
RIG,RIR,2,3,0,3,2,4,2,3,5,7,6
RIG,RIS,0,0,0,0,0,0,0,0,1,0,3
RIG,RIV,0,0,0,0,0,1,0,3,0,0,0
RIG,RMDL/R,0,0,0,0,0,0,0,0,0,0,1
RIG,RMED,0,0,0,0,0,0,0,0,0,0,1
RIG,RMEL/R,0,1,0,0,0,0,0,0,0,0,0
RIG,RMF,0,0,0,0,0,4,9,10,3,4,1
RIG,RMG,2,2,7,2,4,2,4,1,1,0,0
RIG,RMH,0,0,0,1,8,7,11,12,8,4,9
RIG,SAAD,0,0,1,0,0,0,0,2,0,0,0
RIG,SMDV,0,0,0,0,0,0,0,0,0,0,1
RIG,URAV,0,0,0,0,0,0,0,0,0,0,2
RIG,URX,0,1,0,1,0,1,1,0,2,3,4
RIG,URYD,0,2,1,0,1,0,0,2,0,0,0
RIG,URYV,2,3,1,4,3,2,2,2,1,2,2
RIH,ADF,0,0,0,0,1,0,0,0,0,0,0
RIH,AIY,0,0,0,0,0,0,2,1,2,6,0
RIH,AIZ,3,4,8,1,8,7,10,13,20,16,11
RIH,AUA,0,0,0,0,2,1,2,2,0,1,1
RIH,AVE,0,0,0,0,0,1,1,1,0,0,0
RIH,BAG,0,0,3,0,3,2,2,1,5,1,2
RIH,BWM01V,0,0,1,0,0,0,0,0,0,0,0
RIH,CEPD,0,1,3,3,1,5,7,5,2,3,0
RIH,CEPV,0,1,0,0,0,2,6,6,0,0,0
RIH,DVA,0,0,0,0,0,0,0,0,0,1,0
RIH,DVC,0,0,0,0,0,0,0,0,4,3,0
RIH,FLP,0,0,0,0,0,0,0,0,0,0,1
RIH,IL1V,0,0,0,0,0,1,1,2,5,3,1
RIH,IL2D,0,0,0,4,2,0,0,0,7,6,2
RIH,IL2L/R,3,0,0,2,1,1,2,3,1,0,1
RIH,IL2V,0,3,2,0,2,3,2,0,8,5,1
RIH,OLQD,3,2,6,6,5,6,16,12,3,0,2
RIH,OLQV,4,4,3,3,3,5,11,8,7,1,2
RIH,RIA,4,6,9,2,18,20,21,15,28,27,17
RIH,RIB,2,2,3,1,8,8,8,13,6,5,1
RIH,RIG,0,0,0,0,0,0,0,1,0,0,0
RIH,RIM,0,0,0,0,0,0,0,0,2,3,3
RIH,RIP,5,6,7,8,12,8,8,16,7,2,3
RIH,RIR,0,1,1,0,1,2,1,0,4,3,3
RIH,RIS,0,1,0,0,0,0,0,0,0,1,0
RIH,RMED,0,0,0,1,0,0,1,0,0,4,0
RIH,RMEL/R,1,1,1,0,0,2,1,0,0,2,3
RIH,RMEV,0,0,0,0,0,1,1,1,1,1,0
RIH,SIBD,0,0,0,0,0,0,0,0,1,0,0
RIH,URAD,0,0,0,0,0,3,0,0,1,1,0
RIH,URAV,0,0,0,0,0,0,2,0,1,1,0
RIH,URX,0,0,0,0,0,0,0,0,3,4,2
RIH,URYD,0,0,0,0,0,0,0,0,3,1,0
RIH,URYV,0,1,0,0,1,1,2,2,5,5,2
RIM,ADA,0,0,1,0,0,1,2,1,5,1,1
RIM,AIB,3,5,6,5,5,15,20,17,3,7,9
RIM,AIZ,0,0,0,0,0,0,0,1,0,0,0
RIM,AUA,0,0,0,0,0,0,1,0,0,0,0
RIM,AVA,1,1,0,0,1,2,3,3,1,2,0
RIM,AVB,4,5,8,7,8,13,12,15,10,13,10
RIM,AVD,0,1,0,0,0,2,0,0,0,0,2
RIM,AVE,0,0,0,0,0,1,3,1,1,1,1
RIM,AVH,0,0,1,0,0,0,0,0,1,2,0
RIM,AVJ,0,0,0,0,0,1,0,1,0,0,0
RIM,AVK,0,0,0,0,0,1,0,3,0,2,2
RIM,BAG,0,0,0,0,0,0,0,0,0,0,1
RIM,BWM02D,0,0,0,0,0,0,0,0,0,0,3
RIM,BWM02V,0,0,0,0,0,0,0,0,0,1,0
RIM,BWM04D,2,0,2,3,2,3,2,6,3,3,3
RIM,BWM04V,1,2,3,2,1,5,4,4,5,2,1
RIM,BWM06D,0,0,1,2,3,2,4,2,2,2,0
RIM,BWM06V,0,0,1,2,1,1,4,3,2,1,0
RIM,BWM08D,0,0,0,0,0,1,1,0,0,0,1
RIM,BWM08V,0,0,0,0,0,1,0,0,1,0,0
RIM,CEPV,1,0,0,0,0,0,0,0,0,0,0
RIM,OLL,0,0,0,0,0,0,1,0,0,0,0
RIM,PVC,0,1,0,0,0,0,0,0,0,0,0
RIM,RIA,0,0,0,0,0,0,1,0,0,0,0
RIM,RIB,2,4,9,10,11,9,7,15,5,12,8
RIM,RIF,0,0,0,0,0,0,1,0,1,0,0
RIM,RIG,0,0,1,2,1,1,0,1,1,1,1
RIM,RIM,0,0,0,0,0,0,0,1,1,1,0
RIM,RIS,1,1,1,3,0,1,1,3,0,1,4
RIM,RIV,0,0,0,0,1,0,0,0,1,2,0
RIM,RMDL/R,8,7,7,7,11,17,26,21,22,24,10
RIM,RMEV,0,0,0,0,1,0,0,0,0,0,1
RIM,RMF,0,0,0,0,0,6,8,8,3,2,2
RIM,RMG,0,0,1,0,0,0,0,0,0,0,0
RIM,RMH,0,0,0,0,0,0,0,0,0,0,1
RIM,SAAD,2,1,1,2,4,6,10,13,6,5,10
RIM,SAAV,1,5,5,7,10,11,16,19,9,8,8
RIM,SIAD,0,2,0,2,2,2,1,1,2,0,0
RIM,SIBD,0,0,0,0,0,0,0,1,1,0,0
RIM,SIBV,0,1,0,0,0,0,0,0,0,0,0
RIM,SMDD,8,9,9,11,13,18,19,23,17,20,13
RIM,SMDV,6,11,4,9,12,12,16,16,17,13,16
RIP,AIA,0,0,0,0,0,0,0,0,0,0,1
RIP,AIB,0,0,0,0,0,0,0,0,0,0,1
RIP,ASH,0,0,0,0,0,0,0,0,0,0,1
RIP,ASK,0,0,0,0,0,0,0,0,0,0,1
RIP,IL2D,0,0,1,0,0,0,0,0,0,0,0
RIP,PVP,0,0,0,0,0,0,0,0,0,0,1
RIP,RIH,0,0,1,0,0,0,0,0,0,0,0
RIP,RIP,0,0,1,0,0,0,0,0,0,0,0
RIR,ADF,0,0,1,0,0,5,4,3,0,1,0
RIR,AIY,0,0,1,0,0,4,2,2,2,1,0
RIR,AIZ,1,5,6,7,9,14,15,21,3,5,1
RIR,AQR,0,0,0,0,1,0,1,5,3,2,2
RIR,AUA,0,1,1,0,1,1,2,2,1,0,0
RIR,AVA,0,0,1,0,0,0,0,0,0,0,0
RIR,AVD,0,0,0,0,0,0,0,0,0,0,1
RIR,AVE,0,2,0,0,2,2,2,2,0,2,0
RIR,AVH,0,0,0,0,0,1,2,1,0,0,0
RIR,BAG,0,2,1,0,0,0,5,0,6,6,8
RIR,DVA,1,2,3,4,3,1,2,5,0,0,1
RIR,IL2L/R,0,0,0,0,0,0,0,0,0,0,1
RIR,OLQV,0,0,0,0,0,1,1,0,0,0,0
RIR,PVP,1,0,0,0,0,0,0,3,0,0,0
RIR,RIA,4,5,8,5,13,12,19,16,9,10,9
RIR,RIF,0,0,0,0,0,0,0,0,0,0,1
RIR,RIG,0,0,1,0,1,3,2,3,1,0,1
RIR,RIH,0,1,0,0,1,1,0,0,2,0,1
RIR,SMBV,0,0,0,0,0,0,1,2,0,0,0
RIR,URX,3,5,8,9,10,12,19,14,6,5,8
RIR,URYV,0,0,1,0,0,0,0,0,0,0,0
RIS,AIB,0,0,0,0,0,1,0,1,0,1,0
RIS,AVE,5,5,7,11,12,12,16,17,17,11,13
RIS,AVK,0,1,0,5,6,5,17,18,5,6,10
RIS,AVL,0,0,0,0,2,2,3,0,0,0,1
RIS,CEPD,1,2,2,1,3,2,5,4,2,3,3
RIS,CEPV,2,2,2,3,4,5,6,5,5,1,1
RIS,IL1D,0,0,0,0,0,0,0,0,1,0,0
RIS,OLL,0,0,0,0,1,0,0,0,0,0,0
RIS,OLQD,0,0,0,0,0,0,0,1,1,0,0
RIS,RIB,5,3,8,9,5,7,12,22,19,12,19
RIS,RIC,0,0,0,1,0,0,3,1,1,0,0
RIS,RIG,0,0,0,0,0,0,0,0,0,0,1
RIS,RIM,0,2,2,5,7,13,17,17,5,9,10
RIS,RIV,0,0,0,0,0,1,0,0,0,0,0
RIS,RMDD,0,0,0,0,0,0,0,0,0,0,1
RIS,RMDL/R,0,1,4,1,4,7,8,3,12,8,10
RIS,RMDV,0,0,0,0,0,0,0,0,0,0,1
RIS,RMEL/R,0,0,0,0,0,0,0,0,2,2,3
RIS,RMEV,0,0,0,0,0,0,0,1,0,0,1
RIS,RMF,0,0,0,0,0,0,0,1,0,0,0
RIS,RMG,0,1,0,0,0,0,0,0,0,0,0
RIS,SDQ,0,0,0,0,0,0,0,0,0,0,1
RIS,SIBV,0,0,0,0,0,0,0,0,1,0,0
RIS,SMBV,0,0,0,0,0,0,0,0,0,0,1
RIS,SMDD,2,1,1,1,2,4,5,4,0,2,4
RIS,SMDV,0,0,1,0,0,1,2,1,4,2,4
RIS,URAV,0,0,0,0,0,0,0,0,0,0,1
RIS,URYD,0,0,0,1,0,0,1,4,1,0,0
RIS,URYV,0,0,0,0,0,0,2,2,1,0,1
RIV,AIB,0,0,0,0,0,0,0,0,0,0,1
RIV,AVA,0,1,0,0,0,0,0,0,0,0,0
RIV,BWM03V,0,0,1,0,0,0,0,1,0,1,0
RIV,BWM04V,0,0,0,0,0,2,0,5,0,2,1
RIV,BWM05V,0,0,0,3,2,7,11,8,3,2,8
RIV,BWM06V,0,0,0,0,1,5,3,9,0,0,0
RIV,BWM07V,0,0,0,3,1,6,22,11,11,5,0
RIV,BWM08V,0,0,0,0,1,3,1,7,0,1,0
RIV,CEPD,0,0,0,0,0,0,0,0,0,0,1
RIV,CEPV,0,0,0,0,0,0,0,0,3,1,3
RIV,RIA,1,5,6,14,8,7,12,12,8,11,8
RIV,RIB,0,0,0,0,0,0,0,0,0,0,1
RIV,RIC,0,0,0,0,0,0,1,0,1,0,1
RIV,RIH,1,1,1,0,0,1,0,0,0,0,0
RIV,RIM,0,0,0,0,1,0,0,0,0,1,0
RIV,RIR,0,0,0,2,0,0,0,0,0,2,0
RIV,RIS,0,0,0,0,1,0,0,0,0,0,0
RIV,RIV,0,0,0,0,0,0,0,0,2,1,1
RIV,RMDD,1,2,4,6,4,2,1,4,0,1,0
RIV,RMDL/R,1,0,0,4,1,5,4,3,2,1,3
RIV,RMDV,1,0,1,0,1,3,4,10,2,0,4
RIV,RMEV,0,0,0,0,0,0,0,0,0,3,0
RIV,RMF,0,0,0,0,0,0,0,0,1,4,0
RIV,RMG,0,0,0,0,0,0,0,1,0,0,0
RIV,RMH,0,0,0,0,0,0,0,0,0,0,1
RIV,SAAD,3,3,4,7,7,9,6,6,6,9,2
RIV,SDQ,0,0,0,0,0,1,2,0,0,1,2
RIV,SIAV,0,0,0,3,3,7,12,16,4,3,0
RIV,SIBD,0,0,0,0,0,0,0,0,0,0,1
RIV,SMBV,0,0,0,0,0,0,1,0,1,1,0
RIV,SMDD,1,1,1,3,7,4,2,3,4,8,8
RIV,SMDV,0,2,2,2,2,2,2,3,2,2,2
RMDD,BWM01D,2,5,4,6,9,10,10,13,15,12,12
RMDD,BWM02D,5,6,7,6,8,11,17,15,9,8,8
RMDD,BWM02V,0,0,0,0,0,0,0,0,1,0,0
RMDD,BWM03D,2,5,4,6,9,9,6,17,13,14,18
RMDD,BWM04D,0,3,5,6,9,10,19,14,9,8,5
RMDD,BWM04V,0,0,0,0,0,0,1,0,0,0,0
RMDD,BWM05D,0,0,1,0,4,5,7,14,2,3,4
RMDD,BWM06D,0,0,0,0,0,0,1,0,0,1,0
RMDD,BWM07D,0,0,0,0,0,1,6,4,0,1,0
RMDD,CEPD,0,0,0,0,0,0,0,0,0,0,2
RMDD,IL1D,0,0,0,0,0,0,3,0,2,0,1
RMDD,IL1L/R,0,0,0,0,1,0,2,0,2,0,1
RMDD,RMDD,0,0,0,0,2,1,3,1,4,0,5
RMDD,RMDL/R,0,0,0,0,0,0,1,0,0,0,0
RMDD,RMDV,8,11,12,8,18,16,22,23,19,13,16
RMDD,RMED,0,0,0,0,0,0,0,2,2,4,0
RMDD,RMEL/R,0,0,0,0,1,0,0,0,0,0,1
RMDD,RMEV,0,0,0,0,0,0,1,4,2,1,3
RMDD,SMBD,0,0,0,0,0,2,2,1,1,0,2
RMDD,SMDV,0,0,0,0,0,0,0,0,0,0,1
RMDD,URAD,0,0,0,0,0,1,0,1,1,2,4
RMDD,URYD,0,0,0,0,0,1,0,2,0,0,0
RMDL/R,ADE,0,0,0,0,0,0,0,1,0,0,0
RMDL/R,AVE,0,0,1,2,0,0,0,1,0,0,0
RMDL/R,BWM02D,2,3,2,1,1,1,3,3,3,3,6
RMDL/R,BWM02V,2,2,4,3,4,2,4,7,5,5,5
RMDL/R,BWM04D,1,3,3,1,2,7,7,12,5,5,9
RMDL/R,BWM04V,0,1,3,1,5,7,12,14,8,5,4
RMDL/R,BWM06D,0,1,0,2,0,1,5,3,1,1,2
RMDL/R,BWM06V,0,0,0,0,0,0,6,2,1,0,0
RMDL/R,BWM08D,0,0,0,0,0,0,4,1,0,0,1
RMDL/R,CEPD,0,0,0,0,0,0,0,0,0,0,1
RMDL/R,CEPV,0,0,1,0,1,0,1,0,1,1,0
RMDL/R,IL1L/R,4,5,4,5,3,5,4,4,3,4,1
RMDL/R,IL2L/R,2,2,2,0,2,2,1,0,0,0,0
RMDL/R,OLL,1,1,2,4,0,1,1,0,0,0,0
RMDL/R,RIA,7,9,12,19,26,25,36,44,28,27,21
RMDL/R,RIM,0,0,0,0,0,0,2,1,0,0,0
RMDL/R,RIV,0,0,0,0,0,0,0,1,0,0,1
RMDL/R,RMDD,2,4,5,5,3,6,4,6,7,7,6
RMDL/R,RMDL/R,4,7,12,14,16,15,12,19,13,11,12
RMDL/R,RMDV,4,2,1,5,4,3,4,3,3,6,6
RMDL/R,RMEL/R,0,0,0,0,1,1,2,4,8,3,5
RMDL/R,RMF,0,0,0,0,0,0,0,5,2,3,4
RMDL/R,RMG,0,2,2,0,1,1,1,0,0,0,2
RMDL/R,RMH,0,0,0,0,2,2,4,4,1,1,7
RMDL/R,SIAV,0,0,0,0,2,0,2,0,1,0,0
RMDL/R,SIBD,0,0,0,0,1,0,0,1,2,1,0
RMDL/R,SIBV,0,0,0,0,0,0,0,0,0,1,1
RMDL/R,SMBV,0,0,0,0,0,0,0,1,0,0,0
RMDL/R,SMDD,0,0,0,0,0,0,0,1,0,0,0
RMDL/R,SMDV,0,0,0,0,1,0,0,2,0,0,0
RMDV,BWM01V,2,4,5,5,11,13,15,12,14,13,12
RMDV,BWM02D,0,0,0,0,0,0,0,1,0,1,0
RMDV,BWM02V,5,8,7,7,13,11,13,10,12,12,5
RMDV,BWM03V,1,3,5,3,12,16,31,21,12,11,9
RMDV,BWM04V,3,5,3,2,17,9,17,19,6,12,6
RMDV,BWM05V,0,0,1,0,2,10,16,19,3,4,4
RMDV,BWM06V,0,0,0,0,1,1,4,6,0,0,0
RMDV,BWM07V,0,0,0,0,0,1,6,6,1,1,0
RMDV,CEPV,0,0,0,0,0,0,0,0,1,0,0
RMDV,IL1D,0,0,0,0,0,0,0,0,0,0,1
RMDV,IL1L/R,0,0,0,0,0,0,0,0,0,0,1
RMDV,IL1V,0,0,0,0,0,0,0,1,1,0,0
RMDV,OLQV,0,0,0,0,0,0,0,0,1,0,0
RMDV,RMDD,7,11,11,11,20,20,30,21,19,24,13
RMDV,RMDL/R,0,0,0,0,0,0,0,0,0,0,1
RMDV,RMDV,0,0,0,0,3,4,1,4,2,2,4
RMDV,RMED,0,0,0,0,0,2,6,4,0,1,4
RMDV,RMEL/R,0,0,0,0,0,0,0,0,0,1,1
RMDV,RMEV,0,0,0,0,0,0,0,0,2,0,0
RMDV,RMF,0,0,0,0,0,0,0,0,0,1,0
RMDV,RMG,0,0,0,0,0,0,0,0,0,1,0
RMDV,SIBD,0,0,0,0,0,0,0,1,0,0,0
RMDV,SMBV,0,0,0,0,1,0,4,3,4,0,0
RMDV,SMDD,0,0,0,0,0,0,0,0,0,0,1
RMDV,URAV,0,0,0,0,0,0,0,0,1,1,5
RMED,AIB,0,0,0,0,0,0,0,0,0,0,1
RMED,BWM01V,7,10,6,10,14,16,19,22,16,15,21
RMED,BWM02V,0,0,0,0,0,0,0,0,2,0,2
RMED,BWM03V,2,2,1,7,4,15,15,14,7,17,10
RMED,BWM05V,0,0,0,0,0,2,4,5,0,1,2
RMED,OLL,0,0,0,0,0,0,0,0,1,0,0
RMED,RIB,0,0,0,0,0,0,0,0,2,3,0
RMED,RIM,0,0,0,0,0,0,0,0,0,0,1
RMED,RMDV,8,8,8,4,4,5,1,1,3,4,7
RMED,RMED,0,0,0,0,0,0,1,0,1,0,0
RMED,RMEL/R,0,0,1,1,0,0,0,0,0,0,0
RMED,RMEV,0,2,2,0,0,0,0,0,1,0,0
RMED,SMDD,2,2,3,4,4,5,4,3,7,8,2
RMED,SMDV,0,0,0,0,0,0,0,0,0,0,1
RMED,URAV,0,0,0,0,0,0,0,0,3,1,2
RMEL/R,ADE,0,0,0,0,0,0,0,0,0,0,1
RMEL/R,BWM02D,4,4,12,14,23,22,27,22,19,22,11
RMEL/R,BWM02V,6,9,12,11,19,21,23,31,22,21,15
RMEL/R,BWM04D,0,0,0,0,0,3,26,7,2,2,0
RMEL/R,BWM04V,0,0,0,0,2,3,20,9,2,2,3
RMEL/R,IL1L/R,0,0,1,0,2,0,1,1,0,0,0
RMEL/R,RMDD,0,0,0,0,0,0,1,0,0,0,1
RMEL/R,RMDL/R,0,0,0,0,0,0,0,0,0,7,7
RMEL/R,RMEL/R,0,0,0,0,0,0,2,0,0,2,0
RMEL/R,URAD,0,0,0,0,1,0,0,0,0,0,1
RMEL/R,URAV,1,1,0,0,0,0,0,0,0,0,1
RMEV,BWM01D,5,7,9,12,11,11,13,16,13,15,15
RMEV,BWM02D,0,0,0,0,0,1,0,1,0,0,1
RMEV,BWM03D,0,3,5,6,8,9,11,16,8,14,14
RMEV,BWM05D,0,0,0,0,0,0,4,4,0,2,2
RMEV,CEPD,0,0,1,0,0,0,0,0,0,0,0
RMEV,IL1D,0,0,0,0,0,0,0,0,0,0,1
RMEV,RIB,0,0,0,0,0,0,0,0,2,0,0
RMEV,RMDD,5,4,3,3,7,1,0,1,7,8,7
RMEV,RMED,1,0,1,1,0,1,0,0,0,0,0
RMEV,RMEL/R,0,0,0,0,1,0,0,0,0,0,2
RMEV,RMEV,0,0,0,0,0,0,0,0,1,2,1
RMEV,SMDD,0,0,0,0,1,0,0,0,1,2,2
RMEV,SMDV,1,2,3,3,1,4,0,3,5,6,4
RMEV,URAD,0,0,0,0,0,0,0,0,1,1,3
RMF,AIB,0,0,0,0,0,0,4,1,0,0,0
RMF,ALN,0,0,0,0,0,0,0,0,0,0,1
RMF,AVE,0,0,0,0,0,0,0,1,0,0,0
RMF,AVK,0,0,0,0,0,16,19,30,10,6,18
RMF,AVL,0,0,0,0,0,0,0,0,0,0,1
RMF,AWC,0,0,0,0,0,0,0,1,0,0,0
RMF,BAG,0,0,0,0,0,0,2,3,0,0,0
RMF,BWM02D,0,0,0,0,0,0,6,18,9,11,1
RMF,BWM02V,0,0,0,0,0,0,2,11,12,6,7
RMF,BWM04D,0,0,0,0,0,0,2,9,5,5,2
RMF,BWM04V,0,0,0,0,0,0,3,8,4,4,0
RMF,BWM06D,0,0,0,0,0,0,2,0,1,0,1
RMF,BWM06V,0,0,0,0,0,0,0,0,0,1,0
RMF,CEPD,0,0,0,0,0,0,2,1,0,0,1
RMF,CEPV,0,0,0,0,0,0,0,1,0,0,3
RMF,DVC,0,0,0,0,0,1,0,1,0,0,0
RMF,IL1L/R,0,0,0,0,0,0,1,1,1,0,2
RMF,PLN,0,0,0,0,0,0,0,0,1,0,0
RMF,PVT,0,0,0,0,0,1,2,1,0,0,1
RMF,RIB,0,0,0,0,0,0,1,0,0,0,0
RMF,RIG,0,0,0,0,0,0,0,3,0,0,0
RMF,RIH,0,0,0,0,0,0,0,0,0,0,1
RMF,RIM,0,0,0,0,0,0,2,1,0,0,0
RMF,RIS,0,0,0,0,0,0,0,2,2,0,4
RMF,RIV,0,0,0,0,0,0,0,1,0,0,0
RMF,RMDD,0,0,0,0,0,0,1,0,0,1,1
RMF,RMDL/R,0,0,0,0,0,11,16,24,24,27,26
RMF,RMDV,0,0,0,0,0,0,0,2,0,1,0
RMF,RMEL/R,0,0,0,0,0,0,0,1,0,0,0
RMF,RMF,0,0,0,0,0,0,3,0,0,0,0
RMF,RMG,0,0,0,0,0,0,1,1,5,7,5
RMF,RMH,0,0,0,0,0,0,5,11,12,13,13
RMF,SAAD,0,0,0,0,0,0,1,0,0,0,0
RMF,URB,0,0,0,0,0,0,0,0,0,0,2
RMF,URYV,0,0,0,0,0,0,0,0,0,0,1
RMG,ADA,0,0,0,0,1,0,1,0,1,0,0
RMG,AIB,0,0,0,0,0,0,1,0,0,1,2
RMG,AIM,0,0,0,0,0,0,1,3,1,0,1
RMG,ALM,0,0,0,0,0,0,1,1,0,0,0
RMG,ALN,0,0,0,0,1,0,0,0,2,2,0
RMG,ASH,0,0,0,0,1,3,2,1,0,0,0
RMG,AVA,0,0,0,0,0,0,1,1,2,0,0
RMG,AVB,0,0,0,0,3,5,5,3,4,1,2
RMG,AVD,0,0,0,0,0,0,0,0,1,0,0
RMG,AVE,0,0,0,1,0,2,3,4,2,1,6
RMG,AVF,0,0,0,0,0,0,0,2,0,0,2
RMG,AVJ,0,0,0,0,1,2,0,1,2,0,2
RMG,AVK,0,0,1,0,2,0,0,0,1,0,0
RMG,BWM02D,0,0,0,0,0,0,4,0,0,0,0
RMG,BWM02V,0,0,0,0,0,0,0,0,0,0,1
RMG,BWM04D,0,0,0,1,0,0,2,3,4,3,1
RMG,BWM04V,0,0,0,1,2,4,8,1,5,0,3
RMG,BWM06D,0,0,1,1,2,4,13,7,7,7,2
RMG,BWM06V,0,0,1,2,3,8,9,6,9,6,2
RMG,BWM08D,0,0,0,0,1,4,8,4,3,2,1
RMG,BWM08V,0,0,0,0,2,6,6,5,5,1,1
RMG,CEPD,0,0,0,0,0,0,1,0,0,0,0
RMG,DVA,0,0,0,0,0,0,0,0,0,0,1
RMG,HSN,0,0,0,0,0,0,1,0,0,0,0
RMG,IL1L/R,1,0,0,0,0,0,2,0,1,0,0
RMG,IL2L/R,0,0,0,0,0,0,0,1,0,0,0
RMG,PLN,0,0,0,0,0,0,1,0,0,2,0
RMG,PVC,0,0,0,0,0,2,0,0,2,1,0
RMG,PVP,0,0,0,0,0,0,1,0,0,0,0
RMG,PVW,0,0,0,0,0,0,1,0,0,0,0
RMG,RIA,1,0,1,0,0,0,2,0,0,0,0
RMG,RIC,0,0,0,0,0,0,0,0,2,0,0
RMG,RID,0,0,0,0,0,0,0,2,2,0,0
RMG,RIF,0,0,0,0,0,0,1,0,0,0,0
RMG,RIG,0,0,0,0,2,0,0,0,0,0,0
RMG,RIM,0,0,0,0,0,0,0,0,2,0,0
RMG,RMDD,1,1,0,0,0,0,5,0,0,0,0
RMG,RMDL/R,5,12,8,12,17,12,16,18,7,6,6
RMG,RMDV,4,3,5,2,4,6,9,5,6,4,2
RMG,RMF,0,0,0,0,0,0,0,0,3,2,3
RMG,RMG,0,0,0,0,0,0,1,0,0,1,3
RMG,RMH,0,0,0,2,2,1,4,1,1,2,0
RMG,SAAD,0,0,0,0,3,0,0,2,3,6,3
RMG,SAAV,0,0,0,0,0,0,0,2,0,0,2
RMG,SDQ,0,0,0,0,0,0,2,0,0,0,0
RMG,SIAD,0,0,0,0,0,0,2,1,0,1,0
RMG,SIAV,0,0,0,0,1,0,2,0,2,1,0
RMG,SIBD,0,0,0,1,2,0,4,5,0,3,5
RMG,SIBV,0,1,0,3,1,2,0,3,7,2,4
RMG,SMBD,0,0,0,0,0,0,2,0,0,2,2
RMG,SMBV,0,0,0,0,1,2,1,2,1,1,1
RMG,SMDD,0,0,0,0,0,0,1,0,0,0,0
RMG,URB,0,0,0,0,0,0,0,0,1,0,0
RMG,URX,0,0,0,0,0,0,2,2,2,0,0
RMH,ADE,0,0,0,0,0,0,0,0,1,0,0
RMH,AVB,0,0,0,0,0,0,0,0,6,0,0
RMH,AVK,0,0,0,1,0,0,2,3,0,0,0
RMH,BWM01V,0,0,0,0,0,0,0,0,0,0,1
RMH,BWM02D,0,0,0,0,8,7,5,10,23,17,6
RMH,BWM02V,0,0,0,0,6,7,7,7,24,13,5
RMH,BWM04D,0,0,0,0,4,2,5,4,2,5,4
RMH,BWM04V,0,0,0,0,6,6,8,4,3,4,2
RMH,BWM06D,0,0,0,0,0,0,1,0,0,0,0
RMH,BWM06V,0,0,0,0,0,0,0,0,0,2,0
RMH,CEPD,0,0,0,1,0,1,3,0,1,1,1
RMH,CEPV,0,0,0,0,0,0,0,0,1,0,1
RMH,IL1D,0,0,0,0,0,0,0,0,0,1,0
RMH,IL1L/R,0,0,0,0,0,0,1,0,6,3,2
RMH,IL1V,0,0,0,0,0,0,0,0,0,0,1
RMH,OLL,0,0,0,0,0,0,0,0,0,1,0
RMH,OLQD,0,0,0,0,0,0,0,0,1,0,0
RMH,RIC,0,0,0,0,0,0,0,0,11,2,3
RMH,RIG,0,0,0,1,0,0,1,3,0,0,0
RMH,RMDD,0,0,0,0,1,0,0,0,3,5,1
RMH,RMDL/R,0,0,0,1,5,10,13,12,22,13,16
RMH,RMDV,0,0,0,0,0,0,0,0,5,4,1
RMH,RMEL/R,0,0,0,0,0,0,0,0,7,5,0
RMH,RMF,0,0,0,0,0,0,4,10,13,10,4
RMH,RMG,0,0,0,0,1,2,2,1,1,0,1
RMH,RMH,0,0,0,0,2,0,0,0,1,0,1
RMH,SAAV,0,0,0,0,0,0,0,0,0,0,1
RMH,SIBD,0,0,0,0,0,0,0,0,0,0,2
RMH,SIBV,0,0,0,0,0,0,0,0,3,0,0
RMH,SMDV,0,0,0,0,0,0,0,0,0,0,1
RMH,URAV,0,0,0,0,0,0,0,0,0,1,0
RMH,URB,0,0,0,0,0,0,0,0,1,0,0
SAAD,AVA,5,3,4,8,11,9,32,21,12,11,13
SAAD,AVE,0,0,0,0,0,0,0,1,0,1,0
SAAD,OLL,1,0,0,0,0,1,2,4,1,1,2
SAAD,RID,0,0,0,0,0,0,0,0,0,1,0
SAAD,RIG,0,0,0,0,0,0,0,0,0,0,2
SAAD,RIM,9,7,11,16,16,14,34,31,13,14,21
SAAD,RMDV,0,0,0,0,0,0,0,0,0,1,0
SAAD,RMF,0,0,0,0,0,2,2,5,1,0,0
SAAD,RMG,0,0,0,0,0,1,0,1,2,4,2
SAAD,SAAV,0,0,0,0,0,0,0,0,0,0,1
SAAD,SMBV,0,0,0,0,0,0,0,0,0,0,2
SAAD,SMDV,0,2,6,5,3,5,5,8,5,2,8
SAAV,AIB,0,0,0,0,0,0,1,1,0,0,0
SAAV,AVA,4,9,6,9,24,20,45,40,27,20,20
SAAV,AVB,0,0,1,0,0,0,0,0,0,0,0
SAAV,AVH,0,0,0,0,0,0,0,0,1,0,0
SAAV,IL2D,0,0,0,0,0,0,0,0,1,0,0
SAAV,OLL,0,0,1,0,0,0,1,0,0,0,1
SAAV,RIA,0,0,0,0,1,0,0,0,1,1,1
SAAV,RIG,0,0,1,0,0,0,0,0,0,0,0
SAAV,RIM,5,11,9,13,26,16,42,40,26,16,19
SAAV,RMF,0,0,0,0,0,3,2,2,3,3,4
SAAV,SAAD,0,0,0,0,2,0,0,0,0,0,0
SAAV,SDQ,0,0,0,0,0,0,0,0,0,1,0
SAAV,SIAD,0,0,0,0,0,0,0,0,1,0,0
SAAV,SMDD,1,4,2,6,4,13,15,13,10,9,7
SDQ,ADA,0,0,0,0,0,0,0,0,2,0,0
SDQ,AIB,0,0,0,0,0,1,1,4,4,6,4
SDQ,ALM,0,0,0,0,0,0,1,0,0,0,0
SDQ,AVA,0,0,0,0,0,3,4,6,4,2,5
SDQ,AVB,0,0,0,1,2,6,13,11,12,14,7
SDQ,AVD,0,0,0,0,0,0,0,0,0,0,2
SDQ,AVE,0,0,0,0,0,1,0,0,4,5,0
SDQ,AVK,0,0,0,0,0,0,0,0,3,1,1
SDQ,BDU,0,0,0,1,0,0,0,0,0,0,0
SDQ,DVA,0,0,0,1,0,5,3,7,1,3,1
SDQ,FLP,0,0,0,0,0,0,1,1,1,2,0
SDQ,IL1L/R,0,0,0,0,0,0,0,1,0,0,0
SDQ,PVC,0,0,0,0,0,1,0,0,0,0,0
SDQ,PVR,0,0,0,1,2,0,0,0,0,0,0
SDQ,RIA,0,0,0,0,0,0,2,0,1,1,0
SDQ,RIC,0,0,0,1,1,3,3,1,5,3,3
SDQ,RIM,0,0,0,0,0,0,1,0,0,3,1
SDQ,RIS,0,0,0,0,0,0,2,1,0,1,2
SDQ,RIV,0,0,0,0,0,0,1,0,0,0,0
SDQ,RMG,0,0,0,0,0,0,2,0,0,0,0
SDQ,RMH,0,0,0,0,1,0,0,0,0,2,1
SDQ,SDQ,0,0,0,0,0,1,3,1,2,3,1
SDQ,SIBV,0,0,0,0,2,3,1,1,2,5,3
SDQ,SMBV,0,0,0,0,0,0,0,1,0,0,0
SDQ,SMDD,0,0,0,0,0,0,0,2,0,0,0
SDQ,URYV,0,0,0,0,0,0,1,0,0,0,0
SIAV,PLN,0,0,0,0,0,0,0,0,0,0,1
SIAV,SMBV,0,0,0,0,0,0,0,0,0,0,1
SMBD,ADA,0,0,1,0,3,1,1,4,0,0,1
SMBD,AIZ,0,0,0,0,0,0,0,0,0,0,1
SMBD,ALN,0,0,0,2,0,1,4,5,0,0,0
SMBD,AVA,0,0,0,0,0,1,0,1,0,0,0
SMBD,AVB,0,0,1,0,2,1,0,0,0,0,1
SMBD,BWM01D,3,6,3,4,6,6,2,7,4,4,3
SMBD,BWM02D,1,2,2,2,3,3,2,4,2,3,3
SMBD,BWM03D,3,3,5,4,9,9,10,8,9,7,4
SMBD,BWM04D,1,3,3,3,4,3,6,6,3,3,6
SMBD,BWM05D,1,3,3,3,3,5,10,10,12,11,4
SMBD,BWM06D,0,0,0,0,0,0,2,3,2,0,4
SMBD,BWM07D,0,0,0,0,0,2,4,3,7,6,5
SMBD,BWM08D,0,1,2,0,0,0,2,0,0,0,1
SMBD,CEPD,0,0,0,0,0,0,0,0,0,0,2
SMBD,IL2D,0,0,0,0,0,0,0,0,0,1,0
SMBD,RMDD,1,0,0,1,1,0,1,2,3,1,3
SMBD,RMDV,0,0,0,0,1,0,0,0,0,0,4
SMBD,RMED,4,5,5,3,3,9,9,9,15,15,4
SMBD,RMG,0,0,0,0,0,0,0,0,0,1,0
SMBD,RMH,0,0,0,0,0,0,1,0,0,0,0
SMBD,SAAV,3,4,4,9,9,10,12,19,3,6,11
SMBD,SIAD,0,0,0,0,0,0,0,1,0,0,0
SMBD,SIBD,0,0,1,1,1,0,0,2,0,0,0
SMBD,SIBV,0,1,0,0,0,1,0,0,0,0,0
SMBD,SMBD,0,1,0,0,0,0,0,0,0,0,0
SMBD,SMDD,0,1,1,0,0,1,0,0,0,0,0
SMBD,URB,0,0,0,0,0,0,0,0,0,0,1
SMBV,BWM01V,3,3,3,5,5,5,5,7,3,3,8
SMBV,BWM02V,2,2,3,2,4,6,4,4,2,1,0
SMBV,BWM03V,3,4,6,5,7,7,8,11,6,8,6
SMBV,BWM04V,4,2,3,2,4,7,6,7,4,3,1
SMBV,BWM05V,0,0,2,2,2,5,14,11,10,9,8
SMBV,BWM06V,0,0,0,0,1,1,4,2,2,3,0
SMBV,BWM07V,0,0,1,1,1,4,7,6,2,8,3
SMBV,BWM08V,0,0,0,0,0,1,2,1,0,0,0
SMBV,CEPV,0,0,0,1,2,0,0,2,0,1,3
SMBV,PLN,0,0,0,0,0,0,3,5,3,9,3
SMBV,RIH,0,0,0,0,1,0,0,0,0,0,0
SMBV,RIS,0,0,0,0,0,0,0,0,0,1,0
SMBV,RMDV,2,4,2,1,0,1,2,3,1,3,3
SMBV,RMEV,3,4,5,3,3,9,10,9,12,12,0
SMBV,RMF,0,0,0,0,1,0,0,0,0,0,0
SMBV,SAAD,6,6,5,11,16,11,14,12,10,11,9
SMBV,SAAV,0,0,0,0,1,0,0,0,0,0,0
SMBV,SIAV,0,0,0,0,1,1,0,0,0,0,0
SMBV,SIBD,0,0,0,0,2,0,0,0,0,1,0
SMBV,SMDV,0,1,0,0,0,0,0,0,0,0,0
SMDD,ALN,0,0,0,0,0,1,0,0,0,0,0
SMDD,BWM01D,3,2,2,3,4,2,3,2,4,3,5
SMDD,BWM01V,0,0,0,0,0,0,0,0,3,3,2
SMDD,BWM03D,3,3,4,3,6,2,5,5,7,3,9
SMDD,BWM03V,0,0,0,0,0,0,0,0,2,2,1
SMDD,BWM04D,0,0,0,1,2,2,0,2,0,2,2
SMDD,BWM05D,0,0,2,0,4,3,4,9,2,0,1
SMDD,BWM06D,0,0,0,0,2,0,1,2,0,2,0
SMDD,BWM07D,0,0,0,0,0,0,2,2,0,0,0
SMDD,BWM08D,0,0,0,0,0,0,3,0,0,0,0
SMDD,CEPD,2,0,1,0,3,0,2,1,0,2,4
SMDD,IL1D,0,0,0,0,0,0,0,0,1,0,0
SMDD,PVW,0,0,0,0,0,0,0,0,1,0,0
SMDD,RIA,10,9,12,15,15,21,21,28,15,23,24
SMDD,RIM,0,0,0,0,2,2,3,2,0,1,3
SMDD,RIS,0,0,0,0,0,0,0,1,0,0,2
SMDD,RIV,0,0,0,0,0,0,0,0,0,0,1
SMDD,RMDL/R,1,0,1,1,1,3,3,5,0,3,3
SMDD,RMDV,0,0,1,0,0,0,0,0,1,0,1
SMDD,RMED,0,0,1,0,0,0,0,0,3,2,2
SMDD,RMEV,0,0,1,0,1,1,0,0,1,0,0
SMDD,SAAD,0,0,0,0,0,0,0,0,1,0,0
SMDD,SAAV,0,0,0,0,0,0,0,0,0,1,0
SMDD,SIAD,0,0,0,0,0,1,0,0,0,2,0
SMDD,SMDD,0,0,0,0,0,0,0,0,0,0,3
SMDD,SMDV,3,7,6,5,5,6,13,14,7,9,16
SMDD,URYD,0,0,0,0,0,0,1,0,0,0,0
SMDV,AVE,0,0,0,0,0,0,0,0,0,0,1
SMDV,BWM01D,0,0,0,0,0,0,0,0,1,2,3
SMDV,BWM01V,2,4,2,3,3,3,3,2,3,4,4
SMDV,BWM03D,0,0,0,0,0,0,0,0,0,1,1
SMDV,BWM03V,2,3,2,3,3,3,5,5,2,4,3
SMDV,BWM04V,0,0,0,0,1,0,0,1,0,0,1
SMDV,BWM05V,0,0,0,0,1,1,3,3,0,1,6
SMDV,BWM06V,0,0,0,0,1,0,0,1,0,0,0
SMDV,CEPV,1,1,0,0,3,1,4,1,0,2,7
SMDV,OLL,0,0,0,0,0,0,0,1,0,0,1
SMDV,RIA,9,13,9,20,17,25,34,31,38,29,33
SMDV,RIM,0,0,0,0,0,0,0,1,0,0,2
SMDV,RIS,0,0,0,0,0,0,1,1,0,0,1
SMDV,RIV,0,0,0,0,0,0,0,0,0,3,3
SMDV,RMDD,0,0,0,1,0,0,0,0,1,4,1
SMDV,RMDL/R,0,0,0,0,1,0,0,0,1,0,1
SMDV,RMDV,0,0,0,0,0,0,0,0,0,0,1
SMDV,RMED,0,0,0,0,0,0,1,0,1,0,0
SMDV,RMEV,0,0,0,0,0,0,0,0,1,2,3
SMDV,SAAD,0,0,0,0,0,1,0,0,0,0,1
SMDV,SAAV,0,0,0,0,0,0,0,0,0,0,1
SMDV,SIAV,0,0,0,0,0,0,1,0,1,0,0
SMDV,SMDD,2,6,3,6,3,8,15,14,10,12,9
URAD,BWM01D,3,4,5,8,9,9,12,15,8,5,6
URAD,BWM02D,3,3,6,3,8,6,8,10,5,4,4
URAD,BWM02V,0,0,0,0,0,0,0,1,0,0,0
URAD,BWM03D,0,0,0,0,1,0,7,7,0,1,3
URAD,BWM04D,0,0,0,0,0,0,4,2,0,2,0
URAD,IL1D,2,1,2,4,2,0,2,7,7,6,1
URAD,IL1L/R,0,0,0,1,0,0,1,1,1,0,1
URAD,IL2D,0,0,0,0,0,0,0,0,0,1,1
URAD,IL2L/R,0,0,0,0,0,0,0,0,0,0,1
URAD,OLQD,0,0,0,0,0,0,0,0,0,0,1
URAD,RIP,4,5,5,6,10,9,9,9,2,6,4
URAD,RMDD,0,0,0,0,0,0,0,4,3,5,2
URAD,RMDV,0,0,0,1,0,0,0,0,6,5,5
URAD,RMED,1,0,2,2,3,3,3,4,11,7,4
URAD,RMEL/R,4,5,5,3,5,4,4,4,4,5,4
URAD,RMEV,0,1,0,0,2,0,0,0,0,0,1
URAD,RMH,0,0,0,0,0,0,0,0,0,0,1
URAD,SMDD,0,0,0,0,0,0,0,0,1,0,0
URAD,SMDV,0,0,0,0,0,0,0,0,1,1,0
URAD,URAV,0,0,0,0,0,0,0,0,1,0,0
URAD,URYD,0,0,0,0,0,0,0,0,1,0,0
URAV,AVE,0,0,0,0,0,0,0,0,0,0,4
URAV,BWM01V,3,4,4,8,4,7,11,13,6,10,6
URAV,BWM02D,0,0,0,0,1,1,1,0,0,0,0
URAV,BWM02V,3,4,5,9,9,9,16,16,6,9,5
URAV,BWM03V,0,0,0,0,1,0,2,3,0,1,4
URAV,BWM04V,0,0,0,0,0,3,4,2,1,1,1
URAV,IL1L/R,0,0,0,1,1,2,2,1,1,1,0
URAV,IL1V,0,0,0,0,3,1,3,6,6,4,1
URAV,IL2L/R,0,0,0,0,0,0,1,0,0,0,0
URAV,IL2V,0,1,0,0,0,0,0,0,0,0,0
URAV,RIB,0,0,0,0,0,0,0,0,0,0,2
URAV,RIH,0,0,0,0,0,0,0,0,0,0,1
URAV,RIP,3,5,5,10,8,5,7,5,1,3,3
URAV,RMDD,0,0,0,0,0,1,0,0,6,9,6
URAV,RMDV,0,0,0,0,1,3,0,0,3,4,3
URAV,RMED,1,2,0,0,0,0,0,0,1,1,1
URAV,RMEL/R,4,5,3,3,5,5,7,7,6,8,3
URAV,RMEV,3,2,1,3,5,4,5,5,8,8,3
URAV,RMH,0,0,0,0,0,0,0,0,1,1,0
URAV,SMDD,0,0,0,0,0,0,0,0,3,2,1
URAV,SMDV,0,0,0,0,0,0,0,0,0,0,2
URAV,URB,0,0,0,0,0,0,0,0,0,0,1
URAV,URYV,0,0,0,0,0,0,0,0,1,0,0
URB,ADA,0,0,1,1,1,1,7,8,4,5,4
URB,ADE,0,0,0,0,1,0,1,1,1,1,0
URB,AIM,0,0,0,0,0,0,0,0,5,5,6
URB,ALA,0,0,0,0,0,0,0,0,0,0,1
URB,ASJ,0,0,0,0,0,0,0,0,0,1,1
URB,AVA,0,0,0,0,0,0,0,0,0,1,0
URB,AVB,0,0,0,0,0,0,6,3,11,9,10
URB,AVD,0,0,0,0,0,0,2,1,0,0,0
URB,AVE,0,0,0,0,0,0,1,0,0,1,0
URB,AVF,0,0,0,0,0,0,0,0,0,0,1
URB,AVJ,0,0,0,0,0,0,2,0,0,0,1
URB,BWM02D,2,1,0,0,0,0,0,0,0,0,0
URB,BWM02V,1,0,0,0,0,0,0,0,0,0,0
URB,BWM04D,1,0,1,3,1,0,0,0,0,0,2
URB,BWM04V,0,0,0,1,0,0,0,0,0,0,0
URB,BWM06D,0,1,0,1,1,0,0,0,0,0,0
URB,CEPD,2,2,2,3,4,4,4,4,0,1,1
URB,CEPV,0,0,1,1,4,2,4,2,0,0,0
URB,IL1L/R,2,5,5,4,4,4,2,4,2,2,0
URB,IL1V,0,0,0,0,0,0,0,0,0,0,1
URB,IL2L/R,3,2,1,0,2,1,1,0,1,1,1
URB,OLL,1,0,0,0,0,0,0,2,1,1,1
URB,OLQD,0,0,0,0,0,0,4,0,0,0,0
URB,OLQV,0,0,0,0,0,0,1,0,0,0,0
URB,PVR,0,0,0,1,2,0,0,0,0,0,0
URB,RIB,0,0,0,0,0,0,1,0,0,0,0
URB,RIC,0,1,1,4,4,7,18,8,2,2,4
URB,RIP,0,0,0,0,0,0,0,0,0,0,1
URB,RIV,0,0,0,0,0,0,1,0,0,0,0
URB,RMDD,0,0,0,0,0,1,0,2,0,0,0
URB,RMDL/R,0,0,0,1,2,2,1,2,12,8,10
URB,RMEL/R,0,0,0,0,0,0,0,0,3,4,6
URB,RMG,0,0,0,0,1,0,1,1,0,1,1
URB,RMH,0,0,0,0,3,3,6,1,2,0,0
URB,SDQ,0,0,0,0,0,0,1,1,0,0,0
URB,SIAD,0,0,0,0,0,0,0,1,0,0,0
URB,SIAV,0,1,0,0,1,1,1,2,0,0,0
URB,SIBD,0,0,0,0,0,0,0,0,0,0,1
URB,SMBD,0,0,0,0,0,0,2,1,0,0,0
URB,SMBV,0,0,0,0,0,0,0,1,0,1,0
URB,SMDD,0,0,0,0,0,0,0,1,0,0,0
URB,SMDV,0,0,0,0,0,0,1,0,0,0,0
URB,URAD,0,0,0,0,0,0,0,0,2,2,1
URB,URAV,0,0,0,0,0,0,0,0,1,4,5
URB,URX,4,5,4,8,10,11,19,18,4,1,1
URB,URYD,0,0,0,0,0,0,0,0,1,0,1
URB,URYV,0,0,0,0,0,0,0,0,0,0,3
URX,ADA,2,1,1,0,2,2,5,0,2,0,0
URX,AIB,0,1,0,0,0,0,0,1,0,0,0
URX,ALM,0,0,0,0,0,0,0,0,0,1,0
URX,AQR,0,0,0,0,1,0,0,2,2,0,0
URX,ASH,0,0,0,0,0,0,0,0,0,1,0
URX,AUA,5,4,9,6,28,19,37,30,10,9,7
URX,AVA,0,0,0,0,0,0,1,0,0,0,0
URX,AVB,0,0,1,0,0,1,3,0,0,0,0
URX,AVE,0,1,0,3,2,3,10,7,3,4,2
URX,AVH,0,0,1,0,0,0,2,0,0,0,0
URX,AVJ,0,0,0,0,1,0,1,0,0,0,0
URX,CEPV,0,0,0,0,0,0,1,0,0,1,0
URX,DVA,1,0,0,0,0,0,1,0,0,1,0
URX,IL1L/R,0,1,0,0,0,0,0,1,0,2,0
URX,IL2L/R,0,0,0,1,0,1,4,4,0,0,1
URX,OLQV,1,1,0,0,0,0,0,0,1,0,0
URX,PVP,0,2,1,0,1,0,4,0,2,1,0
URX,RIA,5,5,12,15,32,25,50,49,19,16,16
URX,RIC,2,4,1,4,4,7,11,10,2,0,0
URX,RIG,2,4,3,8,7,11,12,19,9,9,14
URX,RIR,1,0,4,7,6,5,9,14,2,1,4
URX,RMF,0,0,0,0,0,0,1,0,0,0,0
URX,RMG,0,1,0,2,1,2,6,3,3,3,1
URX,SIAD,0,0,0,0,0,0,1,0,0,0,0
URX,SIBV,0,0,0,0,0,0,0,0,0,1,0
URX,SMBD,0,0,0,0,0,0,0,1,0,0,0
URX,URAV,0,1,0,0,1,0,0,0,0,0,0
URX,URB,0,0,0,0,0,0,1,0,0,0,0
URX,URYV,0,0,0,0,0,0,0,0,1,0,0
URYD,ADA,0,0,0,0,0,0,0,0,0,0,1
URYD,AIA,0,0,0,0,0,0,0,0,1,0,0
URYD,AIB,0,0,0,0,0,0,0,0,1,0,0
URYD,AIM,0,0,0,0,0,0,0,0,0,0,1
URYD,AIN,0,0,0,0,0,0,0,0,1,0,0
URYD,AIY,0,0,0,0,0,0,0,0,0,1,0
URYD,ASH,0,0,0,0,0,0,0,0,1,1,0
URYD,AVA,0,0,0,0,0,0,0,0,4,3,4
URYD,AVB,0,0,0,0,0,0,3,3,6,3,4
URYD,AVD,0,0,0,0,0,0,2,4,5,4,4
URYD,AVE,7,4,7,5,5,9,15,13,7,2,3
URYD,AVJ,0,0,0,0,0,0,0,0,1,0,1
URYD,BWM01D,0,0,0,0,3,2,2,3,0,0,0
URYD,BWM02V,0,0,0,0,0,1,0,0,0,0,0
URYD,BWM03D,0,0,0,0,1,2,3,4,0,0,0
URYD,BWM05D,0,0,0,0,0,0,4,0,0,0,0
URYD,CEPD,0,0,0,0,2,0,1,3,0,0,0
URYD,DVA,0,0,0,0,0,0,0,0,0,1,0
URYD,DVC,0,0,0,0,0,0,0,0,1,0,0
URYD,IL1D,0,1,0,0,2,4,11,11,3,0,1
URYD,IL2D,0,0,0,0,0,0,0,0,5,1,1
URYD,OLL,0,0,0,0,1,0,0,0,0,0,0
URYD,OLQD,0,0,0,0,0,1,0,2,1,1,0
URYD,PVT,0,0,0,0,0,0,0,0,1,0,0
URYD,RIB,4,4,3,3,5,5,5,6,2,1,4
URYD,RIC,0,0,0,0,0,0,0,0,1,0,1
URYD,RID,0,0,0,0,0,0,0,1,0,0,0
URYD,RIG,0,0,0,0,0,0,0,0,1,1,0
URYD,RIH,0,0,0,0,0,0,0,0,3,0,1
URYD,RIM,0,0,0,0,0,0,0,0,0,0,2
URYD,RMDD,0,3,2,2,9,8,11,13,1,1,2
URYD,RMDV,1,3,4,3,5,14,28,32,4,1,4
URYD,RMED,0,0,0,0,0,0,2,0,0,0,1
URYD,RMEL/R,0,0,0,0,1,0,1,0,0,0,0
URYD,RMEV,0,0,0,0,1,0,1,0,0,0,0
URYD,SAAD,0,0,0,0,0,0,0,0,1,0,0
URYD,SAAV,0,0,0,0,0,0,0,0,2,0,0
URYD,SIBD,0,0,0,0,0,0,0,0,0,0,1
URYD,SMDD,6,7,6,6,12,6,7,11,4,2,5
URYD,URAD,0,0,0,0,1,0,0,0,2,0,0
URYV,AIB,0,0,0,0,0,0,0,1,0,0,1
URYV,AIN,0,0,0,0,0,0,0,0,1,0,0
URYV,AUA,0,0,0,0,0,0,0,0,1,0,0
URYV,AVA,0,0,0,0,0,0,0,1,5,3,5
URYV,AVB,0,0,0,0,0,1,2,6,3,4,6
URYV,AVD,0,0,0,0,0,0,0,1,3,1,1
URYV,AVE,6,8,4,7,8,10,11,17,5,6,4
URYV,AVK,0,0,0,0,0,0,0,0,0,0,1
URYV,BWM01V,0,0,0,0,1,0,1,2,0,0,0
URYV,BWM03V,0,0,0,0,0,0,2,3,0,0,0
URYV,BWM05V,0,0,0,0,0,0,2,1,0,0,0
URYV,DVC,0,0,0,0,0,0,0,0,3,1,1
URYV,IL1V,0,0,0,0,0,6,2,6,5,2,1
URYV,IL2V,0,0,0,0,0,0,0,0,1,0,0
URYV,OLL,0,0,0,0,1,0,1,1,0,0,0
URYV,OLQV,0,0,0,0,0,0,0,0,1,0,2
URYV,PVP,0,0,0,0,0,0,0,0,0,0,1
URYV,RIA,0,0,0,0,1,0,0,0,1,1,2
URYV,RIB,2,4,1,5,7,5,9,9,10,6,6
URYV,RIC,0,0,0,0,0,0,0,0,1,0,0
URYV,RID,0,0,0,0,0,0,0,1,0,2,0
URYV,RIG,0,0,0,0,0,0,0,0,2,2,3
URYV,RIH,0,0,0,0,0,0,0,0,1,0,0
URYV,RIP,0,0,0,0,0,0,0,1,0,0,1
URYV,RIS,0,0,0,0,0,0,0,1,0,0,0
URYV,RMDD,5,5,4,6,3,17,17,25,9,6,4
URYV,RMDL/R,0,0,0,0,0,0,1,0,0,0,0
URYV,RMDV,2,2,2,3,6,6,12,14,3,3,2
URYV,RMEL/R,0,0,0,0,0,0,0,0,0,0,1
URYV,RMF,0,0,0,0,0,0,0,0,2,1,0
URYV,SAAD,0,0,0,0,0,0,0,0,4,1,0
URYV,SIBD,0,0,0,0,0,0,1,1,0,0,0
URYV,SIBV,0,0,0,0,0,1,2,6,1,1,1
URYV,SMDV,3,7,3,4,8,6,6,10,3,3,2
URYV,URB,0,0,0,0,0,0,0,0,0,0,2
