,L1-1,L1-2,L1-3,L1-4,L2,L3,adult-1,adult-2,dauer-1,dauer-2,dauer-daf2,type
ADA,7,11,7,14,15,14,17,12,16,10,8,inter
ADE,6,4,6,9,15,19,35,33,12,20,13,modulatory
ADF,8,11,12,13,16,10,19,18,20,22,20,sensory
ADL,7,8,11,12,14,15,18,20,18,12,17,sensory
AFD,2,1,4,4,6,3,2,6,6,3,8,sensory
AIA,7,8,8,9,12,9,12,10,17,13,20,inter
AIB,8,8,8,9,10,11,21,23,22,11,19,inter
AIM,5,4,5,10,12,12,28,22,20,17,20,modulatory
AIN,9,11,6,8,8,7,12,14,14,10,20,inter
AIY,7,10,7,7,7,8,12,13,14,12,10,inter
AIZ,10,11,8,13,15,15,16,20,21,18,15,inter
ALA,2,1,1,4,2,1,4,3,16,12,18,modulatory
ALM,3,3,5,6,15,8,12,10,11,13,6,sensory
ALN,0,0,0,0,4,4,10,9,14,10,11,sensory
AQR,0,0,0,9,10,10,12,12,10,5,12,sensory
ASE,6,6,7,7,9,7,15,13,21,14,16,sensory
ASG,3,4,4,3,4,2,5,6,5,2,2,sensory
ASH,8,15,16,14,19,13,21,25,21,15,23,sensory
ASI,6,2,4,4,7,12,10,12,11,8,10,sensory
ASJ,3,2,5,2,4,2,6,5,8,8,14,sensory
ASK,1,3,3,4,4,5,13,16,10,11,15,sensory
AUA,4,4,5,6,7,6,8,9,9,9,14,sensory
AVA,0,0,0,0,0,0,0,0,3,8,0,inter
AVB,0,0,0,0,0,0,0,0,1,5,5,inter
AVD,0,0,0,0,0,0,0,0,0,0,0,inter
AVE,0,0,0,0,0,0,0,0,0,0,0,inter
AVF,0,0,0,0,8,2,18,19,28,26,13,modulatory
AVH,6,12,11,16,20,14,27,19,31,29,29,modulatory
AVJ,3,7,4,6,5,6,7,12,23,17,20,inter
AVK,10,9,9,11,14,12,16,15,21,18,17,modulatory
AVL,0,1,3,2,2,0,3,5,2,2,2,modulatory
AVM,0,0,0,0,10,9,6,8,14,5,5,sensory
AWA,8,9,10,8,11,10,15,16,19,18,20,sensory
AWB,5,4,5,11,10,10,15,13,20,15,18,sensory
AWC,6,8,7,7,10,8,11,12,13,8,11,sensory
BAG,3,4,4,4,6,7,12,11,17,12,18,sensory
BDU,4,5,8,5,14,12,15,14,14,15,17,inter
CEPD,8,11,10,13,15,16,25,24,22,17,17,modulatory
CEPV,6,7,12,13,13,14,21,21,19,17,21,modulatory
DVA,6,6,7,7,14,16,20,23,16,22,17,sensory
DVC,5,6,5,9,11,10,13,12,20,17,19,modulatory
FLP,3,6,8,8,9,10,13,13,7,11,9,sensory
HSN,0,0,0,0,0,0,20,16,0,0,0,modulatory
IL1D,4,3,4,3,5,4,5,8,12,12,11,motor
IL1L/R,3,5,7,6,7,7,13,9,9,10,8,motor
IL1V,3,3,3,3,4,4,6,6,9,9,8,motor
IL2D,5,6,6,6,8,9,15,14,14,9,7,sensory
IL2L/R,3,4,8,5,10,11,17,19,19,18,14,sensory
IL2V,4,4,8,6,11,10,15,15,15,12,6,sensory
OLL,6,7,10,9,12,17,22,15,21,22,27,sensory
OLQD,5,6,4,4,6,7,10,12,15,16,13,sensory
OLQV,6,6,4,5,4,6,10,10,12,18,19,sensory
PLN,0,0,0,0,0,0,7,5,6,11,3,sensory
PVC,10,7,8,11,9,12,12,16,16,13,12,inter
PVP,10,11,6,8,13,9,15,16,14,14,18,inter
PVQ,3,6,6,4,7,10,13,10,9,13,13,modulatory
PVR,6,7,5,7,10,6,5,5,9,9,11,inter
PVT,3,7,10,9,11,11,12,9,14,13,13,inter
PVW,0,0,0,0,0,0,15,9,21,21,21,inter
RIA,10,12,12,12,12,13,16,15,14,15,18,inter
RIB,7,12,12,14,15,12,17,21,18,20,16,inter
RIC,5,6,9,7,13,13,17,16,11,14,14,modulatory
RID,0,0,0,0,0,0,0,0,3,0,0,modulatory
RIF,6,6,5,9,9,11,17,13,20,21,16,inter
RIG,12,18,14,16,15,17,22,21,22,18,34,inter
RIH,8,13,11,10,15,19,21,17,23,25,18,inter
RIM,11,14,13,11,13,18,18,20,19,18,18,inter
RIP,0,0,3,0,0,0,0,0,0,0,5,inter
RIR,5,8,11,4,9,12,14,13,9,8,11,inter
RIS,5,9,8,10,10,12,13,16,15,11,18,modulatory
RIV,7,7,7,8,10,10,11,9,12,15,15,motor
RMDD,1,1,1,1,4,5,7,7,8,4,10,motor
RMDL/R,7,8,10,7,13,10,13,16,11,11,12,motor
RMDV,1,1,1,1,3,3,4,6,8,7,9,motor
RMED,2,3,4,3,2,2,3,2,7,4,7,motor
RMEL/R,1,1,1,0,2,0,3,1,0,2,5,motor
RMEV,3,2,4,3,4,3,0,2,6,5,7,motor
RMF,0,0,0,0,0,4,14,19,7,6,15,motor
RMG,5,4,4,6,15,10,29,20,24,18,17,modulatory
RMH,0,0,0,4,4,3,7,5,16,11,14,motor
SAAD,3,3,3,3,3,6,5,7,6,8,8,sensory
SAAV,3,3,6,3,5,4,6,5,8,6,6,sensory
SDQ,0,0,0,5,5,9,15,12,12,14,12,sensory
SIAD,0,0,0,0,0,0,0,0,0,0,0,motor
SIAV,0,0,0,0,0,0,0,0,0,0,2,motor
SIBD,0,0,0,0,0,0,0,0,0,0,0,motor
SIBV,0,0,0,0,0,0,0,0,0,0,0,motor
SMBD,3,5,6,5,7,8,6,8,3,5,9,motor
SMBV,3,4,3,4,8,4,4,5,4,7,4,motor
SMDD,4,2,7,3,6,7,6,6,8,8,10,motor
SMDV,3,3,2,3,4,4,6,6,7,6,14,motor
URAD,4,4,4,6,5,3,5,6,11,8,12,motor
URAV,4,5,3,4,6,7,6,5,11,10,8,motor
URB,5,6,7,8,13,11,23,20,15,19,21,sensory
URX,8,12,9,8,12,10,19,12,12,13,7,sensory
URYD,4,6,5,5,11,7,12,11,24,14,18,sensory
URYV,5,5,5,5,7,8,11,16,21,16,21,sensory
