pre,post,L1-1,L1-2,L1-3,L1-4,L2,L3,adult-1,adult-2,dauer-1,dauer-2,dauer-daf2,classification
ADA,AVA,3,4,5,1,2,9,3,6,11,20,7,dauer_increased
ADA,AVB,5,8,9,10,21,25,28,46,26,27,22,maintained
ADA,AVD,2,2,0,2,0,2,1,1,4,2,2,maintained
ADA,AVE,0,0,0,1,2,0,4,1,1,0,0,maintained
ADA,AVJ,3,2,4,5,7,8,10,18,5,7,4,maintained
ADA,RIC,2,2,2,2,4,1,3,1,4,2,0,maintained
ADA,RIM,2,4,5,5,10,8,13,11,5,7,4,dauer_decreased
ADA,RIP,0,0,1,4,4,5,8,13,0,0,0,dauer_decreased
ADE,ADA,1,3,1,0,1,3,2,2,0,0,0,dauer_decreased
ADE,ADE,0,1,2,0,2,4,9,7,2,6,2,maintained
ADE,ALM,0,0,0,0,0,1,1,1,0,0,0,dauer_decreased
ADE,AVA,2,4,3,4,4,5,12,9,0,4,2,maintained
ADE,AVE,0,0,0,0,1,0,1,1,0,1,2,maintained
ADE,AVK,0,0,0,1,1,0,5,4,0,3,0,maintained
ADE,CEPD,0,0,0,0,0,1,3,3,0,0,1,maintained
ADE,CEPV,0,0,0,0,2,1,2,2,0,0,0,dauer_decreased
ADE,FLP,1,1,1,0,2,0,1,1,0,0,3,maintained
ADE,IL1L/R,0,0,0,0,1,2,8,5,0,1,0,maintained
ADE,IL2L/R,0,0,0,0,0,3,3,4,1,1,0,maintained
ADE,OLL,0,0,0,0,0,3,6,2,0,0,0,dauer_decreased
ADE,RIG,2,0,1,4,8,10,34,34,7,19,9,maintained
ADE,RIV,0,0,0,0,0,1,6,6,5,4,4,maintained
ADE,RMDL/R,0,0,0,0,0,1,8,6,7,14,1,maintained
ADE,RMH,0,0,0,0,0,1,2,2,5,2,1,maintained
ADE,SAAD,0,0,1,1,0,1,2,3,3,1,1,maintained
ADE,SMBD,0,0,0,0,1,0,2,2,0,0,0,dauer_decreased
ADE,URB,0,0,0,0,1,0,1,1,2,4,0,maintained
ADF,ADA,0,0,0,2,0,0,1,0,2,2,1,maintained
ADF,AIA,1,0,1,1,0,0,0,2,2,2,1,maintained
ADF,AIB,0,0,0,0,1,0,1,2,0,0,1,maintained
ADF,AIM,0,0,0,0,0,0,0,0,19,15,11,dauer_increased
ADF,AIZ,10,9,10,12,17,11,19,31,20,18,18,maintained
ADF,AUA,4,3,3,4,8,7,13,3,9,5,4,maintained
ADF,AVB,0,0,0,0,0,0,0,0,2,1,2,dauer_increased
ADF,AVF,0,0,0,0,0,0,0,0,2,1,1,dauer_increased
ADF,AVH,1,3,0,0,1,0,2,1,4,5,1,dauer_increased
ADF,AVJ,0,0,0,0,0,0,0,0,10,11,6,dauer_increased
ADF,AWB,0,0,1,0,0,0,2,2,4,6,3,dauer_increased
ADF,OLQV,0,0,0,0,1,1,1,2,1,0,0,maintained
ADF,RIA,4,7,8,15,20,19,35,29,14,12,3,dauer_decreased
ADF,RIF,0,0,0,0,0,0,0,0,4,4,2,dauer_increased
ADF,RIG,0,0,0,1,4,5,9,7,0,0,0,dauer_decreased
ADF,RIP,0,0,0,0,0,0,0,0,3,6,3,dauer_increased
ADF,RIR,0,3,0,2,4,0,6,7,3,2,2,maintained
ADF,SIBV,0,1,0,0,1,1,1,1,0,2,0,maintained
ADF,SMBD,0,1,1,0,4,4,1,1,0,0,0,dauer_decreased
ADF,SMBV,0,1,3,5,7,6,12,8,1,1,2,dauer_decreased
ADF,URX,1,0,1,1,0,1,4,2,2,1,0,maintained
ADL,ADA,1,0,3,4,3,1,0,2,5,3,1,maintained
ADL,AIA,4,4,7,10,8,11,14,21,12,12,11,maintained
ADL,AIB,5,2,8,9,13,11,24,30,10,15,12,maintained
ADL,AIM,0,0,0,0,0,0,0,0,2,1,1,dauer_increased
ADL,ASE,1,0,4,0,5,3,10,3,1,3,1,maintained
ADL,ASH,0,0,1,4,6,3,11,12,1,0,2,dauer_decreased
ADL,ASI,0,0,0,0,0,0,0,0,3,2,2,dauer_increased
ADL,ASK,8,5,6,9,6,5,2,5,4,1,6,maintained
ADL,AVA,0,0,0,7,2,4,10,30,6,6,0,maintained
ADL,AVB,0,0,0,0,0,1,2,1,0,0,0,dauer_decreased
ADL,AVD,0,2,4,5,14,9,14,26,10,10,4,maintained
ADL,AVE,0,0,0,0,0,1,2,1,0,0,0,dauer_decreased
ADL,AVJ,0,2,2,2,8,5,8,5,2,2,2,dauer_decreased
ADL,AWC,3,1,5,4,7,8,8,13,5,4,10,maintained
ADL,SMBV,0,1,0,0,1,1,6,10,1,1,0,maintained
AFD,AIY,6,5,8,11,16,15,27,20,24,21,20,maintained
AFD,ASE,0,0,1,0,1,1,2,1,2,2,6,maintained
AIA,ADA,0,1,4,0,1,5,4,5,6,11,7,dauer_increased
AIA,ADL,0,0,0,1,0,1,2,7,2,3,4,maintained
AIA,AIB,5,10,14,17,21,21,25,35,22,22,21,maintained
AIA,AIM,0,0,0,0,0,0,0,0,1,1,2,dauer_increased
AIA,AIZ,0,0,0,2,3,3,0,0,4,2,1,maintained
AIA,ASE,1,0,0,1,1,0,2,1,4,2,8,maintained
AIA,ASG,0,0,1,0,1,2,2,3,0,0,1,maintained
AIA,ASI,0,0,0,0,1,0,2,1,0,0,1,maintained
AIA,ASK,4,5,6,5,2,4,5,3,1,0,3,dauer_decreased
AIA,AWC,1,1,7,6,13,8,13,21,8,14,2,maintained
AIA,RIF,2,4,4,2,3,2,3,3,3,3,0,maintained
AIA,RIR,0,0,0,0,0,0,0,0,3,1,1,dauer_increased
AIB,AIZ,0,0,0,0,1,0,0,2,7,4,7,dauer_increased
AIB,AVA,0,0,0,1,1,0,9,7,3,4,3,maintained
AIB,AVB,5,6,8,9,10,13,17,14,9,11,11,maintained
AIB,AVE,4,2,1,0,2,0,2,3,6,4,3,dauer_increased
AIB,BAG,0,1,0,0,0,1,1,2,1,1,0,maintained
AIB,DVA,0,0,0,0,0,1,2,1,0,0,0,dauer_decreased
AIB,RIB,5,7,6,10,11,9,15,22,12,8,11,maintained
AIB,RIM,12,17,19,19,27,31,53,43,24,25,24,dauer_decreased
AIB,RMF,0,0,0,0,0,1,2,4,0,3,0,maintained
AIB,SAAD,1,0,2,2,2,1,8,5,3,1,2,maintained
AIB,SAAV,0,0,0,0,0,1,2,4,0,0,4,maintained
AIB,SMDD,4,6,6,5,8,9,6,11,5,6,8,maintained
AIB,SMDV,2,4,4,6,5,8,18,13,8,6,5,maintained
AIM,AIA,6,9,9,6,10,12,15,19,10,6,3,maintained
AIM,AIB,0,0,0,0,1,0,0,0,9,5,1,dauer_increased
AIM,ALM,0,0,0,2,3,0,1,2,3,1,1,maintained
AIM,ASG,4,9,5,5,7,8,13,14,0,0,0,dauer_decreased
AIM,ASH,0,0,1,2,0,0,4,2,1,1,2,maintained
AIM,ASJ,3,5,0,1,0,4,1,4,2,1,0,maintained
AIM,ASK,1,1,1,2,5,4,6,8,1,0,0,dauer_decreased
AIM,AVA,0,0,0,0,0,0,1,1,8,19,14,dauer_increased
AIM,AVB,0,0,0,1,0,1,3,3,7,4,6,dauer_increased
AIM,AVD,0,0,0,1,2,0,2,3,14,11,8,dauer_increased
AIM,AVE,0,0,0,0,1,0,0,0,5,3,2,dauer_increased
AIM,AVF,0,0,0,0,6,6,10,7,1,0,2,dauer_decreased
AIM,AVJ,0,0,0,0,0,0,1,2,6,3,3,dauer_increased
AIM,AWB,0,0,0,0,0,1,2,2,1,0,0,maintained
AIM,RIF,0,0,0,0,0,0,2,4,3,1,1,maintained
AIM,RMG,0,0,0,0,0,1,1,1,1,0,2,maintained
AIM,SMBD,0,0,0,0,0,1,1,1,0,0,0,dauer_decreased
AIN,AFD,5,5,8,9,10,9,16,17,5,9,6,maintained
AIN,AIA,1,1,0,0,0,0,0,1,1,1,3,maintained
AIN,AIB,1,2,0,0,0,0,4,2,1,1,1,maintained
AIN,ASE,1,1,4,1,0,1,3,3,6,4,4,dauer_increased
AIN,AUA,3,4,4,4,8,6,7,5,3,2,8,maintained
AIN,BAG,3,1,4,7,5,12,19,16,18,14,12,maintained
AIN,CEPV,1,0,0,1,1,1,3,5,0,0,2,maintained
AIN,RIB,2,0,1,3,5,7,15,13,14,12,19,maintained
AIN,RID,0,1,1,2,1,0,1,5,3,4,4,maintained
AIN,RIM,0,0,0,0,1,0,4,2,1,0,0,maintained
AIN,RMF,0,0,0,0,0,0,0,2,10,9,6,dauer_increased
AIY,AFD,0,0,0,2,1,1,2,1,0,3,1,maintained
AIY,AIZ,8,12,12,14,23,21,26,23,25,26,13,maintained
AIY,AWA,0,1,0,0,2,3,1,3,2,1,1,maintained
AIY,BAG,2,0,1,6,3,0,1,3,2,0,0,maintained
AIY,DVA,0,0,0,0,0,0,0,0,1,1,1,dauer_increased
AIY,RIA,3,6,5,6,10,7,11,6,8,8,6,maintained
AIY,RIB,5,9,6,8,8,7,12,12,9,9,9,maintained
AIY,RIR,0,1,0,0,0,2,1,0,3,3,2,maintained
AIZ,AIA,2,2,2,6,6,9,10,22,16,13,8,maintained
AIZ,AIB,8,12,11,21,29,34,46,73,24,26,29,maintained
AIZ,ASE,1,1,0,0,3,4,3,3,6,7,3,maintained
AIZ,AVE,4,3,4,5,8,11,24,20,4,9,5,maintained
AIZ,AWA,0,0,0,0,0,1,2,1,1,1,0,maintained
AIZ,AWB,0,1,0,1,0,1,1,2,0,3,0,maintained
AIZ,AWC,0,0,0,0,1,0,3,3,5,2,2,maintained
AIZ,BAG,0,0,0,1,0,1,2,2,0,0,0,dauer_decreased
AIZ,RIA,5,7,4,12,15,17,24,20,20,22,14,maintained
AIZ,RIM,7,11,8,14,20,17,24,40,8,8,16,dauer_decreased
AIZ,SMBD,5,6,6,13,14,19,28,22,18,22,11,maintained
AIZ,SMBV,5,6,5,16,18,21,28,27,23,20,13,maintained
ALA,ADL,0,0,0,0,0,0,1,1,6,1,6,maintained
ALA,AIA,0,0,0,0,0,0,0,0,2,2,1,dauer_increased
ALA,ASJ,0,0,0,2,1,0,0,0,4,4,1,dauer_increased
ALA,ASK,0,0,0,0,0,0,0,0,9,7,10,dauer_increased
ALA,AVE,2,3,3,4,4,3,7,4,2,2,1,dauer_decreased
ALA,AVJ,0,0,0,0,0,0,0,0,5,3,1,dauer_increased
ALA,IL2D,0,0,0,0,0,0,0,0,6,1,2,dauer_increased
ALA,PVQ,0,0,0,0,0,0,0,0,5,3,3,dauer_increased
ALA,URB,0,0,0,0,0,0,0,0,1,2,1,dauer_increased
ALM,AVD,0,0,0,0,0,3,1,5,2,8,3,maintained
ALM,AVJ,0,0,0,0,0,0,0,0,3,1,4,dauer_increased
ALM,BDU,2,2,4,6,9,11,16,15,3,3,2,dauer_decreased
ALM,CEPD,1,3,1,2,5,5,5,8,3,2,5,maintained
ALM,CEPV,0,0,3,5,5,6,9,9,6,4,2,maintained
ALM,PVC,0,0,0,2,2,9,12,17,3,4,1,maintained
ALN,RIA,0,0,0,0,1,0,1,1,2,0,0,maintained
ALN,RIV,0,0,0,0,0,1,4,1,0,1,1,maintained
ALN,RMF,0,0,0,0,0,0,0,0,1,1,1,dauer_increased
ALN,RMG,0,0,0,0,0,0,2,1,3,2,2,maintained
ALN,SAAD,0,0,0,0,0,0,1,0,1,2,2,maintained
ALN,SAAV,0,0,0,0,3,8,20,19,10,15,2,maintained
ALN,SMBD,0,0,0,0,2,5,8,8,2,9,1,maintained
ALN,SMDV,0,0,0,0,1,0,3,2,2,2,1,maintained
AQR,AVA,0,0,0,4,12,11,8,12,10,11,9,maintained
AQR,AVB,0,0,0,3,13,6,11,5,8,5,6,maintained
AQR,AVD,0,0,0,2,1,1,2,3,0,0,6,maintained
AQR,BAG,0,0,0,0,3,5,8,11,2,0,6,maintained
AQR,PVC,0,0,0,2,6,4,6,10,7,8,0,maintained
AQR,RIA,0,0,0,1,2,5,10,17,1,0,1,dauer_decreased
AQR,RIR,0,0,0,1,1,1,3,9,0,0,0,dauer_decreased
ASE,ADA,0,0,0,0,0,0,0,0,1,3,1,dauer_increased
ASE,ADF,0,0,0,0,0,0,0,0,1,1,1,dauer_increased
ASE,AFD,1,1,1,3,6,5,8,8,10,6,8,maintained
ASE,AIA,0,1,0,1,4,6,5,2,9,8,5,maintained
ASE,AIB,14,14,18,18,26,22,40,37,26,25,20,maintained
ASE,AIN,0,0,0,0,1,0,1,1,3,0,0,maintained
ASE,AIY,19,15,18,21,38,32,47,49,37,35,36,maintained
ASE,AIZ,1,1,0,1,4,1,1,1,13,6,6,dauer_increased
ASE,ASE,0,0,0,1,1,1,2,0,2,1,2,maintained
ASE,AWA,0,0,1,0,0,0,2,1,3,1,3,maintained
ASE,AWC,3,4,4,7,13,5,11,15,12,3,4,maintained
ASE,BAG,0,0,2,0,1,0,1,2,1,0,0,maintained
ASE,RIR,0,0,0,0,0,0,0,0,15,9,7,dauer_increased
ASG,AIA,7,7,9,13,17,13,29,19,2,1,0,dauer_decreased
ASG,AIB,0,1,1,1,2,6,7,4,0,0,0,dauer_decreased
ASG,AIM,3,3,3,3,2,0,2,3,3,0,0,maintained
ASG,ASI,0,0,0,0,0,0,0,0,21,19,12,dauer_increased
ASH,ADA,2,2,3,4,5,5,6,5,4,4,1,dauer_decreased
ASH,ADF,0,1,2,0,6,4,4,1,2,1,6,maintained
ASH,ADL,0,0,0,0,2,0,3,7,0,0,1,maintained
ASH,AIA,4,7,7,10,16,20,28,25,13,17,15,maintained
ASH,AIB,3,7,6,3,11,15,14,14,5,5,5,dauer_decreased
ASH,AVA,0,1,4,17,5,12,14,36,13,20,15,maintained
ASH,AVB,3,2,4,10,13,13,23,22,3,1,2,dauer_decreased
ASH,AVD,2,2,6,8,13,15,22,24,14,22,20,maintained
ASH,AVE,0,0,0,0,2,1,1,4,0,1,0,maintained
ASH,AVH,1,0,0,1,2,0,4,3,0,1,0,maintained
ASH,AVJ,0,2,2,0,1,1,5,2,15,12,22,dauer_increased
ASH,AWA,0,1,2,3,2,0,1,2,1,4,0,maintained
ASH,AWB,0,0,0,0,2,1,4,3,5,0,4,maintained
ASH,BDU,0,0,0,0,0,0,0,0,8,5,4,dauer_increased
ASH,RIA,0,2,3,4,5,4,3,2,1,0,1,dauer_decreased
ASH,RIF,0,1,0,0,1,0,1,1,8,3,1,dauer_increased
ASH,RIR,0,0,0,0,0,0,0,0,1,1,1,dauer_increased
ASI,AFD,0,0,0,0,2,1,1,1,0,0,0,dauer_decreased
ASI,AIA,1,0,2,1,4,5,12,11,8,5,4,maintained
ASI,AIB,2,0,0,1,2,4,12,13,0,0,0,dauer_decreased
ASI,AIN,1,0,0,0,0,0,0,0,3,2,7,dauer_increased
ASI,AIY,0,0,0,0,2,1,1,2,0,0,0,dauer_decreased
ASI,ASE,1,0,1,0,1,0,0,1,2,2,2,dauer_increased
ASI,ASG,0,0,1,1,1,3,5,8,33,32,5,dauer_increased
ASI,ASK,0,0,0,0,0,2,2,1,1,0,0,maintained
ASI,AWC,4,4,4,10,11,15,34,28,9,5,11,maintained
ASI,RIA,0,0,0,0,0,2,2,0,1,1,1,maintained
ASJ,AIA,1,0,1,0,1,0,1,1,0,0,0,dauer_decreased
ASJ,AIM,0,0,1,0,0,0,0,0,2,1,5,dauer_increased
ASJ,ASG,0,0,0,0,0,0,1,0,1,1,3,maintained
ASJ,ASK,1,4,6,6,9,5,11,8,8,3,13,maintained
ASJ,AVF,0,0,0,0,1,0,0,0,5,3,2,dauer_increased
ASJ,PVQ,5,10,10,15,16,16,24,27,18,18,19,maintained
ASK,ADA,0,0,1,0,0,0,0,1,1,2,2,maintained
ASK,ADL,0,0,0,0,0,1,4,4,0,4,2,maintained
ASK,AIA,5,11,12,14,22,30,42,56,21,18,13,dauer_decreased
ASK,AIB,0,0,0,4,0,6,15,12,2,0,3,maintained
ASK,AIM,0,0,1,0,4,10,12,14,12,10,10,maintained
ASK,ALA,0,0,0,0,0,0,0,0,10,9,6,dauer_increased
ASK,ASJ,0,1,0,0,0,1,0,0,2,1,2,maintained
ASK,AVJ,0,0,0,0,0,0,1,0,5,6,3,dauer_increased
ASK,RIP,0,0,0,0,0,0,0,0,1,1,3,dauer_increased
AUA,AVA,0,2,4,3,6,7,11,15,8,4,2,maintained
AUA,AVD,0,0,0,0,1,2,2,0,2,1,1,maintained
AUA,AVE,2,4,6,9,4,6,21,20,4,4,12,maintained
AUA,BAG,0,0,0,0,0,0,1,0,3,1,2,dauer_increased
AUA,RIA,3,5,12,13,13,14,32,38,22,16,21,maintained
AUA,RIB,5,8,14,20,13,16,43,33,26,18,29,maintained
AUA,URX,1,0,5,2,3,0,3,5,3,1,3,maintained
AVB,AVA,0,0,0,0,0,0,0,0,1,2,1,dauer_increased
AVF,ADA,0,0,0,0,0,0,1,0,1,4,1,maintained
AVF,AVB,0,0,0,0,2,3,6,5,0,0,8,maintained
AVF,AVF,0,0,0,0,3,2,3,7,7,2,0,maintained
AVF,AVH,0,0,0,0,0,0,0,1,3,1,1,maintained
AVF,AVJ,0,0,0,0,0,0,2,1,1,1,3,maintained
AVF,BDU,0,0,0,0,1,0,2,4,2,1,0,maintained
AVF,PVQ,0,0,0,0,8,0,1,4,2,2,0,maintained
AVF,RIF,0,0,0,0,1,0,2,5,3,3,1,maintained
AVF,RMG,0,0,0,0,1,0,0,0,8,6,1,maintained
AVF,SMBV,0,0,0,0,0,0,0,1,1,2,1,maintained
AVH,ADF,1,2,4,5,7,5,3,6,3,3,1,maintained
AVH,ADL,1,1,0,1,1,1,1,1,0,0,0,dauer_decreased
AVH,AIM,0,0,0,0,1,0,0,0,1,1,1,maintained
AVH,ALA,0,0,0,0,0,0,0,0,2,1,1,dauer_increased
AVH,AQR,0,0,0,0,0,1,2,0,1,1,1,maintained
AVH,ASH,0,1,1,2,0,1,2,1,0,1,0,maintained
AVH,AVA,0,1,0,1,0,1,3,1,4,2,2,maintained
AVH,AVB,0,1,0,0,3,0,1,5,11,7,12,dauer_increased
AVH,AVF,0,0,0,0,1,0,0,0,3,1,3,maintained
AVH,AVJ,0,0,0,1,2,0,2,4,11,10,9,dauer_increased
AVH,AWB,0,3,3,8,11,1,5,6,1,1,0,maintained
AVH,DVA,1,0,1,1,2,2,5,1,1,3,2,maintained
AVH,IL2D,0,0,0,0,0,0,0,0,1,1,1,dauer_increased
AVH,PVC,0,0,0,0,0,0,2,1,4,1,2,maintained
AVH,PVP,0,1,1,1,3,2,7,5,4,2,3,maintained
AVH,RIC,0,0,0,0,0,0,0,0,1,1,1,dauer_increased
AVH,RIF,1,0,0,1,1,0,1,0,4,2,1,maintained
AVH,RIM,0,0,0,0,1,1,1,1,4,2,0,maintained
AVH,RIP,0,0,0,0,0,0,0,0,3,4,3,dauer_increased
AVH,RIR,0,0,3,1,3,6,7,13,3,5,4,maintained
AVH,SMBD,0,0,0,0,1,0,2,3,0,0,0,dauer_decreased
AVH,SMBV,0,1,0,3,3,2,4,7,3,3,0,maintained
AVH,URAD,0,0,0,0,0,0,0,0,1,1,1,dauer_increased
AVH,URX,0,0,1,1,2,5,2,1,5,5,2,maintained
AVJ,ADA,0,0,0,0,0,0,1,0,2,3,1,dauer_increased
AVJ,ADL,0,0,0,0,0,0,0,0,2,1,1,dauer_increased
AVJ,AVA,0,0,0,0,0,0,1,1,8,11,7,dauer_increased
AVJ,AVB,1,0,2,4,7,6,11,7,22,19,15,dauer_increased
AVJ,AVD,1,0,0,1,0,1,0,1,6,12,5,dauer_increased
AVJ,AVH,0,1,0,0,0,0,0,0,3,1,3,dauer_increased
AVJ,AVM,0,0,0,0,0,1,2,2,2,5,0,maintained
AVJ,PVC,2,1,0,3,4,4,8,4,10,6,1,maintained
AVJ,RIP,0,0,0,0,0,0,0,0,4,1,1,dauer_increased
AVJ,RIS,0,0,0,0,2,4,1,1,2,2,0,maintained
AVK,AIB,1,2,0,2,2,0,3,0,5,2,5,maintained
AVK,AVE,4,3,5,5,7,4,8,7,5,4,2,maintained
AVK,AVK,0,1,0,2,1,0,0,4,4,4,6,maintained
AVK,AVL,0,0,0,0,1,0,3,1,0,0,0,dauer_decreased
AVK,RIG,2,0,1,0,2,1,5,0,3,4,3,maintained
AVK,RIM,5,8,8,7,10,9,14,14,13,7,12,maintained
AVK,RIS,0,0,2,3,2,0,6,11,6,3,2,maintained
AVK,RIV,0,1,0,0,0,1,3,3,1,2,2,maintained
AVK,RMDL/R,1,3,3,2,5,3,6,12,13,5,2,maintained
AVK,RMF,0,0,0,0,0,0,2,2,8,2,1,maintained
AVK,SAAD,0,4,2,2,7,2,4,4,4,0,1,maintained
AVK,SAAV,1,3,2,1,1,2,3,2,2,0,0,maintained
AVK,SIAD,0,0,0,1,1,0,0,2,3,3,1,maintained
AVK,SMDD,0,0,0,0,0,1,2,3,5,4,3,dauer_increased
AVK,SMDV,0,0,1,1,0,2,4,2,5,2,3,maintained
AVL,RIS,0,0,1,2,2,0,1,1,0,0,1,maintained
AVL,RMEL/R,0,1,2,2,2,0,1,1,1,1,1,maintained
AVM,AVB,0,0,0,0,6,10,14,13,17,17,2,maintained
AVM,AVD,0,0,0,0,3,1,3,1,2,4,0,maintained
AVM,AVJ,0,0,0,0,1,4,5,6,1,5,1,maintained
AVM,BDU,0,0,0,0,1,2,6,5,0,0,1,maintained
AVM,PVC,0,0,0,0,2,6,13,16,19,15,2,maintained
AWA,ADF,2,0,1,0,1,4,3,3,2,2,8,maintained
AWA,ADL,3,2,5,3,2,1,1,3,0,3,1,maintained
AWA,AFD,0,0,0,1,5,4,9,11,11,8,4,maintained
AWA,AIA,3,2,2,2,4,0,4,4,3,3,3,maintained
AWA,AIB,0,0,0,0,0,0,1,0,3,4,5,dauer_increased
AWA,AIY,2,1,1,2,2,3,7,9,12,8,10,maintained
AWA,AIZ,0,2,4,7,13,12,26,26,17,17,21,maintained
AWA,ASE,2,4,4,6,7,4,10,12,11,11,17,maintained
AWA,ASH,0,0,0,0,0,3,3,2,8,6,6,dauer_increased
AWA,AVJ,0,0,0,0,0,0,0,0,8,6,6,dauer_increased
AWA,AWB,5,5,8,10,12,9,9,11,8,4,11,maintained
AWA,RIF,0,0,0,0,0,1,5,1,5,3,2,maintained
AWA,RIP,0,0,0,0,0,0,0,0,10,9,15,dauer_increased
AWA,RIR,0,0,0,0,0,0,0,0,5,6,5,dauer_increased
AWB,ADA,0,0,0,0,0,0,0,0,5,7,3,dauer_increased
AWB,ADF,3,3,6,12,12,17,23,21,2,4,4,dauer_decreased
AWB,AIA,1,2,0,0,1,0,1,5,2,2,2,maintained
AWB,AIB,0,0,0,0,0,0,0,0,6,3,3,dauer_increased
AWB,AIM,0,0,0,0,0,0,0,1,2,1,2,dauer_increased
AWB,AIY,0,0,0,0,0,1,1,1,5,2,4,dauer_increased
AWB,AIZ,3,4,5,4,12,15,13,14,6,5,7,dauer_decreased
AWB,ASH,0,0,0,2,1,1,0,1,2,2,2,dauer_increased
AWB,AUA,0,0,0,1,0,1,1,2,2,0,1,maintained
AWB,RIA,0,0,0,1,1,3,3,2,2,3,0,maintained
AWB,RIG,0,0,0,0,1,3,2,4,0,0,0,dauer_decreased
AWB,SMBV,0,0,1,2,1,2,2,3,1,2,0,maintained
AWC,ADA,0,0,0,0,0,0,0,0,3,1,2,dauer_increased
AWC,AIA,10,7,9,10,15,13,22,22,20,16,7,maintained
AWC,AIB,11,10,15,20,24,22,22,29,26,22,10,maintained
AWC,AIY,4,11,12,14,20,17,25,34,31,29,20,maintained
AWC,AIZ,0,1,0,0,4,2,2,3,6,4,5,maintained
AWC,ASE,1,4,4,8,7,3,7,6,5,2,4,maintained
AWC,ASI,0,0,0,0,2,1,1,2,3,0,0,maintained
AWC,AWC,2,7,5,8,19,14,24,22,8,6,9,dauer_decreased
AWC,RIR,0,0,0,0,0,0,0,0,7,13,7,dauer_increased
BAG,AVA,0,0,0,0,1,2,4,11,4,8,10,maintained
BAG,AVE,2,2,0,7,15,13,11,19,4,1,8,dauer_decreased
BAG,RIA,4,6,6,7,10,18,26,35,14,13,14,maintained
BAG,RIB,5,6,5,12,21,22,19,37,16,10,22,maintained
BAG,RID,0,0,0,0,0,0,2,0,6,5,4,dauer_increased
BAG,RIG,0,2,2,3,5,5,12,7,11,5,11,maintained
BAG,RIR,0,0,0,0,0,0,0,1,1,1,2,maintained
BAG,RMF,0,0,0,0,0,0,9,6,9,2,4,maintained
BDU,ALM,1,1,0,1,4,3,7,4,2,3,0,maintained
BDU,AVB,0,0,2,0,1,1,2,0,5,3,7,dauer_increased
BDU,AVF,0,0,0,0,1,1,1,8,5,3,2,maintained
BDU,AVJ,1,1,3,1,4,4,8,3,6,6,3,maintained
BDU,AVM,0,0,0,0,3,2,1,2,1,0,1,maintained
BDU,BDU,1,0,0,0,0,0,0,0,1,2,1,dauer_increased
BDU,PVC,0,2,1,3,3,0,4,1,1,0,0,maintained
BDU,PVQ,0,0,0,0,0,0,1,0,3,2,2,dauer_increased
BDU,PVW,0,0,0,0,0,0,7,16,4,6,5,maintained
BDU,RIF,1,0,2,0,2,0,4,0,4,1,3,maintained
BDU,RIP,0,0,0,0,0,0,0,0,13,14,4,dauer_increased
BDU,URAD,0,0,1,0,0,2,2,1,0,0,0,dauer_decreased
CEPD,ADA,1,2,0,1,0,0,0,0,1,3,1,dauer_increased
CEPD,AVB,0,0,0,0,0,0,2,0,2,1,1,maintained
CEPD,AVE,2,6,8,9,11,8,15,17,12,7,10,maintained
CEPD,IL1D,0,1,1,4,5,10,7,12,1,0,1,dauer_decreased
CEPD,OLL,2,5,9,11,11,7,14,25,14,9,15,maintained
CEPD,OLQD,0,3,2,3,9,11,13,11,2,1,2,dauer_decreased
CEPD,RIB,0,0,0,0,2,2,4,2,3,1,0,maintained
CEPD,RIC,5,10,6,8,9,10,15,16,21,12,14,maintained
CEPD,RIP,0,0,1,0,2,2,2,1,0,0,0,dauer_decreased
CEPD,RIS,0,0,0,0,0,1,2,2,1,0,0,maintained
CEPD,RMDD,0,0,0,1,0,1,1,2,2,1,0,maintained
CEPD,RMDV,0,2,6,9,11,6,9,16,9,4,8,maintained
CEPD,RMF,0,0,0,0,0,0,0,0,3,5,3,dauer_increased
CEPD,RMH,0,0,0,0,2,1,9,8,7,14,7,maintained
CEPD,SIAD,0,0,0,0,0,1,2,2,2,3,1,maintained
CEPD,SIAV,0,0,0,0,0,0,0,0,1,1,1,dauer_increased
CEPD,SMBD,0,0,0,0,1,0,4,1,6,3,4,maintained
CEPD,URAD,0,2,2,0,3,3,4,2,0,0,0,dauer_decreased
CEPD,URB,2,2,1,4,4,2,4,5,8,5,6,maintained
CEPD,URYD,1,2,0,2,1,7,6,3,0,0,0,dauer_decreased
CEPV,AVE,5,6,2,9,9,9,11,13,10,8,13,maintained
CEPV,IL1V,0,0,1,3,4,6,7,8,1,0,1,dauer_decreased
CEPV,OLL,6,8,6,11,11,12,17,20,13,12,15,maintained
CEPV,OLQV,1,2,4,6,10,11,11,12,0,2,1,dauer_decreased
CEPV,PLN,0,0,0,0,0,0,0,1,2,1,1,maintained
CEPV,PVR,0,0,1,0,2,0,2,2,0,0,0,dauer_decreased
CEPV,RIB,0,0,0,0,0,2,0,2,1,2,1,maintained
CEPV,RIC,6,9,8,7,11,14,17,16,22,14,13,maintained
CEPV,RIP,0,0,2,3,2,2,2,3,0,0,0,dauer_decreased
CEPV,RMDD,0,2,4,6,7,7,15,15,7,5,5,maintained
CEPV,RMDL/R,0,0,0,0,0,1,1,1,1,0,0,maintained
CEPV,RMF,0,0,0,0,0,0,0,0,1,3,2,dauer_increased
CEPV,RMH,0,0,0,0,5,7,10,7,5,8,8,maintained
CEPV,SIAV,0,0,0,0,0,1,1,3,1,2,0,maintained
CEPV,SIBD,0,0,0,0,0,0,0,0,1,1,1,dauer_increased
CEPV,SMBV,0,0,0,1,1,0,1,2,2,1,1,maintained
CEPV,URAV,0,0,1,1,5,5,7,5,0,0,0,dauer_decreased
CEPV,URB,0,0,1,1,0,1,4,7,7,4,1,maintained
CEPV,URYV,1,1,2,1,2,1,3,3,0,0,1,dauer_decreased
DVA,ADA,0,0,1,0,1,1,1,1,1,1,2,maintained
DVA,AIZ,3,4,4,3,5,6,7,4,7,8,6,maintained
DVA,AQR,0,0,0,0,2,4,4,4,3,1,2,maintained
DVA,AUA,1,3,0,2,1,0,8,5,2,2,2,maintained
DVA,AVA,1,0,1,1,1,5,2,3,2,8,3,maintained
DVA,AVB,1,0,0,0,0,1,1,1,0,0,2,maintained
DVA,AVE,3,6,5,8,10,11,23,15,16,14,12,maintained
DVA,FLP,0,0,0,0,0,1,1,1,0,1,0,maintained
DVA,RIA,0,0,0,0,0,0,2,3,2,2,1,maintained
DVA,RID,0,0,0,0,0,0,0,0,4,6,2,dauer_increased
DVA,RIH,0,0,0,0,0,1,1,1,1,0,2,maintained
DVA,RIM,0,0,0,0,0,1,1,1,2,0,0,maintained
DVA,RIR,1,3,2,3,3,4,4,2,0,1,2,maintained
DVA,URYD,0,0,0,2,1,0,1,1,0,2,0,maintained
DVC,AIB,1,3,2,7,7,7,16,12,2,3,0,dauer_decreased
DVC,AVA,5,3,5,2,4,10,16,15,2,7,6,maintained
DVC,AVE,0,0,0,2,2,0,1,3,0,1,0,maintained
DVC,AVK,0,0,0,0,1,1,6,2,4,2,0,maintained
DVC,BAG,0,2,0,1,0,0,0,0,2,2,3,dauer_increased
DVC,IL2D,0,0,0,0,0,0,0,0,5,2,5,dauer_increased
DVC,IL2L/R,0,0,0,0,0,0,0,0,5,4,7,dauer_increased
DVC,IL2V,0,0,0,0,0,1,0,0,5,5,4,dauer_increased
DVC,RIA,0,0,0,0,0,0,0,0,3,3,5,dauer_increased
DVC,RIB,1,5,2,6,7,3,10,14,5,10,7,maintained
DVC,RIG,0,4,4,7,11,6,16,23,8,5,12,maintained
DVC,RIH,0,0,0,0,0,0,0,0,5,7,2,dauer_increased
DVC,RMF,0,0,0,0,0,1,15,10,1,0,0,maintained
FLP,ADA,0,0,0,0,2,0,2,1,2,2,0,maintained
FLP,ADE,2,3,3,1,3,2,4,3,4,5,8,maintained
FLP,AIB,0,0,0,0,1,2,10,2,0,3,0,maintained
FLP,AVA,1,6,9,1,13,16,38,29,10,15,11,maintained
FLP,AVB,0,1,2,4,1,5,11,6,6,9,5,maintained
FLP,AVD,1,1,0,4,5,3,6,6,0,3,3,maintained
FLP,AVE,0,0,1,2,0,4,6,8,0,8,1,maintained
FLP,FLP,0,1,4,3,7,2,3,3,0,6,3,maintained
FLP,PVC,0,1,1,1,1,2,5,2,4,4,4,maintained
FLP,RIM,0,0,0,0,0,0,0,0,1,1,1,dauer_increased
FLP,SDQ,0,0,0,0,0,1,1,2,0,0,0,maintained
IL1D,BWM01D,2,3,4,3,4,9,14,12,6,6,3,maintained
IL1D,BWM02D,2,5,5,3,8,7,6,6,7,4,2,maintained
IL1D,BWM04D,0,0,0,0,2,1,3,2,0,1,0,maintained
IL1D,IL1L/R,1,0,0,0,1,0,0,4,1,2,2,maintained
IL1D,OLL,0,0,0,0,0,0,0,5,1,1,1,maintained
IL1D,PVR,0,0,0,0,0,1,3,1,0,1,0,maintained
IL1D,RIP,4,8,6,5,6,6,6,6,0,2,0,dauer_decreased
IL1D,RMDD,0,0,1,0,0,0,3,1,2,2,1,maintained
IL1D,RMDV,4,8,9,3,7,12,15,18,13,11,6,maintained
IL1D,RMEL/R,1,4,2,2,2,4,1,3,2,4,1,maintained
IL1D,RMH,0,0,0,0,0,0,0,0,4,6,6,dauer_increased
IL1D,SMDD,0,0,0,0,0,0,0,0,5,2,6,dauer_increased
IL1D,URAD,0,0,0,0,1,0,0,2,3,4,4,dauer_increased
IL1D,URB,0,0,0,0,0,0,0,0,3,3,4,dauer_increased
IL1L/R,BWM01D,0,0,0,0,1,0,2,2,1,0,0,maintained
IL1L/R,BWM01V,0,0,0,0,0,1,1,1,0,0,0,dauer_decreased
IL1L/R,BWM02D,5,7,6,5,14,16,20,10,6,6,0,dauer_decreased
IL1L/R,BWM02V,2,7,11,6,14,16,19,19,6,8,1,dauer_decreased
IL1L/R,BWM04D,0,0,0,0,2,3,12,2,0,0,0,dauer_decreased
IL1L/R,BWM04V,0,0,0,2,2,2,4,2,0,0,0,dauer_decreased
IL1L/R,IL1D,0,0,1,0,1,0,2,1,0,3,1,maintained
IL1L/R,IL1V,0,0,1,0,0,1,1,1,0,0,0,dauer_decreased
IL1L/R,RIC,0,0,0,0,0,0,0,0,10,7,5,dauer_increased
IL1L/R,RMDD,2,4,7,5,11,11,14,11,6,8,3,dauer_decreased
IL1L/R,RMDL/R,0,2,4,4,4,5,13,10,13,14,13,maintained
IL1L/R,RMDV,5,6,4,5,8,9,19,9,5,7,0,dauer_decreased
IL1L/R,RMH,0,0,0,0,4,1,2,3,14,18,13,dauer_increased
IL1V,BWM01V,3,3,3,3,4,7,11,6,12,8,2,maintained
IL1V,BWM02V,3,5,4,4,6,2,9,10,5,3,2,maintained
IL1V,RIP,3,7,6,7,6,4,5,6,3,1,2,dauer_decreased
IL1V,RMDD,6,8,7,6,9,8,16,11,17,9,3,maintained
IL1V,RMEL/R,3,5,4,2,2,3,4,5,4,3,2,maintained
IL1V,RMH,0,0,0,0,0,0,0,0,3,4,1,dauer_increased
IL1V,SMDV,0,0,0,0,0,0,0,0,3,2,4,dauer_increased
IL1V,URB,0,0,0,0,0,0,0,0,2,5,3,dauer_increased
IL2D,IL1D,0,0,1,2,3,6,13,15,2,0,0,dauer_decreased
IL2D,OLQD,0,0,0,0,0,2,5,7,1,0,0,maintained
IL2D,RIH,2,1,0,0,2,3,9,9,1,1,0,dauer_decreased
IL2D,RIP,4,9,12,8,18,19,29,39,1,0,0,dauer_decreased
IL2D,RIV,0,0,0,0,0,0,0,0,4,1,2,dauer_increased
IL2D,RMED,1,3,2,3,1,5,2,5,0,1,0,maintained
IL2D,RMEL/R,3,6,6,13,12,10,18,21,0,0,1,dauer_decreased
IL2D,RMEV,2,1,4,2,1,1,4,5,0,0,0,dauer_decreased
IL2D,SAAV,0,0,0,0,0,0,0,0,6,7,3,dauer_increased
IL2D,URAD,0,3,3,4,6,5,9,15,0,0,1,dauer_decreased
IL2D,URYD,0,0,0,0,0,0,1,0,3,3,1,dauer_increased
IL2L/R,ADE,0,0,0,0,1,2,3,3,1,1,0,maintained
IL2L/R,ADF,0,0,0,0,0,0,0,0,1,2,1,dauer_increased
IL2L/R,AIY,0,0,0,0,0,0,0,0,4,1,5,dauer_increased
IL2L/R,DVC,0,0,0,0,0,0,0,0,5,5,2,dauer_increased
IL2L/R,IL1L/R,0,0,0,0,1,3,2,2,3,2,1,maintained
IL2L/R,IL2D,0,0,0,0,0,0,0,0,2,4,1,dauer_increased
IL2L/R,IL2V,0,0,0,0,1,0,0,0,4,1,4,dauer_increased
IL2L/R,OLL,0,0,1,3,1,1,3,2,2,2,0,maintained
IL2L/R,OLQD,1,6,7,6,5,9,14,14,4,1,1,dauer_decreased
IL2L/R,OLQV,3,4,7,5,5,9,12,11,3,4,4,dauer_decreased
IL2L/R,RIH,4,8,12,9,9,13,14,20,11,7,12,maintained
IL2L/R,RMDL/R,0,0,1,3,5,5,3,6,0,0,0,dauer_decreased
IL2L/R,RMEL/R,0,0,3,0,0,1,4,3,1,1,0,maintained
IL2L/R,RMEV,0,0,0,0,0,1,3,1,0,0,0,dauer_decreased
IL2L/R,URAV,0,0,0,0,1,1,1,1,2,0,0,maintained
IL2L/R,URB,0,0,0,0,0,0,1,1,4,5,3,dauer_increased
IL2V,DVC,0,0,0,0,0,0,0,0,2,1,1,dauer_increased
IL2V,IL1V,0,0,1,1,1,4,10,9,3,1,0,maintained
IL2V,OLQV,0,0,0,0,0,1,8,9,1,0,0,maintained
IL2V,RIA,0,0,1,0,2,2,5,7,1,2,0,maintained
IL2V,RIG,0,0,0,0,0,0,0,0,6,7,5,dauer_increased
IL2V,RIH,0,0,1,0,2,3,3,2,2,2,0,maintained
IL2V,RIP,5,8,8,11,11,20,27,31,6,0,0,dauer_decreased
IL2V,RMED,1,0,2,1,3,2,4,3,1,0,0,dauer_decreased
IL2V,RMEL/R,5,9,8,10,12,13,19,20,3,0,0,dauer_decreased
IL2V,RMEV,2,4,3,2,5,4,4,4,4,3,0,maintained
IL2V,SAAD,0,0,0,0,0,0,0,0,5,3,1,dauer_increased
IL2V,URAV,0,5,1,2,6,10,8,15,0,1,1,dauer_decreased
IL2V,URX,0,0,0,0,1,1,2,2,0,0,0,dauer_decreased
IL2V,URYV,0,0,0,0,0,0,1,1,3,2,1,maintained
OLL,AVE,8,20,26,24,39,40,56,64,50,41,41,maintained
OLL,CEPD,2,3,1,7,7,4,19,18,5,2,9,maintained
OLL,CEPV,2,4,2,10,10,11,13,15,8,7,4,dauer_decreased
OLL,IL1D,0,0,0,0,0,2,2,5,4,4,2,maintained
OLL,IL1L/R,0,0,0,0,0,5,2,2,0,2,1,maintained
OLL,IL1V,0,0,0,0,0,1,4,3,11,1,5,maintained
OLL,OLL,0,0,0,0,0,0,1,0,1,1,2,maintained
OLL,OLQV,0,0,0,0,0,1,1,0,1,3,1,maintained
OLL,RIB,6,8,16,12,22,23,24,27,26,22,18,maintained
OLL,RMDD,0,0,3,6,13,13,22,26,26,14,20,maintained
OLL,RMDL/R,0,0,1,1,2,2,5,8,2,3,0,maintained
OLL,RMDV,0,2,5,6,15,9,22,32,16,9,11,maintained
OLL,RMED,0,0,0,0,0,2,3,0,4,5,6,dauer_increased
OLL,RMEL/R,0,0,0,0,1,5,5,2,6,5,4,maintained
OLL,RMEV,0,0,0,0,1,1,1,1,10,3,2,dauer_increased
OLL,SMDD,4,6,7,7,8,10,15,15,10,12,12,maintained
OLL,SMDV,4,8,8,9,8,10,13,13,15,14,15,dauer_increased
OLL,URB,0,0,0,0,0,0,0,0,2,1,3,dauer_increased
OLL,URYD,0,0,0,0,0,0,0,0,3,3,1,dauer_increased
OLL,URYV,0,0,0,0,1,0,1,1,2,5,1,maintained
OLQD,AVE,0,0,0,0,0,0,0,0,6,4,4,dauer_increased
OLQD,IL1D,0,0,0,0,0,1,1,2,1,1,4,maintained
OLQD,IL2L/R,1,3,2,2,4,2,11,9,1,1,0,dauer_decreased
OLQD,OLL,0,0,0,0,0,0,0,0,3,3,2,dauer_increased
OLQD,RIB,0,0,0,0,0,0,0,0,1,1,3,dauer_increased
OLQD,RIC,5,3,3,2,4,2,4,4,4,5,3,maintained
OLQD,RMDD,1,4,2,2,3,5,10,9,12,8,10,maintained
OLQD,RMDV,0,1,0,0,0,0,0,0,7,4,4,dauer_increased
OLQD,RMH,0,0,0,0,0,0,2,3,3,3,6,maintained
OLQD,SIBV,1,3,2,2,3,5,10,9,8,6,6,maintained
OLQD,SMBD,0,0,0,0,0,1,1,2,1,3,1,maintained
OLQD,URYD,0,1,0,0,0,0,0,0,2,5,2,dauer_increased
OLQV,AVE,0,0,0,0,0,0,0,0,4,3,5,dauer_increased
OLQV,IL1V,0,0,0,0,0,1,2,0,1,4,2,maintained
OLQV,IL2L/R,3,3,2,2,3,4,5,7,0,2,1,dauer_decreased
OLQV,OLL,0,0,0,0,0,0,0,0,3,6,2,dauer_increased
OLQV,RIB,0,0,0,0,0,0,0,0,4,2,3,dauer_increased
OLQV,RIC,4,2,2,2,2,2,2,3,3,1,3,maintained
OLQV,RMDD,0,1,0,0,0,0,0,0,3,8,1,dauer_increased
OLQV,RMDV,2,3,2,4,7,8,11,12,12,10,5,maintained
OLQV,RMEL/R,0,0,0,0,0,1,2,1,0,1,1,maintained
OLQV,RMH,0,0,0,1,0,0,1,1,5,3,4,dauer_increased
OLQV,SIBD,1,2,2,4,7,8,12,12,9,8,5,maintained
PLN,SAAD,0,0,0,0,0,0,8,18,19,20,5,maintained
PLN,SMBV,0,0,0,0,0,0,11,14,16,17,6,maintained
PVC,ADA,0,0,0,0,1,0,1,1,0,0,0,dauer_decreased
PVC,AVA,0,1,1,2,9,4,7,8,5,6,7,maintained
PVC,AVB,3,4,8,7,7,21,34,33,30,27,10,maintained
PVC,AVD,1,1,2,4,2,13,13,12,4,7,1,maintained
PVC,AVE,1,2,3,4,3,6,11,8,2,6,3,maintained
PVC,AVJ,0,0,1,0,0,1,2,5,2,2,1,maintained
PVC,FLP,0,0,0,2,0,1,0,1,1,2,3,maintained
PVC,RID,1,1,3,4,1,8,10,6,0,5,1,maintained
PVC,RIS,1,0,0,1,0,1,1,1,0,0,0,dauer_decreased
PVC,SIBD,0,0,0,3,0,2,3,7,3,5,2,maintained
PVC,SIBV,1,0,0,1,0,2,3,6,5,2,1,maintained
PVP,ADA,1,0,0,0,0,1,1,2,3,1,0,maintained
PVP,AIB,0,2,0,2,0,0,3,1,3,1,2,maintained
PVP,AQR,0,0,0,0,7,2,5,4,2,3,1,maintained
PVP,AVA,2,3,2,1,5,6,7,7,3,6,8,maintained
PVP,AVB,3,4,2,2,11,15,22,25,17,23,14,maintained
PVP,DVA,0,1,0,1,1,0,2,0,1,1,1,maintained
PVP,PVC,1,0,3,1,8,12,10,12,3,9,2,maintained
PVP,RIF,0,0,0,0,0,1,0,3,1,1,1,maintained
PVP,RIG,1,2,1,2,1,1,1,1,6,9,2,dauer_increased
PVQ,AIA,7,11,6,10,13,20,18,18,13,8,3,maintained
PVQ,AIM,0,1,2,0,2,2,1,1,0,2,0,maintained
PVQ,ALA,0,0,0,0,0,0,1,2,3,2,1,maintained
PVQ,ASE,0,0,0,0,0,0,1,2,1,1,1,maintained
PVQ,ASH,0,1,0,0,1,4,0,0,1,1,1,maintained
PVQ,ASJ,2,1,2,3,3,1,2,2,0,1,0,maintained
PVQ,ASK,3,7,3,12,11,10,9,16,11,8,1,maintained
PVQ,AVF,0,0,0,0,1,5,0,4,7,3,3,maintained
PVQ,AWA,0,0,1,1,1,0,1,1,1,5,3,maintained
PVQ,BDU,0,0,0,0,0,0,0,0,4,4,3,dauer_increased
PVQ,RIP,0,0,0,0,0,0,0,0,21,13,10,dauer_increased
PVR,AVB,3,3,4,8,13,1,20,19,10,12,11,maintained
PVR,AVJ,2,1,3,7,5,2,7,12,5,6,10,maintained
PVR,CEPV,1,1,0,1,1,0,0,0,3,1,4,maintained
PVR,IL1D,0,0,1,2,3,1,3,1,4,2,0,maintained
PVR,IL1V,1,1,0,3,4,0,6,7,2,4,3,maintained
PVR,PVW,0,0,0,0,0,0,0,0,2,1,1,dauer_increased
PVR,RIP,2,1,2,5,14,1,19,15,11,14,2,maintained
PVT,AIB,1,0,3,2,5,6,9,8,2,1,0,dauer_decreased
PVT,AVK,3,5,5,13,17,8,21,26,9,5,6,maintained
PVT,AVL,0,0,0,2,2,1,6,7,3,2,0,maintained
PVT,DVC,0,1,0,2,4,4,2,13,2,2,6,maintained
PVT,IL2V,0,0,0,0,2,0,1,2,0,1,1,maintained
PVT,RIB,0,0,0,0,0,0,0,0,2,4,4,dauer_increased
PVT,RIG,3,4,1,5,4,4,8,7,3,1,4,maintained
PVT,RMEL/R,0,0,0,0,0,0,0,0,1,1,1,dauer_increased
PVT,RMF,0,0,0,0,0,7,13,8,10,11,9,maintained
PVT,RMH,0,0,0,0,0,0,0,0,1,1,1,dauer_increased
PVT,URAV,0,0,0,0,2,1,1,2,0,0,0,dauer_decreased
PVT,URYV,0,0,0,0,1,0,0,1,1,2,1,maintained
PVW,AVB,0,0,0,0,0,0,3,0,7,9,2,maintained
PVW,AVF,0,0,0,0,0,0,1,0,5,1,1,maintained
PVW,AVJ,0,0,0,0,0,0,1,6,5,3,3,maintained
PVW,BDU,0,0,0,0,0,0,8,14,5,3,1,maintained
PVW,PVR,0,0,0,0,0,0,0,0,1,6,1,dauer_increased
PVW,PVW,0,0,0,0,0,0,2,4,11,4,3,maintained
PVW,RIC,0,0,0,0,0,0,0,0,1,1,1,dauer_increased
PVW,RIF,0,0,0,0,0,0,2,2,2,1,2,maintained
PVW,RIP,0,0,0,0,0,0,0,0,9,2,3,dauer_increased
PVW,RMG,0,0,0,0,0,0,0,1,4,3,4,dauer_increased
PVW,URAD,0,0,0,0,0,0,0,0,1,1,1,dauer_increased
RIA,CEPD,0,2,1,1,6,3,2,2,2,1,4,maintained
RIA,CEPV,2,1,1,3,6,3,2,5,0,2,1,maintained
RIA,IL1L/R,0,0,1,1,0,0,3,3,3,2,3,maintained
RIA,RIA,6,12,19,32,43,40,44,99,55,32,64,maintained
RIA,RIV,0,1,2,2,8,9,9,13,11,10,13,maintained
RIA,RMDD,24,25,36,43,43,56,81,86,52,47,56,maintained
RIA,RMDL/R,9,18,27,32,47,48,65,102,60,47,59,maintained
RIA,RMDV,22,33,30,42,51,65,86,89,59,54,61,maintained
RIA,SIAD,1,5,5,10,13,7,23,28,16,20,21,maintained
RIA,SIAV,3,8,2,6,13,11,19,19,18,24,17,maintained
RIA,SIBD,0,0,0,0,0,0,1,0,3,1,1,maintained
RIA,SMDD,11,14,21,32,37,52,58,74,49,50,46,maintained
RIA,SMDV,10,17,18,38,46,52,71,71,52,46,60,maintained
RIB,AIB,1,1,3,2,6,4,11,10,6,5,5,maintained
RIB,AUA,0,1,1,0,2,1,3,3,2,3,5,maintained
RIB,AVA,3,5,2,2,1,2,5,6,1,3,2,maintained
RIB,AVE,2,9,7,12,17,12,25,29,19,17,17,maintained
RIB,BAG,3,3,5,5,6,11,14,16,11,13,15,maintained
RIB,DVA,0,1,0,0,1,2,1,1,0,0,0,dauer_decreased
RIB,RIA,3,1,4,5,5,4,4,8,3,4,5,maintained
RIB,RIG,0,0,1,0,0,1,1,3,2,3,2,maintained
RIB,RIH,0,0,0,0,0,0,1,1,1,1,1,maintained
RIB,RIM,0,1,0,0,0,1,3,0,2,1,2,maintained
RIB,RIS,1,2,2,3,1,1,3,5,3,3,4,maintained
RIB,SMDD,0,0,0,2,3,0,2,3,1,3,3,maintained
RIB,SMDV,0,2,1,4,4,3,4,4,5,5,4,maintained
RIB,URYD,0,0,0,0,1,0,2,2,1,1,0,maintained
RIB,URYV,0,0,0,2,1,0,2,3,3,2,0,maintained
RIC,ADA,2,2,2,4,2,4,3,5,3,1,1,maintained
RIC,AIB,0,0,1,0,1,3,7,4,0,0,0,dauer_decreased
RIC,AVA,7,11,8,15,20,26,36,33,1,4,0,dauer_decreased
RIC,AVB,0,0,0,0,0,0,2,0,36,29,20,dauer_increased
RIC,CEPV,1,0,1,0,1,2,5,3,0,1,1,maintained
RIC,RIC,0,2,1,0,0,0,1,5,3,2,1,maintained
RIC,RIM,0,0,0,0,5,2,10,7,0,1,0,dauer_decreased
RIC,RIV,0,0,0,1,0,1,2,4,0,1,1,maintained
RIC,RMH,0,0,0,6,3,0,2,3,0,0,0,maintained
RIC,SMBD,0,0,0,4,3,2,2,5,0,1,0,dauer_decreased
RIC,SMDD,4,6,4,7,9,13,12,18,2,1,2,dauer_decreased
RIC,SMDV,0,4,0,3,5,10,6,5,3,1,2,dauer_decreased
RIF,ADA,0,0,3,1,1,2,0,2,10,16,13,dauer_increased
RIF,AIZ,0,0,0,0,0,0,0,0,3,1,3,dauer_increased
RIF,ALM,1,1,0,1,2,1,3,2,1,1,0,maintained
RIF,ASH,5,4,3,2,2,3,3,1,1,5,2,maintained
RIF,AVB,6,10,9,10,18,17,30,31,13,19,18,maintained
RIF,AVF,0,0,0,0,0,2,6,1,1,1,1,maintained
RIF,AVH,0,0,0,0,2,2,3,7,4,5,5,maintained
RIF,AVJ,3,9,7,5,7,7,5,5,3,9,4,maintained
RIF,BDU,0,0,0,4,0,1,1,2,0,2,6,maintained
RIF,PVP,0,1,0,2,1,6,3,9,4,2,3,maintained
RIF,RIM,0,3,4,3,9,7,17,11,11,8,9,maintained
RIF,RIP,0,0,0,0,0,0,0,0,1,1,1,dauer_increased
RIF,RIR,0,0,0,0,0,0,0,0,2,1,1,dauer_increased
RIF,RMG,0,0,0,0,0,0,1,0,1,1,1,maintained
RIG,AIB,1,3,1,5,3,2,6,8,1,0,1,dauer_decreased
RIG,AIZ,1,1,1,5,10,8,23,19,10,17,13,maintained
RIG,ALN,0,0,0,0,0,0,3,1,6,5,4,dauer_increased
RIG,AVB,0,0,0,0,0,0,1,0,1,1,1,maintained
RIG,AVE,1,2,1,9,7,10,23,19,10,15,14,maintained
RIG,AVK,3,4,6,7,7,6,10,8,6,5,8,maintained
RIG,BAG,4,3,4,5,4,5,18,20,5,4,3,maintained
RIG,OLQV,2,2,2,3,2,3,5,3,0,1,1,dauer_decreased
RIG,PVP,0,0,0,0,0,0,1,0,3,5,1,dauer_increased
RIG,RIA,3,2,1,1,1,0,1,6,2,3,4,maintained
RIG,RIB,2,4,6,4,4,6,4,10,2,2,2,dauer_decreased
RIG,RIR,2,3,0,3,2,4,2,3,5,7,6,dauer_increased
RIG,RMF,0,0,0,0,0,4,9,10,3,4,1,maintained
RIG,RMG,2,2,7,2,4,2,4,1,1,0,0,maintained
RIG,RMH,0,0,0,1,8,7,11,12,8,4,9,maintained
RIG,URX,0,1,0,1,0,1,1,0,2,3,4,dauer_increased
RIG,URYV,2,3,1,4,3,2,2,2,1,2,2,maintained
RIH,AIZ,3,4,8,1,8,7,10,13,20,16,11,maintained
RIH,AUA,0,0,0,0,2,1,2,2,0,1,1,maintained
RIH,AVE,0,0,0,0,0,1,1,1,0,0,0,dauer_decreased
RIH,BAG,0,0,3,0,3,2,2,1,5,1,2,maintained
RIH,CEPD,0,1,3,3,1,5,7,5,2,3,0,maintained
RIH,CEPV,0,1,0,0,0,2,6,6,0,0,0,dauer_decreased
RIH,IL1V,0,0,0,0,0,1,1,2,5,3,1,maintained
RIH,IL2D,0,0,0,4,2,0,0,0,7,6,2,dauer_increased
RIH,IL2L/R,3,0,0,2,1,1,2,3,1,0,1,maintained
RIH,IL2V,0,3,2,0,2,3,2,0,8,5,1,dauer_increased
RIH,OLQD,3,2,6,6,5,6,16,12,3,0,2,dauer_decreased
RIH,OLQV,4,4,3,3,3,5,11,8,7,1,2,maintained
RIH,RIA,4,6,9,2,18,20,21,15,28,27,17,maintained
RIH,RIB,2,2,3,1,8,8,8,13,6,5,1,dauer_decreased
RIH,RIM,0,0,0,0,0,0,0,0,2,3,3,dauer_increased
RIH,RIP,5,6,7,8,12,8,8,16,7,2,3,dauer_decreased
RIH,RIR,0,1,1,0,1,2,1,0,4,3,3,dauer_increased
RIH,RMEV,0,0,0,0,0,1,1,1,1,1,0,maintained
RIH,URX,0,0,0,0,0,0,0,0,3,4,2,dauer_increased
RIH,URYV,0,1,0,0,1,1,2,2,5,5,2,dauer_increased
RIM,ADA,0,0,1,0,0,1,2,1,5,1,1,maintained
RIM,AIB,3,5,6,5,5,15,20,17,3,7,9,maintained
RIM,AVA,1,1,0,0,1,2,3,3,1,2,0,maintained
RIM,AVB,4,5,8,7,8,13,12,15,10,13,10,maintained
RIM,AVE,0,0,0,0,0,1,3,1,1,1,1,maintained
RIM,BWM04D,2,0,2,3,2,3,2,6,3,3,3,maintained
RIM,BWM04V,1,2,3,2,1,5,4,4,5,2,1,maintained
RIM,BWM06D,0,0,1,2,3,2,4,2,2,2,0,maintained
RIM,BWM06V,0,0,1,2,1,1,4,3,2,1,0,maintained
RIM,RIB,2,4,9,10,11,9,7,15,5,12,8,maintained
RIM,RIG,0,0,1,2,1,1,0,1,1,1,1,maintained
RIM,RIS,1,1,1,3,0,1,1,3,0,1,4,maintained
RIM,RMDL/R,8,7,7,7,11,17,26,21,22,24,10,maintained
RIM,RMF,0,0,0,0,0,6,8,8,3,2,2,maintained
RIM,SAAD,2,1,1,2,4,6,10,13,6,5,10,maintained
RIM,SAAV,1,5,5,7,10,11,16,19,9,8,8,dauer_decreased
RIM,SIAD,0,2,0,2,2,2,1,1,2,0,0,maintained
RIM,SMDD,8,9,9,11,13,18,19,23,17,20,13,maintained
RIM,SMDV,6,11,4,9,12,12,16,16,17,13,16,maintained
RIR,ADF,0,0,1,0,0,5,4,3,0,1,0,maintained
RIR,AIY,0,0,1,0,0,4,2,2,2,1,0,maintained
RIR,AIZ,1,5,6,7,9,14,15,21,3,5,1,dauer_decreased
RIR,AQR,0,0,0,0,1,0,1,5,3,2,2,maintained
RIR,AUA,0,1,1,0,1,1,2,2,1,0,0,maintained
RIR,AVE,0,2,0,0,2,2,2,2,0,2,0,maintained
RIR,AVH,0,0,0,0,0,1,2,1,0,0,0,dauer_decreased
RIR,BAG,0,2,1,0,0,0,5,0,6,6,8,dauer_increased
RIR,DVA,1,2,3,4,3,1,2,5,0,0,1,dauer_decreased
RIR,RIA,4,5,8,5,13,12,19,16,9,10,9,dauer_decreased
RIR,RIG,0,0,1,0,1,3,2,3,1,0,1,maintained
RIR,URX,3,5,8,9,10,12,19,14,6,5,8,dauer_decreased
RIS,AVE,5,5,7,11,12,12,16,17,17,11,13,maintained
RIS,AVK,0,1,0,5,6,5,17,18,5,6,10,maintained
RIS,CEPD,1,2,2,1,3,2,5,4,2,3,3,maintained
RIS,CEPV,2,2,2,3,4,5,6,5,5,1,1,maintained
RIS,RIB,5,3,8,9,5,7,12,22,19,12,19,maintained
RIS,RIM,0,2,2,5,7,13,17,17,5,9,10,maintained
RIS,RMDL/R,0,1,4,1,4,7,8,3,12,8,10,maintained
RIS,RMEL/R,0,0,0,0,0,0,0,0,2,2,3,dauer_increased
RIS,SMDD,2,1,1,1,2,4,5,4,0,2,4,maintained
RIS,SMDV,0,0,1,0,0,1,2,1,4,2,4,maintained
RIV,BWM05V,0,0,0,3,2,7,11,8,3,2,8,maintained
RIV,BWM06V,0,0,0,0,1,5,3,9,0,0,0,dauer_decreased
RIV,BWM07V,0,0,0,3,1,6,22,11,11,5,0,maintained
RIV,BWM08V,0,0,0,0,1,3,1,7,0,1,0,maintained
RIV,CEPV,0,0,0,0,0,0,0,0,3,1,3,dauer_increased
RIV,RIA,1,5,6,14,8,7,12,12,8,11,8,maintained
RIV,RIV,0,0,0,0,0,0,0,0,2,1,1,dauer_increased
RIV,RMDD,1,2,4,6,4,2,1,4,0,1,0,maintained
RIV,RMDL/R,1,0,0,4,1,5,4,3,2,1,2,maintained
RIV,RMDV,1,0,1,0,1,3,4,10,2,0,4,maintained
RIV,SAAD,3,3,4,7,7,9,6,6,6,9,2,maintained
RIV,SIAV,0,0,0,3,3,7,12,16,4,3,0,maintained
RIV,SMDD,1,1,1,3,7,4,2,3,4,8,8,maintained
RIV,SMDV,0,2,2,2,2,2,2,3,2,2,2,maintained
RMDD,BWM01D,2,5,4,6,9,10,10,13,15,12,12,maintained
RMDD,BWM02D,5,6,7,6,8,11,17,15,9,8,8,maintained
RMDD,BWM03D,2,5,4,6,9,9,6,17,13,14,18,maintained
RMDD,BWM04D,0,3,5,6,9,10,19,14,9,8,5,maintained
RMDD,BWM05D,0,0,1,0,4,5,7,14,2,3,4,maintained
RMDD,BWM07D,0,0,0,0,0,1,6,4,0,1,0,maintained
RMDD,RMDD,0,0,0,0,2,1,3,1,4,0,5,maintained
RMDD,RMDV,8,11,12,8,18,16,22,23,19,13,16,maintained
RMDD,RMEV,0,0,0,0,0,0,1,4,2,1,3,maintained
RMDD,SMBD,0,0,0,0,0,2,2,1,1,0,2,maintained
RMDD,URAD,0,0,0,0,0,1,0,1,1,2,4,maintained
RMDL/R,BWM02D,2,3,2,1,1,1,3,3,3,3,6,maintained
RMDL/R,BWM02V,2,2,4,3,4,2,4,7,5,5,5,maintained
RMDL/R,BWM04D,1,3,3,1,2,7,7,12,5,5,9,maintained
RMDL/R,BWM04V,0,1,3,1,5,7,12,14,8,5,4,maintained
RMDL/R,BWM06D,0,1,0,2,0,1,5,3,1,1,2,maintained
RMDL/R,IL1L/R,4,5,4,5,3,5,4,4,3,4,1,maintained
RMDL/R,RIA,7,9,12,19,26,25,36,44,28,27,21,maintained
RMDL/R,RMDD,2,4,5,5,3,6,4,6,7,7,6,maintained
RMDL/R,RMDL/R,4,7,12,14,16,15,12,19,13,11,12,maintained
RMDL/R,RMDV,4,2,1,5,4,3,4,3,3,6,6,maintained
RMDL/R,RMEL/R,0,0,0,0,1,1,2,4,8,3,5,maintained
RMDL/R,RMF,0,0,0,0,0,0,0,5,2,3,4,maintained
RMDL/R,RMH,0,0,0,0,2,2,4,4,1,1,7,maintained
RMDV,BWM01V,2,4,5,5,11,13,15,12,14,13,12,maintained
RMDV,BWM02V,5,8,7,7,13,11,13,10,12,12,5,maintained
RMDV,BWM03V,1,3,5,3,12,16,31,21,12,11,9,maintained
RMDV,BWM04V,3,5,3,2,17,9,17,19,6,12,6,maintained
RMDV,BWM05V,0,0,1,0,2,10,16,19,3,4,4,maintained
RMDV,BWM06V,0,0,0,0,1,1,4,6,0,0,0,dauer_decreased
RMDV,BWM07V,0,0,0,0,0,1,6,6,1,1,0,maintained
RMDV,RMDD,7,11,11,11,20,20,30,21,19,24,13,maintained
RMDV,RMDV,0,0,0,0,3,4,1,4,2,2,4,maintained
RMDV,RMED,0,0,0,0,0,2,6,4,0,1,4,maintained
RMDV,SMBV,0,0,0,0,1,0,4,3,4,0,0,maintained
RMDV,URAV,0,0,0,0,0,0,0,0,1,1,5,dauer_increased
RMED,BWM01V,7,10,6,10,14,16,19,22,16,15,21,maintained
RMED,BWM03V,2,2,1,7,4,15,15,14,7,17,10,maintained
RMED,BWM05V,0,0,0,0,0,2,4,5,0,1,2,maintained
RMED,RMDV,8,8,8,4,4,5,1,1,3,4,7,maintained
RMED,SMDD,2,2,3,4,4,5,4,3,7,8,2,maintained
RMED,URAV,0,0,0,0,0,0,0,0,3,1,2,dauer_increased
RMEL/R,BWM02D,4,4,12,14,23,22,27,22,19,22,11,maintained
RMEL/R,BWM02V,6,9,12,11,19,21,23,31,22,21,15,maintained
RMEL/R,BWM04D,0,0,0,0,0,3,26,7,2,2,0,maintained
RMEL/R,BWM04V,0,0,0,0,2,3,20,9,2,2,3,maintained
RMEL/R,IL1L/R,0,0,1,0,2,0,1,1,0,0,0,dauer_decreased
RMEV,BWM01D,5,7,9,12,11,11,13,16,13,15,15,maintained
RMEV,BWM03D,0,3,5,6,8,9,11,16,8,14,14,maintained
RMEV,RMDD,5,4,3,3,7,1,0,1,7,8,7,maintained
RMEV,RMEV,0,0,0,0,0,0,0,0,1,2,1,dauer_increased
RMEV,SMDD,0,0,0,0,1,0,0,0,1,2,2,dauer_increased
RMEV,SMDV,1,2,3,3,1,4,0,3,5,6,4,maintained
RMEV,URAD,0,0,0,0,0,0,0,0,1,1,3,dauer_increased
RMF,AVK,0,0,0,0,0,16,19,30,10,6,18,maintained
RMF,BWM02D,0,0,0,0,0,0,6,18,9,11,1,maintained
RMF,BWM02V,0,0,0,0,0,0,2,11,12,6,7,maintained
RMF,BWM04D,0,0,0,0,0,0,2,9,5,5,2,maintained
RMF,PVT,0,0,0,0,0,1,2,1,0,0,1,maintained
RMF,RMDL/R,0,0,0,0,0,11,16,24,24,27,26,maintained
RMF,RMG,0,0,0,0,0,0,1,1,5,7,5,dauer_increased
RMF,RMH,0,0,0,0,0,0,5,11,12,13,13,dauer_increased
RMG,ASH,0,0,0,0,1,3,2,1,0,0,0,dauer_decreased
RMG,AVB,0,0,0,0,3,5,5,3,4,1,2,maintained
RMG,AVE,0,0,0,1,0,2,3,4,2,1,5,maintained
RMG,BWM04D,0,0,0,1,0,0,2,3,4,3,1,maintained
RMG,BWM04V,0,0,0,1,2,4,8,1,5,0,3,maintained
RMG,BWM06D,0,0,1,1,2,4,13,7,7,7,2,maintained
RMG,BWM06V,0,0,1,2,3,8,9,6,9,6,2,maintained
RMG,BWM08D,0,0,0,0,1,4,8,4,3,2,1,maintained
RMG,BWM08V,0,0,0,0,2,6,6,5,5,1,1,maintained
RMG,RMDL/R,5,12,8,12,17,12,16,18,7,6,6,dauer_decreased
RMG,RMDV,4,3,5,2,4,6,9,5,6,4,2,maintained
RMG,RMF,0,0,0,0,0,0,0,0,3,2,3,dauer_increased
RMG,RMH,0,0,0,2,2,1,4,1,1,2,0,maintained
RMG,SAAD,0,0,0,0,3,0,0,2,3,6,3,maintained
RMG,SIBD,0,0,0,1,2,0,4,5,0,3,5,maintained
RMG,SIBV,0,1,0,3,1,2,0,3,7,2,4,maintained
RMG,SMBV,0,0,0,0,1,2,1,2,1,1,1,maintained
RMH,BWM02D,0,0,0,0,8,7,5,10,23,17,6,maintained
RMH,BWM02V,0,0,0,0,6,7,7,7,24,13,5,maintained
RMH,BWM04D,0,0,0,0,4,2,5,4,2,5,4,maintained
RMH,BWM04V,0,0,0,0,6,6,8,4,3,4,2,maintained
RMH,CEPD,0,0,0,1,0,1,3,0,1,1,1,maintained
RMH,IL1L/R,0,0,0,0,0,0,1,0,6,3,2,dauer_increased
RMH,RIC,0,0,0,0,0,0,0,0,11,2,3,dauer_increased
RMH,RMDD,0,0,0,0,1,0,0,0,3,5,1,maintained
RMH,RMDL/R,0,0,0,1,5,10,13,12,22,13,16,maintained
RMH,RMDV,0,0,0,0,0,0,0,0,5,4,1,dauer_increased
RMH,RMF,0,0,0,0,0,0,4,10,13,10,4,maintained
RMH,RMG,0,0,0,0,1,2,2,1,1,0,1,maintained
SAAD,AVA,5,3,4,8,11,9,32,21,12,11,13,maintained
SAAD,OLL,1,0,0,0,0,1,2,4,1,1,2,maintained
SAAD,RIM,9,7,11,16,16,14,34,31,13,14,21,maintained
SAAD,RMF,0,0,0,0,0,2,2,5,1,0,0,maintained
SAAD,RMG,0,0,0,0,0,1,0,1,2,4,2,dauer_increased
SAAD,SMDV,0,2,6,5,3,5,5,8,5,2,8,maintained
SAAV,AVA,4,9,6,9,24,20,45,40,27,20,20,maintained
SAAV,RIA,0,0,0,0,1,0,0,0,1,1,1,maintained
SAAV,RIM,5,11,9,13,26,16,42,40,26,16,19,maintained
SAAV,RMF,0,0,0,0,0,3,2,2,3,3,4,maintained
SAAV,SMDD,1,4,2,6,4,13,15,13,10,9,7,maintained
SDQ,AIB,0,0,0,0,0,1,1,4,4,6,4,maintained
SDQ,AVA,0,0,0,0,0,3,4,6,4,2,5,maintained
SDQ,AVB,0,0,0,1,2,6,13,11,12,14,7,maintained
SDQ,AVK,0,0,0,0,0,0,0,0,3,1,1,dauer_increased
SDQ,DVA,0,0,0,1,0,5,3,7,1,3,1,maintained
SDQ,RIC,0,0,0,1,1,3,3,1,5,3,3,maintained
SDQ,SDQ,0,0,0,0,0,1,3,1,2,3,1,maintained
SDQ,SIBV,0,0,0,0,2,3,1,1,2,5,3,maintained
SMBD,ADA,0,0,1,0,3,1,1,4,0,0,1,maintained
SMBD,ALN,0,0,0,2,0,1,4,5,0,0,0,maintained
SMBD,BWM01D,3,6,3,4,6,6,2,7,4,4,3,maintained
SMBD,BWM02D,1,2,2,2,3,3,2,4,2,3,3,maintained
SMBD,BWM03D,3,3,5,4,9,9,10,8,9,7,4,maintained
SMBD,BWM04D,1,3,3,3,4,3,6,6,3,3,6,maintained
SMBD,BWM05D,1,3,3,3,3,5,10,10,12,11,4,maintained
SMBD,BWM07D,0,0,0,0,0,2,4,3,7,6,5,dauer_increased
SMBD,RMDD,1,0,0,1,1,0,1,2,3,1,3,maintained
SMBD,RMED,4,5,5,3,3,9,9,9,15,15,4,maintained
SMBD,SAAV,3,4,4,9,9,10,12,19,3,6,11,maintained
SMBV,BWM01V,3,3,3,5,5,5,5,7,3,3,8,maintained
SMBV,BWM02V,2,2,3,2,4,6,4,4,2,1,0,dauer_decreased
SMBV,BWM03V,3,4,6,5,7,7,8,11,6,8,6,maintained
SMBV,BWM04V,4,2,3,2,4,7,6,7,4,3,1,maintained
SMBV,BWM05V,0,0,2,2,2,5,14,11,10,9,8,maintained
SMBV,BWM06V,0,0,0,0,1,1,4,2,2,3,0,maintained
SMBV,BWM07V,0,0,1,1,1,4,7,6,2,8,3,maintained
SMBV,BWM08V,0,0,0,0,0,1,2,1,0,0,0,dauer_decreased
SMBV,PLN,0,0,0,0,0,0,3,5,3,9,3,maintained
SMBV,RMDV,2,4,2,1,0,1,2,3,1,3,3,maintained
SMBV,RMEV,3,4,5,3,3,9,10,9,12,12,0,maintained
SMBV,SAAD,6,6,5,11,16,11,14,12,10,11,9,maintained
SMDD,BWM01D,3,2,2,3,4,2,3,2,4,3,5,maintained
SMDD,BWM01V,0,0,0,0,0,0,0,0,3,3,2,dauer_increased
SMDD,BWM03D,3,3,4,3,6,2,5,5,7,3,9,maintained
SMDD,BWM03V,0,0,0,0,0,0,0,0,2,2,1,dauer_increased
SMDD,BWM05D,0,0,2,0,4,3,4,9,2,0,1,dauer_decreased
SMDD,BWM06D,0,0,0,0,2,0,1,2,0,2,0,maintained
SMDD,CEPD,2,0,1,0,3,0,2,1,0,2,4,maintained
SMDD,RIA,10,9,12,15,15,21,21,28,15,23,24,maintained
SMDD,RIM,0,0,0,0,2,2,3,2,0,1,3,maintained
SMDD,RMDL/R,1,0,1,1,1,3,3,5,0,3,3,maintained
SMDD,RMED,0,0,1,0,0,0,0,0,3,2,2,dauer_increased
SMDD,SMDV,3,7,6,5,5,6,13,14,7,9,16,maintained
SMDV,BWM01D,0,0,0,0,0,0,0,0,1,2,3,dauer_increased
SMDV,BWM01V,2,4,2,3,3,3,3,2,3,4,4,maintained
SMDV,BWM03V,2,3,2,3,3,3,5,5,2,4,3,maintained
SMDV,BWM05V,0,0,0,0,1,1,3,3,0,1,6,maintained
SMDV,CEPV,1,1,0,0,3,1,4,1,0,2,7,maintained
SMDV,RIA,9,13,9,20,17,25,34,31,38,29,33,maintained
SMDV,RMDD,0,0,0,1,0,0,0,0,1,4,1,dauer_increased
SMDV,RMEV,0,0,0,0,0,0,0,0,1,2,3,dauer_increased
SMDV,SMDD,2,6,3,6,3,8,15,14,10,12,9,maintained
URAD,BWM01D,3,4,5,8,9,9,12,15,8,5,6,dauer_decreased
URAD,BWM02D,3,3,6,3,8,6,8,10,5,4,4,dauer_decreased
URAD,BWM03D,0,0,0,0,1,0,7,7,0,1,3,maintained
URAD,IL1D,2,1,2,4,2,0,2,7,7,6,1,maintained
URAD,RIP,4,5,5,6,10,9,9,9,2,6,4,dauer_decreased
URAD,RMDD,0,0,0,0,0,0,0,4,3,5,2,maintained
URAD,RMDV,0,0,0,1,0,0,0,0,6,5,5,dauer_increased
URAD,RMED,1,0,2,2,3,3,3,4,11,7,4,dauer_increased
URAD,RMEL/R,4,5,5,3,5,4,4,4,4,5,4,maintained
URAV,BWM01V,3,4,4,8,4,7,11,13,6,10,6,maintained
URAV,BWM02V,3,4,5,9,9,9,16,16,6,9,5,maintained
URAV,BWM03V,0,0,0,0,1,0,2,3,0,1,4,maintained
URAV,BWM04V,0,0,0,0,0,3,4,2,1,1,1,maintained
URAV,IL1L/R,0,0,0,1,1,2,2,1,1,1,0,maintained
URAV,IL1V,0,0,0,0,3,1,3,6,6,4,0,maintained
URAV,RIP,3,5,5,10,8,5,7,5,1,3,3,dauer_decreased
URAV,RMDD,0,0,0,0,0,1,0,0,6,9,2,dauer_increased
URAV,RMDV,0,0,0,0,1,3,0,0,3,4,2,maintained
URAV,RMED,1,2,0,0,0,0,0,0,1,1,1,dauer_increased
URAV,RMEL/R,4,5,3,3,5,5,7,7,6,8,3,maintained
URAV,RMEV,3,2,1,3,5,4,5,5,8,8,4,maintained
URAV,SMDD,0,0,0,0,0,0,0,0,3,2,1,dauer_increased
URB,ADA,0,0,1,1,1,1,7,8,4,5,4,maintained
URB,ADE,0,0,0,0,1,0,1,1,1,1,0,maintained
URB,AIM,0,0,0,0,0,0,0,0,5,5,6,dauer_increased
URB,AVB,0,0,0,0,0,0,6,3,11,9,10,dauer_increased
URB,CEPD,2,2,2,3,4,4,4,4,0,1,1,dauer_decreased
URB,CEPV,0,0,1,1,4,2,4,2,0,0,0,dauer_decreased
URB,IL1L/R,2,5,5,4,4,4,2,4,2,2,0,maintained
URB,IL2L/R,3,2,1,0,2,1,1,0,1,1,1,maintained
URB,OLL,1,0,0,0,0,0,0,2,1,1,1,maintained
URB,RIC,0,1,1,4,4,7,18,8,2,2,4,dauer_decreased
URB,RMDL/R,0,0,0,1,2,2,1,2,12,8,10,dauer_increased
URB,RMEL/R,0,0,0,0,0,0,0,0,3,4,6,dauer_increased
URB,RMG,0,0,0,0,1,0,1,1,0,1,1,maintained
URB,RMH,0,0,0,0,3,3,6,1,2,0,0,maintained
URB,SIAV,0,1,0,0,1,1,1,2,0,0,0,dauer_decreased
URB,URAD,0,0,0,0,0,0,0,0,2,2,1,dauer_increased
URB,URAV,0,0,0,0,0,0,0,0,1,4,5,dauer_increased
URB,URX,4,5,4,8,10,11,19,18,4,1,1,dauer_decreased
URX,AUA,5,4,9,6,28,19,37,30,10,9,7,dauer_decreased
URX,AVE,0,1,0,3,2,3,10,7,3,4,2,maintained
URX,IL2L/R,0,0,0,1,0,1,4,4,0,0,1,maintained
URX,RIA,5,5,12,15,32,25,50,49,19,16,16,dauer_decreased
URX,RIC,2,4,1,4,4,7,11,10,2,0,0,dauer_decreased
URX,RIG,2,4,3,8,7,11,12,19,9,9,14,maintained
URX,RIR,1,0,4,7,6,5,9,14,2,1,4,dauer_decreased
URX,RMG,0,1,0,2,1,2,6,3,3,3,1,maintained
URYD,AVA,0,0,0,0,0,0,0,0,4,3,4,dauer_increased
URYD,AVB,0,0,0,0,0,0,3,3,6,3,4,maintained
URYD,AVD,0,0,0,0,0,0,2,4,5,4,4,maintained
URYD,AVE,7,4,7,5,5,9,15,13,7,2,3,maintained
URYD,BWM01D,0,0,0,0,3,2,2,3,0,0,0,dauer_decreased
URYD,BWM03D,0,0,0,0,1,2,3,4,0,0,0,dauer_decreased
URYD,CEPD,0,0,0,0,2,0,1,3,0,0,0,dauer_decreased
URYD,IL1D,0,1,0,0,2,4,11,11,3,0,1,maintained
URYD,IL2D,0,0,0,0,0,0,0,0,5,1,1,dauer_increased
URYD,RIB,4,4,3,3,5,5,5,6,2,1,4,dauer_decreased
URYD,RMDD,0,3,2,2,9,8,11,13,1,1,2,dauer_decreased
URYD,RMDV,1,3,4,3,5,14,28,32,4,1,4,dauer_decreased
URYD,SMDD,6,7,6,6,12,6,7,11,4,2,5,dauer_decreased
URYV,AVA,0,0,0,0,0,0,0,1,5,3,5,dauer_increased
URYV,AVB,0,0,0,0,0,1,2,6,3,4,6,maintained
URYV,AVD,0,0,0,0,0,0,0,1,3,1,1,maintained
URYV,AVE,6,8,4,7,8,10,11,17,5,6,8,dauer_decreased
URYV,BWM01V,0,0,0,0,1,0,1,2,0,0,0,dauer_decreased
URYV,DVC,0,0,0,0,0,0,0,0,3,1,1,dauer_increased
URYV,IL1V,0,0,0,0,0,6,2,6,5,2,2,maintained
URYV,OLL,0,0,0,0,1,0,1,1,0,0,0,dauer_decreased
URYV,RIA,0,0,0,0,1,0,0,0,1,1,2,maintained
URYV,RIB,2,4,1,5,7,5,9,9,10,6,8,maintained
URYV,RIG,0,0,0,0,0,0,0,0,2,2,3,dauer_increased
URYV,RMDD,5,5,4,6,3,17,17,25,9,6,8,maintained
URYV,RMDV,2,2,2,3,6,6,12,14,3,3,3,dauer_decreased
URYV,SIBV,0,0,0,0,0,1,2,6,1,1,1,maintained
URYV,SMDV,3,7,3,4,8,6,6,10,3,3,4,dauer_decreased
