neuron,ADFL,ADFR,ADLL,ADLR,AFDL,AFDR,ALML,ALMR,ASEL,ASER,ASGL,ASGR,ASHL,ASHR,ASIL,ASIR,ASJL,ASJR,ASKL,ASKR,AUAL,AUAR,AWAL,AWAR,AWBL,AWBR,AWCL,AWCR,BAGL,BAGR,DVA,FLPL,FLPR,IL2DL,IL2DR,IL2L,IL2R,IL2VL,IL2VR,OLLL,OLLR,OLQDL,OLQDR,OLQVL,OLQVR,SAADL,SAADR,SAAVL,SAAVR,URBL,URBR,URXL,URXR,URYDL,URYDR,URYVL,URYVR,ADAL,ADAR,AIAL,AIAR,AIBL,AIBR,AINL,AINR,AIYL,AIYR,AIZL,AIZR,AVAL,AVAR,AVBL,AVBR,AVDL,AVDR,AVEL,AVER,AVJL,AVJR,BDUL,BDUR,PVCL,PVCR,PVPL,PVPR,PVR,PVT,RIAL,RIAR,RIBL,RIBR,RIFL,RIFR,RIGL,RIGR,RIH,RIML,RIMR,RIPL,RIPR,RIR,IL1DL,IL1DR,IL1L,IL1R,IL1VL,IL1VR,RIVL,RIVR,RMDDL,RMDDR,RMDL,RMDR,RMDVL,RMDVR,RMED,RMEL,RMER,RMEV,SIADL,SIADR,SIAVL,SIAVR,SIBDL,SIBDR,SIBVL,SIBVR,SMBDL,SMBDR,SMBVL,SMBVR,SMDDL,SMDDR,SMDVL,SMDVR,URADL,URADR,URAVL,URAVR,ADEL,ADER,AIML,AIMR,ALA,AVHL,AVHR,AVKL,AVKR,AVL,CEPDL,CEPDR,CEPVL,CEPVR,DVC,PVQL,PVQR,RICL,RICR,RID,RIS,RMGL,RMGR,BWM-DL01,BWM-DL02,BWM-DL03,BWM-DL04,BWM-DL05,BWM-DL06,BWM-DL08,BWM-DR01,BWM-DR02,BWM-DR03,BWM-DR04,BWM-DR05,BWM-DR06,BWM-DR07,BWM-DR08,BWM-VL01,BWM-VL02,BWM-VL03,BWM-VL04,BWM-VL05,BWM-VL06,BWM-VL07,BWM-VL08,BWM-VR01,BWM-VR02,BWM-VR03,BWM-VR04,BWM-VR05,BWM-VR06,BWM-VR07,BWM-VR08
ADFL,0,441,0,0,921,0,0,0,1065,291,114,0,306,0,10,0,0,0,0,0,1510,104,1406,0,3267,100,58,53,0,294,169,0,0,0,0,0,0,0,0,0,0,0,0,147,0,0,0,2,0,0,0,2008,0,0,0,97,0,0,0,775,0,133,100,0,25,2438,66,2724,33,5,0,210,48,84,13,11,61,0,0,0,0,0,1,600,31,0,0,171,0,407,0,1,0,0,0,100,25,1,0,0,1679,0,0,0,0,0,0,0,0,0,0,0,0,0,0,0,0,0,48,25,0,0,0,12,0,1,6,54,0,502,0,0,0,0,0,0,0,0,0,0,0,2,0,0,1,1150,0,0,0,0,0,0,0,0,0,31,0,0,308,0,0,0,0,0,0,0,0,0,0,0,0,0,0,0,0,0,0,0,0,0,0,0,0,0,0,0,0,0,0,0,0,0,0
ADFR,441,0,0,19,0,497,0,0,11,1749,0,0,0,435,0,14,0,0,0,1,0,1228,0,2053,287,4145,6,38,50,0,280,0,0,0,0,0,0,0,0,0,0,0,0,0,81,0,23,0,0,0,0,0,1848,0,0,0,45,22,117,0,727,68,94,58,0,10,1012,126,2832,0,0,7,201,58,243,54,59,0,0,0,0,0,0,0,362,0,0,0,310,13,267,0,0,0,93,126,2,47,0,0,1636,0,0,0,0,0,0,0,6,0,0,0,0,0,0,0,0,0,0,0,222,0,0,0,0,0,2,0,72,0,556,0,0,0,0,0,0,0,0,0,0,0,0,0,2083,0,0,0,0,0,0,0,0,0,0,27,0,5,53,0,0,0,0,0,0,0,0,0,0,0,0,0,0,0,0,0,0,0,0,0,0,0,0,0,0,0,0,0,0,0,0,0,0
ADLL,0,0,0,247,0,0,814,0,325,10,0,0,81,0,662,385,638,0,3617,428,0,0,881,0,187,0,1586,111,0,0,0,0,0,5,0,26,0,0,0,36,0,108,0,0,0,0,0,3,0,113,0,21,0,54,0,0,0,108,0,1336,31,661,0,0,0,0,0,11,0,0,0,0,0,317,0,16,0,218,0,0,0,0,0,0,0,0,0,0,0,0,0,0,0,0,0,0,0,0,0,0,0,136,0,166,0,0,0,0,0,0,0,0,0,0,0,0,0,0,0,0,70,0,0,0,72,0,0,0,0,246,0,0,8,0,0,37,0,0,0,0,0,18,0,1687,247,0,0,0,0,0,0,0,0,0,1459,0,0,0,0,0,55,0,0,0,0,0,0,0,0,0,0,0,0,0,0,0,0,0,0,0,0,0,0,0,0,0,0,0,0,0,0,0,0
ADLR,0,19,247,0,0,0,0,465,13,892,0,122,0,631,0,366,0,395,0,4019,0,0,0,2748,0,974,112,1518,0,0,8,0,0,0,42,0,253,0,0,0,115,0,99,0,0,31,0,0,0,0,117,0,29,0,50,0,3,0,430,0,1200,0,960,0,0,0,28,0,28,0,0,1,1,0,176,0,24,0,248,0,0,0,0,0,67,0,0,0,0,0,0,0,10,0,0,0,0,0,0,0,0,0,85,0,119,0,0,0,0,0,0,0,0,0,0,0,0,0,0,116,0,0,40,193,0,0,0,28,0,0,841,35,0,0,0,0,18,0,0,0,0,0,13,1724,356,106,0,0,0,0,0,0,0,0,0,1558,0,0,0,0,0,115,0,0,0,0,0,0,0,0,0,0,0,0,0,0,0,0,0,0,0,0,0,0,0,0,0,0,0,0,0,0,0
AFDL,921,0,0,0,0,100,0,0,436,2059,38,0,0,0,1290,0,0,0,0,0,3609,12,0,0,241,27,850,491,49,252,0,0,0,65,0,94,0,0,0,0,0,30,0,0,0,0,0,1,152,0,0,373,0,18,0,0,0,0,0,149,0,516,1,549,3410,3858,231,359,0,9,0,0,0,0,0,0,0,0,0,0,0,0,0,0,0,0,0,25,0,105,0,0,0,0,0,0,0,0,0,0,16,27,0,12,0,0,0,6,0,0,0,0,0,0,0,0,0,0,49,0,0,0,0,574,0,0,0,0,0,0,0,0,0,0,0,7,0,0,0,0,0,0,0,0,0,0,0,0,0,33,0,24,0,0,0,0,0,0,0,0,0,0,0,0,0,0,0,0,0,0,0,0,0,0,0,0,0,0,0,0,0,0,0,0,0,0,0,0,0,0,0,0,0
AFDR,0,497,0,0,100,0,0,0,1708,86,0,0,0,0,0,827,0,0,0,4,10,3210,0,104,0,1140,1478,539,231,19,0,0,0,0,40,0,108,0,0,0,76,0,45,0,0,0,0,49,20,0,15,0,301,0,59,0,0,0,0,0,3,0,362,3592,605,0,3724,0,298,0,6,0,0,0,0,0,0,0,0,0,0,0,0,0,0,0,0,0,16,6,130,0,0,0,0,0,0,0,0,0,0,0,46,0,47,0,0,0,5,0,0,0,0,0,0,0,0,0,0,0,0,0,0,0,423,0,0,0,0,0,0,0,0,0,0,0,14,0,0,0,0,0,0,0,0,0,0,0,0,0,14,0,116,0,0,0,0,0,0,0,0,0,0,0,0,0,0,0,0,0,0,0,0,0,0,0,0,0,0,0,0,0,0,0,0,0,0,0,0,0,0,0,0
ALML,0,0,814,0,0,0,0,0,12,0,0,0,58,0,0,0,345,0,112,0,0,0,21,0,0,0,20,0,0,0,0,0,0,0,0,2,0,0,0,82,0,0,0,278,0,0,1567,0,0,5049,0,709,0,17,0,0,0,1806,0,0,0,19,0,67,0,0,0,0,0,0,0,102,0,3002,0,220,0,4120,0,1716,0,0,0,0,0,2593,0,0,0,0,0,172,0,0,0,0,0,0,0,0,516,0,0,989,0,0,0,76,0,0,0,107,0,0,0,0,0,0,0,0,2722,0,0,0,823,0,0,0,1101,0,0,0,57,5,0,0,0,0,0,0,0,468,0,446,2401,0,0,0,0,1365,0,510,0,0,109,0,120,0,9,0,0,0,0,0,0,0,0,0,0,0,0,0,0,0,0,0,0,0,18,0,0,0,0,0,0,0,0,0,0,0,0,0,0
ALMR,0,0,0,465,0,0,0,0,3,0,0,0,0,134,0,203,0,385,0,39,0,0,0,0,0,3,2,34,0,0,109,0,0,0,0,0,1,0,0,0,113,0,0,0,25,1096,0,0,0,0,2845,0,438,0,0,0,496,0,1301,0,0,0,24,0,82,0,0,0,0,0,0,129,753,1703,1409,0,314,726,715,0,4918,0,0,0,371,2985,0,0,0,0,0,0,1980,0,0,0,0,0,0,0,0,0,0,0,470,0,0,0,3,266,0,0,0,0,0,0,0,0,0,1774,0,0,0,392,0,330,3,882,0,0,0,28,0,0,0,0,0,0,0,0,0,0,681,242,170,1100,0,0,0,0,645,0,483,0,0,0,212,508,0,0,0,180,0,0,0,0,0,0,0,0,27,0,321,0,0,0,0,0,0,0,0,0,0,0,0,0,0,0,0,0,0,0,0
ASEL,1065,11,325,13,436,1708,12,3,0,249,803,0,796,0,371,1192,427,0,1097,0,0,72,3166,0,3082,0,968,393,95,0,0,0,0,0,3,1,152,0,0,5,116,6,43,0,0,0,0,0,53,0,31,134,0,11,35,0,0,34,0,633,437,1353,158,256,0,1385,1024,591,316,0,0,0,0,3,41,0,0,0,6,0,0,0,0,0,0,0,0,0,0,6,1,134,0,0,0,0,0,0,0,0,60,51,22,0,12,0,0,0,0,0,0,0,0,0,0,0,0,0,0,0,1,0,0,14,7,0,0,1,0,128,0,0,0,0,0,0,4,0,0,0,0,70,0,107,1,127,0,0,0,0,0,7,0,0,643,137,0,0,0,0,0,0,0,0,0,0,0,0,0,0,0,0,0,0,0,0,0,0,0,0,0,0,0,0,0,0,0,0,0,0,0,0,0
ASER,291,1749,10,892,2059,86,0,0,249,0,232,631,0,699,866,315,0,132,0,577,181,197,0,2772,99,2106,623,1086,0,73,6,0,0,14,0,73,1,0,0,39,0,0,2,0,4,0,0,2,0,8,0,0,139,0,9,0,0,0,4,979,621,243,1284,18,895,790,1229,329,473,3,23,0,1,0,0,0,0,0,0,0,0,0,0,8,33,0,0,17,0,0,80,0,58,0,0,0,0,10,0,0,199,12,5,23,0,0,0,2,0,0,0,0,0,0,0,0,0,0,0,0,0,0,0,0,0,0,0,0,1,0,128,0,0,0,0,0,0,0,0,0,0,0,2,45,361,4,0,0,0,3,0,0,0,0,0,382,0,0,0,0,0,0,0,0,0,0,0,0,0,0,0,0,0,0,0,0,0,0,0,0,0,0,0,0,0,0,0,0,0,0,0,0,0
ASGL,114,0,0,0,38,0,0,0,803,232,0,0,8,0,1534,0,1060,0,180,0,0,0,1287,0,156,0,1097,0,0,12,0,0,0,0,0,0,0,0,0,0,0,0,0,0,0,0,0,0,313,0,0,0,0,0,0,0,0,0,0,2814,0,644,0,866,0,210,0,473,0,0,0,35,0,0,0,0,0,0,0,0,0,0,0,0,0,0,0,0,0,0,0,0,0,0,0,0,0,0,0,0,0,0,0,0,0,0,0,0,0,0,0,0,0,0,0,0,0,0,0,0,0,0,0,0,0,0,0,0,0,0,0,0,0,0,0,0,0,0,0,0,0,4444,0,0,0,0,0,0,0,0,0,114,0,0,51,0,523,0,431,0,1,0,0,0,0,0,0,0,0,0,0,0,0,0,0,0,0,0,0,0,0,0,0,0,0,0,0,0,0,0,0,0,0
ASGR,0,0,0,122,0,0,0,0,0,631,0,0,0,18,0,1748,0,1032,0,20,0,1,0,639,0,14,204,1235,0,0,0,0,0,0,0,0,0,0,0,0,0,0,0,0,0,0,0,194,0,0,0,0,0,0,0,0,0,0,0,0,3663,0,811,0,415,0,125,0,319,0,0,0,0,0,0,0,0,0,0,0,0,0,0,0,0,0,0,0,0,0,7,0,0,0,0,0,0,0,0,0,0,0,0,0,0,0,0,0,0,0,0,0,0,0,0,0,0,0,0,0,0,0,0,0,0,0,0,0,0,0,0,0,0,0,0,0,0,0,0,0,0,0,4065,0,0,0,0,0,0,0,0,0,153,0,0,381,0,121,0,0,0,3,0,0,0,0,0,0,0,0,0,0,0,0,0,0,0,0,0,0,0,0,0,0,0,0,0,0,0,0,0,0,0
ASHL,306,0,81,0,0,0,58,0,796,0,8,0,0,78,0,0,970,0,1292,0,0,0,3077,0,987,67,0,0,0,0,2,0,0,23,0,6,0,0,0,0,0,205,0,0,0,0,7,0,0,1,0,651,0,122,0,5,0,1721,0,907,0,254,37,0,0,97,0,310,0,299,0,2057,71,233,109,57,0,205,805,470,0,0,1049,979,29,0,0,47,0,0,0,2161,0,0,0,0,224,0,0,0,162,15,0,0,0,0,0,0,0,0,0,0,0,0,0,0,0,0,116,0,11,264,0,19,49,145,57,198,0,1430,0,0,5,0,0,104,0,0,0,0,0,946,307,63,421,1399,0,0,0,13,0,14,0,0,1213,502,59,0,652,12,600,0,0,0,0,0,0,0,0,0,0,0,0,0,0,0,0,0,0,0,0,0,0,0,0,0,0,0,0,0,0,0,0
ASHR,0,435,0,631,0,0,0,134,0,699,0,18,78,0,0,0,0,227,0,995,0,30,154,2161,0,1510,0,0,0,0,136,0,0,0,0,0,0,0,0,0,0,0,53,0,7,0,0,0,0,0,1,0,1113,0,66,0,56,0,1912,0,774,0,323,0,0,0,34,0,262,0,258,322,2557,467,374,0,0,710,113,404,33,68,0,0,1660,0,0,0,31,0,0,1,2307,0,9,0,0,86,0,0,34,0,16,0,0,0,0,0,2,0,0,0,0,0,0,0,0,0,0,102,45,0,704,66,82,57,180,0,282,0,1259,2,0,0,0,0,0,0,0,0,0,0,1195,50,2399,181,0,0,0,0,83,0,2,0,0,1578,0,201,0,39,0,204,0,0,0,0,0,0,0,0,0,0,0,0,0,0,0,0,0,0,0,0,0,0,0,0,0,0,0,0,0,0,0
ASIL,10,0,662,0,1290,0,0,0,371,866,1534,0,0,0,0,394,376,0,587,0,72,0,162,0,650,0,2350,1580,0,312,0,0,0,35,0,53,0,0,0,79,0,220,0,0,0,0,0,76,0,10,0,5,0,96,0,0,0,0,0,999,0,386,0,377,1465,246,0,0,0,22,0,0,0,19,0,0,0,176,0,0,0,0,0,0,0,0,0,29,0,17,0,0,0,0,0,0,10,0,0,0,0,90,0,51,0,0,0,0,0,0,0,0,0,0,0,0,0,0,0,0,0,0,0,1,0,0,0,0,0,0,0,0,0,2,0,82,0,0,0,0,0,0,0,0,0,0,0,0,0,9,0,136,0,0,0,0,0,0,0,0,0,0,0,0,0,0,0,0,0,0,0,0,0,0,0,0,0,0,0,0,0,0,0,0,0,0,0,0,0,0,0,0,0
ASIR,0,14,385,366,0,827,0,203,1192,315,0,1748,0,0,394,0,0,506,0,530,0,0,0,532,0,519,2204,3331,9,0,0,0,0,0,148,0,51,0,0,0,63,0,116,0,0,14,0,0,33,0,60,0,0,0,48,0,0,0,0,98,691,0,432,345,38,0,1049,0,79,0,0,0,0,0,110,0,0,0,82,0,0,0,0,0,0,0,0,0,44,0,0,0,0,0,0,0,0,38,0,0,0,0,38,0,165,0,0,0,20,0,0,0,0,0,0,0,0,0,0,14,0,0,0,28,0,0,0,0,0,0,0,0,0,0,0,0,62,0,0,0,0,0,0,0,0,132,0,0,0,0,0,0,237,0,0,0,0,0,0,0,0,0,0,0,0,0,0,0,0,0,0,0,0,0,0,0,0,0,0,0,0,0,0,0,0,0,0,0,0,0,0,0,0
ASJL,0,0,638,0,0,0,345,0,427,0,1060,0,970,0,376,0,0,628,3025,5,2,0,1970,0,174,0,36,0,0,0,0,0,0,40,0,196,0,0,0,57,0,92,0,0,0,0,18,0,106,59,0,237,0,79,0,0,0,22,0,1394,0,31,0,243,0,0,0,0,0,0,0,0,0,92,0,179,0,1,0,0,0,0,0,0,0,0,0,0,0,35,0,203,0,0,0,0,7,0,0,0,0,176,0,87,0,0,0,0,0,0,0,0,0,0,0,0,0,0,0,0,74,0,0,0,31,0,0,0,10,277,0,0,12,0,0,30,0,0,0,0,0,4408,494,1775,14,0,0,0,0,33,0,145,0,0,4075,95,0,0,0,0,110,0,0,0,0,0,0,0,0,0,0,0,0,0,0,0,0,0,0,0,0,0,0,0,0,0,0,0,0,0,0,0,0
ASJR,0,0,0,395,0,0,0,385,0,132,0,1032,0,227,0,506,628,0,225,3707,0,0,0,806,0,141,0,9,0,0,0,0,0,0,59,0,298,0,0,0,102,0,127,0,0,53,0,0,0,0,55,0,235,0,166,0,0,0,66,0,1331,0,17,0,170,0,0,0,0,0,22,0,4,0,262,0,79,0,162,0,0,0,0,0,0,0,0,0,0,0,12,0,508,0,0,0,0,21,0,0,0,0,104,0,228,0,0,0,0,29,0,0,0,0,0,0,0,0,0,194,0,0,0,30,0,0,0,13,0,0,244,31,0,0,0,0,118,0,0,0,0,480,4200,1533,0,137,0,0,0,0,67,0,182,0,0,3329,0,0,0,0,0,1329,0,0,0,0,0,0,0,0,0,0,0,0,0,0,0,0,0,0,0,0,0,0,0,0,0,0,0,0,0,0,0
ASKL,0,0,3617,0,0,0,112,0,1097,0,180,0,1292,0,587,0,3025,225,0,405,0,0,751,0,403,0,311,0,0,0,0,0,0,4,0,73,0,0,0,47,0,96,0,0,0,0,0,0,76,104,0,43,0,49,0,0,0,468,0,3678,24,1195,0,523,0,0,0,8,0,0,0,0,0,28,0,0,0,0,0,0,0,0,0,0,0,0,0,0,0,5,0,1121,0,0,0,0,5,0,0,0,0,183,0,31,0,0,0,0,0,0,0,0,0,0,0,0,0,0,0,0,13,0,0,4,49,0,0,0,0,89,0,0,24,0,0,27,0,0,0,0,0,400,16,1350,0,0,0,0,0,0,0,89,0,0,3700,53,0,0,0,0,324,0,0,0,0,0,0,0,0,0,0,0,0,0,0,0,0,0,0,0,0,0,0,0,0,0,0,0,0,0,0,0,0
ASKR,0,1,428,4019,0,4,0,39,0,577,0,20,0,995,0,530,5,3707,405,0,0,0,0,1009,0,419,92,273,0,0,0,0,0,0,3,0,29,0,0,0,41,0,88,0,0,0,0,55,0,0,0,0,27,0,79,0,0,0,242,0,4016,0,1163,0,336,0,8,0,2,0,33,1,48,0,51,0,0,0,27,0,0,0,0,0,130,0,0,0,0,0,0,0,1484,0,0,0,0,0,0,0,0,0,15,0,0,0,0,0,0,0,0,0,0,0,0,0,0,0,0,10,0,0,0,15,3,0,0,0,0,0,146,9,0,0,0,0,10,0,0,0,0,0,1076,1632,64,3,0,0,0,0,0,0,65,0,0,3765,0,0,0,0,0,277,0,0,0,0,0,0,0,0,0,0,0,0,0,0,0,0,0,0,0,0,0,0,0,0,0,0,0,0,0,0,0
AUAL,1510,0,0,0,3609,10,0,0,0,181,0,0,0,0,72,0,2,0,0,0,0,90,53,0,179,0,16,58,371,598,141,0,0,106,0,167,0,0,0,51,0,290,0,0,0,0,0,76,0,19,0,1737,0,81,0,84,0,0,0,6,0,36,4,835,2333,1818,78,320,0,180,0,98,0,23,4,923,0,0,0,0,0,0,0,0,0,0,0,470,0,1764,0,0,0,0,0,71,160,0,0,0,156,83,0,86,0,0,0,124,0,0,0,0,0,0,0,0,0,0,140,0,0,0,0,173,0,0,0,0,0,0,0,0,0,26,0,39,0,0,0,0,0,0,0,0,0,0,0,0,0,38,0,101,0,0,0,0,0,0,0,0,0,0,0,0,0,0,0,0,0,0,0,0,0,0,0,0,0,0,0,0,0,0,0,0,0,0,0,0,0,0,0,0,0
AUAR,104,1228,0,0,12,3210,0,0,72,197,0,1,0,30,0,0,0,0,0,0,90,0,0,23,0,419,142,0,654,301,26,0,0,0,135,0,114,0,0,0,51,0,65,0,166,9,12,6,117,0,72,0,1699,0,93,0,103,13,3,0,2,57,45,1797,456,2,2395,45,550,0,278,0,144,412,425,0,702,0,0,0,0,0,0,0,0,0,1,0,495,435,1576,0,0,0,103,4,6,158,0,0,84,0,56,0,126,0,0,0,90,0,0,0,0,0,0,0,0,0,0,0,0,0,0,0,107,0,0,0,0,0,0,0,0,0,10,0,13,0,0,0,0,0,0,0,0,0,0,0,0,0,129,0,57,0,0,0,0,0,2,24,0,0,0,0,0,0,0,0,0,0,0,0,0,0,0,0,0,0,0,0,0,0,0,0,0,0,0,0,0,0,0,0,0
AWAL,1406,0,881,0,0,0,21,0,3166,0,1287,0,3077,154,162,0,1970,0,751,0,53,0,0,251,6776,450,36,0,0,0,0,0,0,0,0,44,0,0,0,0,0,51,0,14,0,0,0,0,0,0,0,262,0,65,0,7,0,49,0,925,167,306,1,0,0,530,0,482,0,0,0,273,0,0,0,8,0,0,0,0,0,0,49,135,23,0,0,0,0,6,0,516,0,0,0,0,0,0,0,0,63,15,0,0,0,0,0,0,0,0,0,0,0,0,0,0,0,0,14,0,6,1,0,0,4,0,0,3,0,1157,0,0,0,0,0,0,0,0,0,0,0,757,674,442,147,566,0,0,0,0,0,0,0,0,1805,727,8,0,0,0,168,0,0,0,0,0,0,0,0,0,0,0,0,0,0,0,0,0,0,0,0,0,0,0,0,0,0,0,0,0,0,0,0
AWAR,0,2053,0,2748,0,104,0,0,0,2772,0,639,0,2161,0,532,0,806,0,1009,0,23,251,0,35,7411,8,118,0,0,22,0,0,0,0,0,49,0,0,0,0,0,13,0,91,0,0,0,0,0,0,0,826,0,30,0,48,0,243,0,718,0,403,0,0,0,687,0,338,0,147,4,70,0,0,0,0,0,0,0,0,0,0,0,266,0,0,0,0,0,122,0,182,0,0,0,0,18,0,0,24,0,0,0,1,0,0,0,0,0,0,0,0,0,0,0,0,0,0,1,95,0,31,13,0,0,0,0,50,0,1133,0,0,0,0,0,0,0,0,0,0,0,408,388,1211,0,0,0,0,0,0,0,0,0,0,2103,0,0,0,0,0,402,0,0,0,0,0,0,0,0,0,0,0,0,0,0,0,0,0,0,0,0,0,0,0,0,0,0,0,0,0,0,0
AWBL,3267,287,187,0,241,0,0,0,3082,99,156,0,987,0,650,0,174,0,403,0,179,0,6776,35,0,510,586,0,0,9,162,0,0,0,0,0,0,0,0,0,0,1,0,146,0,0,0,0,0,0,0,1052,0,6,0,104,0,201,0,812,66,434,102,0,0,995,42,1479,0,0,0,79,63,0,0,0,0,0,0,0,0,0,367,846,397,0,0,0,0,206,0,220,0,0,0,0,43,0,0,0,669,0,0,0,0,0,0,0,0,0,0,0,0,0,0,0,0,0,0,125,0,164,0,8,0,0,0,151,0,600,0,0,0,0,0,0,0,0,0,0,0,484,1,20,232,2942,0,0,0,0,0,0,0,0,250,488,0,0,0,0,269,0,0,0,0,0,0,0,0,0,0,0,0,0,0,0,0,0,0,0,0,0,0,0,0,0,0,0,0,0,0,0,0
AWBR,100,4145,0,974,27,1140,0,3,0,2106,0,14,67,1510,0,519,0,141,0,419,0,419,450,7411,510,0,35,477,0,0,141,0,0,0,0,0,0,0,0,0,0,0,0,0,193,0,0,0,0,0,0,0,1203,0,11,0,144,0,259,0,433,119,298,118,0,9,1188,44,729,0,127,225,173,14,0,6,0,69,0,1,0,0,0,4,1326,0,0,0,24,0,272,0,216,0,0,0,0,152,0,0,405,0,0,0,0,0,0,0,0,0,0,0,0,0,0,0,0,0,0,0,0,0,0,42,220,0,0,0,0,0,282,0,0,0,0,0,0,0,0,0,0,0,124,10,2862,1,0,0,0,0,0,0,0,0,0,340,0,0,0,0,0,220,0,0,0,0,0,0,0,0,0,0,0,0,0,0,0,0,0,0,0,0,0,0,0,0,0,0,0,0,0,0,0
AWCL,58,6,1586,112,850,1478,20,2,968,623,1097,204,0,0,2350,2204,36,0,311,92,16,142,36,8,586,35,0,1445,71,91,0,0,0,1,72,32,29,0,0,64,10,140,75,0,0,0,0,14,50,23,12,9,18,29,37,0,0,0,0,1128,633,709,284,1218,179,659,624,95,74,0,0,0,0,47,21,0,0,12,0,0,0,0,0,0,0,0,0,3,61,102,0,0,0,0,0,0,96,0,0,0,0,94,30,62,53,0,0,0,1,0,0,0,0,0,0,0,0,0,0,0,0,0,0,290,17,0,0,0,0,0,0,0,0,0,0,22,43,0,0,0,0,28,0,0,0,4,0,0,0,3,12,71,51,0,0,3,0,0,0,0,0,0,0,0,0,0,0,0,0,0,0,0,0,0,0,0,0,0,0,0,0,0,0,0,0,0,0,0,0,0,0,0,0
AWCR,53,38,111,1518,491,539,0,34,393,1086,0,1235,0,0,1580,3331,0,9,0,273,58,0,0,118,0,477,1445,0,0,2,0,0,0,64,32,55,54,0,0,22,29,214,90,0,0,0,0,16,4,23,101,4,0,79,29,0,0,0,0,503,1784,141,835,53,649,289,730,79,144,17,0,0,0,0,34,0,0,3,2,0,0,0,0,0,0,0,0,15,3,0,2,0,0,0,0,0,0,77,0,0,4,63,37,52,125,0,0,23,0,0,0,0,0,0,0,0,0,0,0,3,0,0,0,33,198,0,0,0,0,0,0,1,0,22,0,37,29,0,0,0,0,0,120,1,0,10,0,0,0,9,0,0,91,0,0,0,0,0,0,0,0,0,0,0,0,0,0,0,0,0,0,0,0,0,0,0,0,0,0,0,0,0,0,0,0,0,0,0,0,0,0,0,0
BAGL,0,50,0,0,49,231,0,0,95,0,0,0,0,0,0,9,0,0,0,0,371,654,0,0,0,0,71,0,0,1488,221,0,0,76,21,1,3,0,130,0,0,125,15,0,145,76,0,249,85,0,0,46,133,125,0,0,361,0,0,0,39,69,16,1055,295,198,456,8,613,226,239,258,6,747,649,133,915,0,0,0,0,0,0,0,25,0,218,5,623,730,1607,0,0,53,920,63,1,458,0,0,359,52,38,22,0,0,168,113,105,0,0,0,0,0,2,0,0,0,0,24,29,0,15,66,237,135,288,55,16,0,0,0,0,109,28,76,1,0,228,0,0,0,0,0,198,0,6,7,31,0,0,0,304,0,0,0,0,0,1,0,0,0,0,0,0,0,0,0,0,0,0,0,0,0,0,0,0,0,0,0,0,0,0,0,0,0,0,0,0,0,0,0,0
BAGR,294,0,0,0,252,19,0,0,0,73,12,0,0,0,312,0,0,0,0,0,598,301,0,0,9,0,91,2,1488,0,167,0,0,30,91,0,170,223,0,0,32,16,131,279,0,418,0,80,160,0,7,288,1,54,58,273,0,0,0,0,0,60,489,353,791,632,121,507,5,309,69,0,356,1213,725,963,158,0,0,0,0,0,0,187,0,0,3,576,0,1553,343,0,0,896,96,49,227,28,0,0,399,39,116,0,29,77,0,84,105,0,0,0,0,0,0,0,25,0,0,16,18,14,0,72,112,210,251,35,34,0,0,0,0,31,95,11,44,72,0,0,0,0,0,0,0,4,0,1,0,0,33,209,0,465,0,0,0,0,39,0,0,0,0,0,0,0,0,0,0,0,0,0,0,0,0,0,0,0,0,0,0,0,0,0,0,0,0,0,0,0,0,0,0
DVA,169,280,0,8,0,0,0,109,0,6,0,0,2,136,0,0,0,0,0,0,141,26,0,22,162,141,0,0,221,167,0,0,0,0,0,0,0,94,81,0,0,0,0,10,174,70,62,303,116,29,78,84,55,108,108,66,172,640,424,0,5,332,146,0,0,0,2,538,399,423,79,760,926,1283,753,265,241,404,74,466,109,257,684,1229,1905,427,0,0,0,26,15,53,0,20,27,0,75,182,0,0,1093,0,0,0,0,98,141,8,189,0,0,0,0,17,56,0,0,0,3,762,1022,1615,1660,359,356,1782,1501,222,309,55,117,0,0,242,218,0,0,189,166,7,585,40,0,0,431,863,0,0,0,0,0,0,1,2,28,3,295,267,939,1,71,5,0,0,0,0,0,0,0,0,0,0,0,0,0,0,0,0,0,0,0,0,0,0,0,0,0,0,0,0,0,0,0
FLPL,0,0,0,0,0,0,0,0,0,0,0,0,0,0,0,0,0,0,0,0,0,0,0,0,0,0,0,0,0,0,0,0,13276,0,0,0,0,0,0,0,0,0,0,0,0,0,0,0,0,0,0,0,0,0,0,0,0,113,709,0,0,24,0,0,0,0,0,0,0,989,1580,0,40,0,1944,0,163,0,0,0,0,1007,1160,507,0,0,0,0,0,0,0,0,0,579,108,181,0,0,0,0,29,0,0,0,0,0,0,884,694,0,0,0,0,0,0,0,0,0,0,146,0,0,0,0,0,6,0,92,134,0,0,0,0,0,0,0,0,0,0,3484,9686,0,0,0,0,0,257,411,438,0,0,0,0,79,0,0,0,0,0,0,0,0,0,0,0,0,0,0,0,0,0,0,0,0,0,0,0,0,0,0,0,0,0,0,0,0,0,0,0,0,0,0,0
FLPR,0,0,0,0,0,0,0,0,0,0,0,0,0,0,0,0,0,0,0,0,0,0,0,0,0,0,0,0,0,0,0,13276,0,0,0,0,0,0,0,0,0,0,0,0,0,0,0,0,0,0,0,0,0,0,0,0,0,191,92,0,0,0,0,0,0,0,126,0,0,384,1120,446,0,778,1850,0,0,619,0,0,1417,5979,5469,15,0,139,0,0,0,0,0,0,1015,0,0,154,0,0,0,0,0,0,0,0,0,0,0,0,5,0,0,0,0,0,0,0,0,0,0,0,0,0,289,0,0,0,0,0,220,0,65,0,0,0,0,0,0,0,0,3167,2311,0,0,0,64,0,0,0,0,0,0,0,0,84,0,160,0,0,0,0,0,15,0,0,0,0,0,0,0,0,0,0,0,0,0,0,0,0,0,0,0,0,0,0,0,0,0,0,0,0,0,0,0
IL2DL,0,0,5,0,65,0,0,0,0,14,0,0,23,0,35,0,40,0,4,0,106,0,0,0,0,0,1,64,76,30,0,0,0,0,0,228,0,0,0,0,0,2017,0,0,0,0,0,0,0,0,0,417,0,1330,0,0,0,0,0,0,0,0,0,87,73,12,0,0,0,0,0,36,0,51,41,26,0,72,0,193,0,0,0,0,0,222,0,0,0,28,0,55,0,5,0,516,0,0,2968,54,0,2141,0,0,0,0,0,0,0,0,210,0,0,68,0,548,498,1019,457,0,0,0,0,0,0,36,0,0,210,0,0,0,0,0,0,4387,0,0,0,0,0,15,0,37,30,0,0,0,0,789,0,0,0,0,7,0,8,70,0,0,0,0,100,8,0,0,0,0,0,0,0,0,0,0,0,0,0,0,0,0,0,0,0,0,0,0,0,0,0,0,0,0,0
IL2DR,0,0,0,42,0,40,0,0,3,0,0,0,0,0,0,148,0,59,0,3,0,135,0,0,0,0,72,32,21,91,0,0,0,0,0,0,3,0,0,0,0,0,1802,0,0,0,9,0,0,0,0,0,817,0,1164,0,0,0,0,0,40,45,0,55,40,0,17,0,0,0,0,0,0,131,124,0,13,0,71,0,211,0,0,0,0,230,38,0,0,0,21,0,129,0,155,916,0,0,386,2819,0,0,2257,0,0,0,0,0,0,203,0,0,0,0,42,123,574,497,137,0,0,0,0,0,0,0,0,77,0,0,0,0,0,0,0,0,3575,0,0,0,0,0,19,155,0,96,13,0,7,0,1208,0,0,0,0,8,0,35,0,0,0,0,0,0,0,0,0,0,0,332,31,103,0,0,0,22,0,0,0,0,0,0,0,0,0,0,0,0,0,0,0,0,0
IL2L,0,0,26,0,94,0,2,0,1,73,0,0,6,0,53,0,196,0,73,0,167,0,44,0,0,0,32,55,1,0,0,0,0,228,0,0,0,0,0,2051,0,0,0,2396,0,0,135,0,0,2210,0,474,0,0,0,0,0,138,0,0,0,21,0,9,197,3,0,0,0,3,0,0,0,0,0,454,0,5,18,0,0,0,0,0,0,0,0,0,0,86,0,5,0,0,0,793,0,0,71,0,0,0,0,2010,0,189,0,96,0,0,0,63,164,0,0,813,47,3304,477,0,0,120,0,42,61,78,9,0,3,254,0,0,38,17,0,924,0,841,0,0,0,359,0,67,0,0,0,0,0,0,0,0,0,0,105,0,125,10,0,0,364,0,0,102,0,0,0,0,0,0,0,0,0,0,0,0,0,0,69,0,0,0,0,0,0,0,0,0,0,0,0,0,0
IL2R,0,0,0,253,0,108,0,1,152,1,0,0,0,0,0,51,0,298,0,29,0,114,0,49,0,0,29,54,3,170,0,0,0,0,3,0,0,0,158,0,1893,0,1562,0,747,216,0,0,0,0,2605,0,534,0,2,0,0,0,95,0,0,46,21,90,0,0,66,0,0,0,0,0,0,0,2,0,299,15,0,0,0,0,0,0,0,0,0,0,0,0,33,0,0,0,0,941,0,0,0,357,0,0,558,0,1845,0,9,0,46,4,0,100,2,0,8,677,2405,42,583,0,0,0,84,50,0,193,20,1,1,0,368,25,0,0,4,0,885,0,254,0,0,0,124,150,0,0,0,0,0,0,0,0,0,0,0,66,13,86,0,0,0,274,0,0,0,0,0,0,0,0,58,0,0,0,0,0,0,0,0,0,0,0,0,0,0,0,188,0,0,0,0,0,0
IL2VL,0,0,0,0,0,0,0,0,0,0,0,0,0,0,0,0,0,0,0,0,0,0,0,0,0,0,0,0,0,223,94,0,0,0,0,0,0,0,0,0,0,0,0,1192,0,29,0,0,0,0,0,135,0,0,0,1378,0,322,0,0,0,0,127,0,0,0,0,0,0,0,10,0,0,0,0,0,0,0,0,0,0,0,0,0,0,168,271,72,3,254,0,0,0,44,0,471,8,0,3090,0,0,0,0,0,0,3758,0,0,0,0,0,0,0,0,87,648,1156,659,341,74,0,229,0,350,0,150,60,148,0,65,0,0,0,0,0,0,0,6638,0,0,0,0,0,0,0,0,0,0,78,0,0,715,0,21,0,0,272,184,0,0,0,0,0,0,0,0,0,0,0,0,0,0,0,0,0,0,0,128,0,0,0,0,0,0,0,0,0,0,0,0,0,0,0
IL2VR,0,0,0,0,0,0,0,0,0,0,0,0,0,0,0,0,0,0,0,0,0,0,0,0,0,0,0,0,130,0,81,0,0,0,0,0,158,0,0,0,0,0,0,0,1519,0,61,0,0,0,0,0,239,0,0,0,877,0,59,0,0,93,0,0,0,0,0,0,0,0,0,0,0,0,0,0,0,0,0,0,0,0,0,0,0,12,141,0,46,0,18,0,0,0,99,556,3,3,0,4971,1,0,0,0,0,0,2899,15,0,0,10,0,0,32,0,459,1029,527,711,0,54,0,36,0,103,64,53,0,37,0,26,0,0,0,0,0,0,0,4293,0,0,0,0,0,0,0,24,7,84,0,0,0,228,0,0,0,88,286,0,0,0,0,0,0,0,0,0,0,0,0,0,0,0,0,0,0,0,0,0,0,0,0,0,0,0,85,0,0,0,0,0,0,49
OLLL,0,0,36,0,0,0,82,0,5,39,0,0,0,0,79,0,57,0,47,0,51,0,0,0,0,0,64,22,0,0,0,0,0,0,0,2051,0,0,0,0,121,654,0,497,0,0,492,0,0,1830,0,75,0,201,0,454,0,2,0,3,0,13,0,73,30,0,0,0,0,0,0,0,0,243,0,6,1695,174,0,0,0,0,0,0,0,0,120,16,3,677,14,0,0,236,0,0,12,0,0,0,4,734,0,1562,0,1016,0,32,0,477,5,63,358,423,71,263,27,355,363,3,26,32,0,4,206,17,3,0,22,148,0,67,470,202,354,0,0,10,0,0,0,167,0,39,2,0,0,0,0,873,0,937,0,0,60,0,2,0,0,129,73,0,0,51,6,0,0,0,0,0,0,0,0,0,0,0,0,0,1,0,0,0,0,0,0,0,0,0,0,0,0,0,0
OLLR,0,0,0,115,0,76,0,113,116,0,0,0,0,0,0,63,0,102,0,41,0,51,0,0,0,0,10,29,0,32,0,0,0,0,0,0,1893,0,0,121,0,0,200,0,446,407,0,0,0,0,1441,0,49,0,94,0,520,0,15,0,1,32,20,52,14,0,9,0,0,0,0,0,0,0,226,1483,1,0,173,0,0,0,0,0,0,0,12,0,28,93,679,0,2,0,193,0,8,0,0,0,0,47,883,0,1765,83,631,0,11,51,417,243,41,25,342,213,345,309,41,17,1,0,18,205,0,2,2,28,0,0,136,440,81,342,38,0,0,0,33,0,0,0,112,151,0,48,0,0,0,0,737,0,874,0,0,30,0,8,0,48,0,33,0,0,0,0,0,0,0,0,79,0,6,0,0,0,0,0,0,0,0,0,0,0,0,0,76,0,0,0,0,0,0
OLQDL,0,0,108,0,30,0,0,0,6,0,0,0,205,0,220,0,92,0,96,0,290,0,51,0,1,0,140,214,125,16,0,0,0,2017,0,0,0,0,0,654,0,0,0,92,0,0,0,0,0,243,0,262,0,1723,0,0,0,191,0,47,0,30,0,141,121,0,0,0,0,74,0,78,0,392,312,7,405,232,31,2,0,0,0,11,0,13,0,0,0,196,0,20,0,26,0,266,0,0,664,0,0,2687,0,0,0,0,0,0,0,157,502,0,0,203,0,471,302,0,10,0,0,0,0,0,0,538,0,0,1263,0,0,2,0,0,0,1877,0,0,0,0,0,82,0,155,44,0,0,0,0,639,0,0,0,5,40,0,340,620,81,5,0,0,33,47,1,0,0,4,1517,0,0,0,0,0,0,0,0,0,0,0,0,0,0,0,0,0,0,0,0,0,0,0,0
OLQDR,0,0,0,99,0,45,0,0,43,2,0,0,0,53,0,116,0,127,0,88,0,65,0,13,0,0,75,90,15,131,0,0,0,0,1802,0,1562,0,0,0,200,0,0,0,0,0,0,31,0,0,469,0,15,0,2560,0,0,0,291,0,60,0,59,105,92,0,66,0,1,0,274,0,5,258,349,186,0,0,62,0,0,0,0,0,0,69,68,0,0,0,45,0,140,0,141,353,0,0,0,497,0,0,2592,0,0,0,0,1,32,293,258,0,0,27,210,130,22,289,12,0,0,0,0,0,0,0,444,1145,0,0,0,0,90,0,32,0,2106,0,0,0,0,0,257,310,0,205,8,0,60,0,607,0,0,0,0,91,312,608,0,25,0,0,0,0,0,0,0,0,0,0,9,0,39,0,30,0,84,0,0,0,0,0,0,0,0,0,0,0,0,0,0,0,0
OLQVL,147,0,0,0,0,0,278,0,0,0,0,0,0,0,0,0,0,0,0,0,0,0,14,0,146,0,0,0,0,279,10,0,0,0,0,2396,0,1192,0,497,0,92,0,0,0,0,0,0,0,0,0,222,0,0,0,967,0,434,0,0,0,0,9,0,0,0,0,51,0,0,0,61,0,0,253,0,366,0,140,0,0,0,289,188,0,503,101,26,0,130,0,0,0,166,0,735,0,0,506,0,59,15,0,0,0,2119,0,0,0,90,0,4,0,0,376,226,490,0,523,0,0,106,0,273,0,34,117,0,0,850,0,0,0,0,0,11,0,1530,0,0,0,0,0,0,0,128,9,0,72,0,0,996,0,367,0,0,528,178,195,68,0,0,0,0,0,0,0,0,0,0,0,0,0,0,0,0,0,0,0,0,5,0,973,0,0,0,0,0,0,0,0,0,0
OLQVR,0,81,0,0,0,0,0,25,0,4,0,0,0,7,0,0,0,0,0,0,0,166,0,91,0,193,0,0,145,0,174,0,0,0,0,0,747,0,1519,0,446,0,0,0,0,0,0,0,0,0,428,0,182,0,0,0,1186,0,864,0,0,0,0,0,0,0,17,0,137,0,0,170,34,318,0,508,0,82,0,0,0,0,0,0,88,363,130,3,18,0,373,0,0,0,415,653,0,0,0,614,65,0,0,0,0,0,2405,0,0,0,104,0,0,702,0,6,0,693,297,0,0,0,32,0,522,252,188,0,0,0,607,0,0,0,0,0,0,0,1738,0,0,0,0,0,161,0,1,23,84,0,0,0,711,0,0,0,226,572,0,107,0,0,0,0,0,0,0,0,0,0,0,0,0,0,0,0,0,0,0,0,0,0,0,0,0,3,7,0,69,0,1869,0,4365
SAADL,0,0,0,31,0,0,0,1096,0,0,0,0,0,0,0,14,0,53,0,0,0,9,0,0,0,0,0,0,76,418,70,0,0,0,0,0,216,29,0,0,407,0,0,0,0,0,1362,88,926,0,548,0,3,11,107,218,0,525,94,0,0,472,353,0,52,0,0,24,62,365,441,0,24,295,482,212,287,106,369,0,0,0,0,0,17,0,16,120,0,2,0,0,148,1483,294,0,1040,1279,0,0,0,0,0,0,170,52,0,0,1341,372,0,0,0,0,217,0,0,0,0,563,74,101,36,327,3,386,267,689,176,256,215,265,5,42,1268,0,0,8,0,0,0,0,21,15,0,100,140,696,3,0,0,0,0,164,0,0,51,88,5,23,504,180,0,0,0,0,0,0,0,0,0,0,0,0,0,0,0,0,0,0,0,0,0,0,0,0,0,0,0,0,0,0,0
SAADR,0,23,0,0,0,0,1567,0,0,0,0,0,7,0,0,0,18,0,0,0,0,12,0,0,0,0,0,0,0,0,62,0,0,0,9,135,0,0,61,492,0,0,0,0,0,1362,0,667,196,550,0,15,17,18,42,0,377,167,511,0,0,588,479,13,0,0,0,43,167,623,523,59,0,279,416,289,19,45,43,0,0,0,152,0,0,0,100,11,56,1,0,144,0,451,1046,43,1594,1278,0,0,58,0,0,227,0,0,126,1310,50,0,235,29,83,244,0,0,0,0,0,118,740,75,46,31,292,335,231,106,608,145,187,29,338,1259,186,0,0,0,23,0,0,25,0,8,208,0,601,157,17,0,0,0,0,0,0,0,11,29,157,68,294,632,0,0,0,0,0,0,0,0,0,0,0,0,0,0,0,0,0,0,0,0,0,0,0,0,0,0,0,0,0,49,0
SAAVL,2,0,3,0,1,49,0,0,0,2,0,194,0,0,76,0,0,0,0,55,76,6,0,0,0,0,14,16,249,80,303,0,0,0,0,0,0,0,0,0,0,0,31,0,0,88,667,0,1409,46,0,0,0,168,101,0,7,296,1257,11,1,233,102,0,186,0,0,104,30,2045,1069,28,155,179,266,113,75,31,0,0,0,0,5,14,72,0,17,109,62,33,0,0,0,62,314,0,948,1487,0,0,0,0,0,32,0,0,0,745,545,4,10,93,8,123,37,0,0,0,0,311,61,153,75,286,503,285,189,219,274,0,399,328,1263,934,303,0,0,0,0,0,611,0,82,0,0,0,13,137,0,0,0,0,0,0,0,0,33,153,320,53,467,98,0,0,0,281,0,119,0,0,0,0,0,0,0,0,0,0,0,0,0,0,0,0,0,0,0,0,0,0,0,0,0
SAAVR,0,0,0,0,152,20,0,0,53,0,313,0,0,0,0,33,106,0,76,0,0,117,0,0,0,0,50,4,85,160,116,0,0,0,0,0,0,0,0,0,0,0,0,0,0,926,196,1409,0,0,0,0,0,107,118,0,0,929,48,0,0,65,260,96,0,0,0,0,0,1269,2503,32,0,66,270,87,168,8,0,0,0,0,0,82,1,0,0,45,110,0,101,0,0,396,13,0,1257,876,0,0,1,0,0,0,0,0,0,425,731,29,0,191,125,16,136,0,0,0,0,102,799,30,134,460,439,181,109,180,228,355,0,1378,370,363,820,0,0,0,0,946,47,3,0,0,24,3,35,14,0,0,0,0,0,0,0,0,243,157,74,19,155,209,0,0,0,0,0,0,0,0,0,0,187,0,88,0,0,0,0,0,0,0,0,0,0,0,0,0,0,0,0,0,0
URBL,0,0,113,0,0,0,5049,0,0,8,0,0,1,0,10,0,59,0,104,0,19,0,0,0,0,0,23,23,0,0,29,0,0,0,0,2210,0,0,0,1830,0,243,0,0,0,0,550,46,0,0,0,496,0,0,0,0,0,1097,0,0,0,23,0,0,30,0,0,0,0,94,0,159,0,88,495,63,0,102,156,62,0,0,32,0,0,267,1,2,0,0,0,116,0,0,0,0,0,0,0,0,329,0,0,2815,0,0,0,328,0,0,110,80,661,0,0,0,0,448,0,0,170,441,0,409,278,405,122,0,1315,135,0,0,309,81,0,0,0,0,0,0,0,34,0,411,0,0,0,0,0,1539,0,251,0,0,160,0,876,293,111,0,0,0,0,1848,0,630,0,614,687,0,0,0,0,0,0,0,0,0,1672,0,541,0,0,0,0,0,0,0,0,0,0,0,0
URBR,0,0,0,117,0,15,0,2845,31,0,0,0,0,1,0,60,0,55,0,0,0,72,0,0,0,0,12,101,0,7,78,0,0,0,0,0,2605,0,0,0,1441,0,469,0,428,548,0,0,0,0,0,0,422,0,0,0,0,0,172,0,0,21,19,59,0,0,0,0,0,0,0,0,8,811,316,0,122,275,0,0,41,0,0,0,0,172,0,0,0,0,0,0,238,0,0,0,0,0,0,0,0,0,4,0,2348,0,0,0,393,160,1,323,32,0,0,0,453,0,0,8,0,0,999,268,889,358,1021,765,98,0,240,285,0,0,22,0,0,0,0,0,0,0,0,113,0,0,0,0,0,0,1764,0,991,0,0,3,822,880,0,0,0,211,0,0,0,0,0,0,0,0,1914,0,740,0,26,0,0,0,0,0,0,0,0,0,0,0,1644,0,108,0,168,0,0
URXL,2008,0,21,0,373,0,709,0,134,0,0,0,651,0,5,0,237,0,43,0,1737,0,262,0,1052,0,9,4,46,288,84,0,0,417,0,474,0,135,0,75,0,262,0,222,0,0,15,0,0,496,0,0,0,394,0,213,0,605,0,6,0,57,183,57,67,522,0,370,0,24,0,186,37,274,17,257,1,254,171,0,0,0,20,630,0,0,114,775,0,451,0,30,0,294,0,11,0,0,0,0,952,38,0,258,0,108,0,0,0,0,1,0,0,1,0,0,0,0,0,0,104,0,0,0,153,0,0,0,0,129,0,0,51,0,0,206,0,294,0,0,0,782,0,619,222,874,0,0,12,1008,0,0,0,184,97,0,141,0,56,1,569,0,0,0,0,0,0,0,0,0,0,0,0,0,0,0,0,0,0,0,0,0,0,0,0,0,0,0,0,0,0,0,0
URXR,0,1848,0,29,0,301,0,438,0,139,0,0,0,1113,0,0,0,235,0,27,0,1699,0,826,0,1203,18,0,133,1,55,0,0,0,817,0,534,0,239,0,49,0,15,0,182,3,17,0,0,0,422,0,0,0,1166,0,155,0,436,0,59,39,3,78,42,0,267,0,392,0,183,139,318,50,70,9,229,10,110,0,0,0,0,0,377,0,17,0,779,0,180,0,0,0,771,65,0,1,0,0,564,0,47,0,194,0,186,0,0,26,0,2,0,0,0,0,0,0,0,333,0,0,13,267,0,0,0,0,0,0,163,36,0,0,0,0,259,0,327,0,0,0,671,284,551,119,0,0,1,0,1025,0,0,0,0,166,2,253,0,0,0,631,0,0,0,0,0,0,0,0,0,0,0,0,0,0,0,0,0,0,0,0,0,0,0,0,0,0,0,0,0,0,0
URYDL,0,0,54,0,18,0,17,0,11,0,0,0,122,0,96,0,79,0,49,0,81,0,65,0,6,0,29,79,125,54,108,0,0,1330,0,0,0,0,0,201,0,1723,0,0,0,11,18,168,107,0,0,394,0,0,0,0,0,239,0,63,0,29,104,56,29,2,0,110,0,101,81,84,84,386,304,244,740,109,150,10,0,0,0,69,0,42,160,0,0,477,0,7,0,282,0,135,74,0,0,0,0,3025,0,0,0,0,0,92,87,0,156,0,0,624,0,366,404,137,159,154,0,0,0,128,88,101,159,86,0,0,0,28,253,44,67,2048,0,0,0,0,0,49,0,59,93,58,6,36,135,1284,0,0,0,107,30,0,158,75,302,17,0,0,105,0,17,0,0,0,0,0,0,0,0,0,0,0,0,0,0,0,0,0,0,0,0,0,0,0,0,0,0,0,0
URYDR,0,0,0,50,0,59,0,0,35,9,0,0,0,66,0,48,0,166,0,79,0,93,0,30,0,11,37,29,0,58,108,0,0,0,1164,0,2,0,0,0,94,0,2560,0,0,107,42,101,118,0,0,0,1166,0,0,0,0,0,148,0,79,72,37,60,26,0,98,0,1,90,145,62,95,60,363,1313,172,225,98,0,0,0,0,0,13,1,178,0,0,0,554,0,2,0,245,149,1,48,0,0,0,0,2472,0,0,0,0,148,69,27,0,0,0,0,376,14,0,195,4,0,275,0,0,88,90,10,12,0,149,0,0,306,14,0,61,0,2273,0,0,0,0,0,174,158,0,147,16,6,198,0,1012,0,0,0,0,57,16,38,0,188,0,0,0,0,0,0,0,0,0,0,0,0,0,0,0,0,0,0,0,0,0,0,0,0,0,0,0,0,0,0,0,0,0
URYVL,97,0,0,0,0,0,0,0,0,0,0,0,5,0,0,0,0,0,0,0,84,0,7,0,104,0,0,0,0,273,66,0,0,0,0,0,0,1378,0,454,0,0,0,967,0,218,0,0,0,0,0,213,0,0,0,0,0,300,0,0,0,0,206,0,0,0,0,123,0,0,0,38,16,0,300,0,1283,0,234,0,0,0,240,69,0,110,479,29,0,521,0,6,0,346,0,548,20,1,0,0,290,0,0,0,0,4429,0,0,7,438,0,0,0,0,203,88,158,105,61,355,0,89,0,55,0,88,180,61,0,48,0,0,0,0,277,0,0,1730,0,0,0,0,0,0,0,137,28,5,419,0,0,733,0,237,0,0,0,70,472,98,0,0,0,0,0,0,0,0,0,0,0,0,0,0,0,0,0,8,0,0,0,0,0,0,0,0,0,0,0,0,0,0,0
URYVR,0,45,0,3,0,0,0,496,0,0,0,0,0,56,0,0,0,0,0,0,0,103,0,48,0,144,0,0,361,0,172,0,0,0,0,0,0,0,877,0,520,0,0,0,1186,0,377,7,0,0,0,0,155,0,0,0,0,0,332,0,0,154,0,0,0,0,0,0,80,106,0,108,50,446,0,1093,0,81,0,0,0,0,0,0,83,261,240,0,14,0,575,0,13,0,419,188,1,38,0,59,195,0,0,0,0,0,3956,7,0,0,772,0,0,311,5,174,0,282,175,0,548,0,131,0,154,300,212,0,177,0,3,0,47,338,0,0,0,0,769,0,0,0,0,0,64,0,21,123,466,0,0,0,837,0,0,0,153,86,0,129,0,0,0,0,0,0,0,0,0,0,0,0,0,0,0,0,0,0,0,0,0,0,0,0,0,8,0,30,0,6,0,0,0
ADAL,0,22,108,0,0,0,1806,0,34,0,0,0,1721,0,0,0,22,0,468,0,0,13,49,0,201,0,0,0,0,0,640,113,191,0,0,138,0,322,0,2,0,191,0,434,0,525,167,296,929,1097,0,605,0,239,0,300,0,0,371,7,0,11,97,0,0,0,0,72,2,1337,1412,888,318,323,1640,108,1,466,1300,270,0,8,350,1003,0,162,0,71,1,0,0,836,0,0,0,0,437,6,0,0,31,0,0,4,0,106,0,79,631,23,14,2,23,4,59,0,0,0,0,15,120,498,0,597,86,908,117,193,25,238,0,75,39,0,310,23,0,69,0,971,0,125,0,0,2,550,0,3,0,49,0,60,0,1,224,0,969,1060,470,0,691,0,0,0,0,0,0,0,0,0,0,0,0,0,0,0,0,0,0,0,0,0,0,0,0,0,0,0,0,0,0,0,0
ADAR,0,117,0,430,0,0,0,1301,0,4,0,0,0,1912,0,0,0,66,0,242,0,3,0,243,0,259,0,0,0,0,424,709,92,0,0,0,95,0,59,0,15,0,291,0,864,94,511,1257,48,0,172,0,436,0,148,0,332,371,0,0,7,158,16,0,0,0,0,207,131,1477,733,363,684,1258,423,10,83,473,0,0,524,1,6,0,994,412,0,0,7,0,0,0,686,0,0,11,11,430,0,1,36,0,0,0,0,0,46,700,154,28,13,22,0,108,0,0,0,0,0,374,83,0,589,126,714,238,639,26,515,0,430,59,18,273,0,0,14,0,69,194,1041,0,6,0,435,0,26,0,0,0,71,0,9,21,0,310,1462,1133,8,0,0,498,0,0,0,0,0,0,0,0,0,0,0,0,0,0,0,0,0,0,0,0,0,0,0,0,0,0,0,0,0,0,0
AIAL,775,0,1336,0,149,0,0,0,633,979,2814,0,907,0,999,98,1394,0,3678,0,6,0,925,0,812,0,1128,503,0,0,0,0,0,0,0,0,0,0,0,3,0,47,0,0,0,0,0,11,0,0,0,6,0,63,0,0,0,7,0,0,12,1864,0,184,74,137,0,705,0,0,0,3,0,0,0,0,0,0,28,7,0,1,0,29,0,0,0,8,0,0,0,425,0,0,0,0,0,0,0,0,78,83,0,16,0,0,0,0,0,0,0,0,0,0,0,0,0,0,0,0,0,0,0,0,0,0,0,0,0,233,0,0,0,0,0,19,0,0,0,0,0,1936,15,0,0,2,0,0,0,0,0,75,0,0,1192,21,12,0,261,0,133,0,0,0,0,0,0,0,0,0,0,0,0,0,0,0,0,0,0,0,0,0,0,0,0,0,0,0,0,0,0,0,0
AIAR,0,727,31,1200,0,3,0,0,437,621,0,3663,0,774,0,691,0,1331,24,4016,0,2,167,718,66,433,633,1784,39,0,5,0,0,0,40,0,0,0,0,0,1,0,60,0,0,0,0,1,0,0,0,0,59,0,79,0,0,0,7,12,0,0,2050,0,184,0,109,0,720,0,0,0,4,0,0,0,0,1,0,0,2,0,0,0,2,0,0,0,0,0,8,0,498,0,0,0,0,0,0,0,60,0,81,0,0,0,0,0,0,0,0,0,0,0,0,0,0,0,0,0,0,0,0,1,0,0,0,0,0,0,354,0,0,0,0,0,49,0,0,0,0,0,2129,0,67,0,0,0,0,0,0,0,40,0,0,1112,0,8,0,10,0,25,0,0,0,0,0,0,0,0,0,0,0,0,0,0,0,0,0,0,0,0,0,0,0,0,0,0,0,0,0,0,0
AIBL,133,68,661,0,516,0,19,0,1353,243,644,0,254,0,386,0,31,0,1195,0,36,57,306,0,434,119,709,141,69,60,332,24,0,0,45,21,46,0,93,13,32,30,0,0,0,472,588,233,65,23,21,57,39,29,72,0,154,11,158,1864,0,0,103,400,215,592,2,127,686,857,42,340,0,302,95,327,383,17,0,0,0,0,0,0,198,0,201,5,41,0,153,51,0,20,559,0,286,537,0,0,44,44,2,32,4,0,13,767,99,0,4,11,0,0,2,0,0,0,16,0,761,0,141,98,118,180,139,0,361,3,31,9,517,72,45,4,0,0,222,0,0,136,0,35,0,3,399,486,144,0,0,7,22,358,218,3,32,58,0,4,0,211,0,0,0,0,0,0,0,0,0,0,0,0,0,0,0,0,0,0,0,0,0,0,0,0,0,0,0,0,0,0,0
AIBR,100,94,0,960,1,362,0,24,158,1284,0,811,37,323,0,432,0,17,0,1163,4,45,1,403,102,298,284,835,16,489,146,0,0,0,0,0,21,127,0,0,20,0,59,9,0,353,479,102,260,0,19,183,3,104,37,206,0,97,16,0,2050,103,0,99,286,23,440,576,86,14,569,13,368,70,234,314,348,0,0,0,0,0,0,365,1,0,172,96,0,226,0,0,85,702,26,0,614,239,0,0,163,0,21,0,5,69,0,15,537,2,0,0,0,0,0,0,0,0,48,664,0,90,0,89,34,69,92,217,0,3,39,476,0,122,20,0,10,274,0,50,0,0,124,55,6,1,237,447,153,0,0,0,44,729,0,135,31,0,94,5,74,0,0,0,0,0,0,0,0,0,0,0,0,0,0,0,0,0,0,0,0,0,0,0,0,0,0,0,0,0,0,0,0
AINL,0,58,0,0,549,3592,67,0,256,18,866,0,0,0,377,345,243,0,523,0,835,1797,0,0,0,118,1218,53,1055,353,0,0,0,87,55,9,90,0,0,73,52,141,105,0,0,0,13,0,96,0,59,57,78,56,60,0,0,0,0,184,0,400,99,0,1718,255,433,0,8,0,0,0,0,135,46,4,0,73,28,0,0,0,0,0,0,0,0,0,58,313,441,0,0,0,0,40,0,0,0,0,0,13,44,0,151,0,0,0,108,0,0,0,0,0,0,0,0,0,131,0,0,0,0,16,0,0,0,0,0,0,0,0,0,2,0,6,25,0,0,0,0,21,0,0,32,0,0,0,0,89,28,0,39,0,0,0,0,0,0,25,0,0,0,0,0,0,0,0,0,0,0,0,0,0,0,0,0,0,0,0,0,0,0,0,0,0,0,0,0,0,0,0,0
AINR,25,0,0,0,3410,605,0,82,0,895,0,415,0,0,1465,38,0,170,0,336,2333,456,0,0,0,0,179,649,295,791,0,0,0,73,40,197,0,0,0,30,14,121,92,0,0,52,0,186,0,30,0,67,42,29,26,0,0,0,0,74,184,215,286,1718,0,306,163,0,0,23,0,0,0,79,160,0,1,0,175,0,0,0,0,0,0,0,0,36,2,435,59,0,0,0,2,35,0,0,0,0,0,26,39,40,0,0,0,46,0,0,0,0,0,0,0,0,0,0,112,0,0,0,0,0,0,0,0,13,0,0,0,0,0,8,0,14,14,0,0,0,0,0,33,0,0,13,0,0,0,100,43,167,0,0,0,0,0,0,0,0,0,0,0,0,0,0,0,0,0,0,0,0,0,0,0,0,0,0,0,0,0,0,0,0,0,0,0,0,0,0,0,0,0
AIYL,2438,10,0,0,3858,0,0,0,1385,790,210,0,97,0,246,0,0,0,0,0,1818,2,530,0,995,9,659,289,198,632,0,0,0,12,0,3,0,0,0,0,0,0,0,0,0,0,0,0,0,0,0,522,0,2,0,0,0,0,0,137,0,592,23,255,306,0,94,1300,1,28,0,79,0,0,0,2,0,50,972,20,0,145,11,0,0,0,0,420,24,837,0,178,0,77,0,194,194,0,0,0,163,6,0,0,0,0,0,59,0,0,0,0,0,0,0,0,0,0,54,0,0,0,0,328,0,11,1,4,0,224,4,0,0,3,0,0,0,0,0,0,0,153,0,0,0,162,0,0,0,0,0,0,0,0,102,0,0,0,0,121,21,0,0,0,0,0,0,0,0,0,0,0,0,0,0,0,0,0,0,0,0,0,0,0,0,0,0,0,0,0,0,0,0
AIYR,66,1012,0,28,231,3724,0,0,1024,1229,0,125,0,34,0,1049,0,0,0,8,78,2395,0,687,42,1188,624,730,456,121,2,0,126,0,17,0,66,0,0,0,9,0,66,0,17,0,0,0,0,0,0,0,267,0,98,0,0,0,0,0,109,2,440,433,163,94,0,44,1295,0,52,0,34,13,0,0,5,820,6,0,3,200,0,0,0,0,0,0,285,25,1019,0,116,2,51,84,0,48,0,0,62,0,46,0,8,0,0,0,7,0,0,0,0,0,0,0,0,0,0,0,0,0,0,0,233,0,9,0,0,0,125,0,0,0,0,0,0,0,0,0,0,0,11,0,0,0,0,0,0,0,2,0,15,0,0,44,0,0,0,323,0,13,0,0,0,0,0,0,0,0,0,0,0,0,0,0,0,0,0,0,0,0,0,0,0,0,0,0,0,0,0,0,0
AIZL,2724,126,11,0,359,0,0,0,591,329,473,0,310,0,0,0,0,0,8,0,320,45,482,0,1479,44,95,79,8,507,538,0,0,0,0,0,0,0,0,0,0,0,0,51,0,24,43,104,0,0,0,370,0,110,0,123,0,72,207,705,0,127,576,0,0,1300,44,0,234,0,163,265,0,87,90,1017,444,16,0,0,0,0,10,103,9,0,1,585,60,384,0,0,0,453,4,159,518,3,0,0,616,0,0,0,0,0,0,0,0,0,0,0,0,0,0,0,0,0,6,356,0,1,0,174,201,48,75,615,16,1047,10,1,0,106,0,0,0,0,0,0,0,0,0,0,0,878,1,48,0,0,0,0,0,234,0,0,65,0,361,0,0,0,0,0,0,0,0,0,0,0,0,0,0,0,0,0,0,0,0,0,0,0,0,0,0,0,0,0,0,0,0,0,0
AIZR,33,2832,0,28,0,298,0,0,316,473,0,319,0,262,0,79,0,0,0,2,0,550,0,338,0,729,74,144,613,5,399,0,0,0,0,0,0,0,0,0,0,0,1,0,137,62,167,30,0,0,0,0,392,0,1,0,80,2,131,0,720,686,86,8,0,1,1295,234,0,0,64,28,103,71,205,427,1013,15,0,0,0,0,0,0,38,0,25,0,509,7,486,0,0,76,724,161,6,549,0,0,840,0,11,0,0,0,2,20,4,0,0,0,0,0,0,0,0,0,2,0,378,0,36,0,223,4,4,140,730,33,1137,0,16,0,16,0,0,0,0,0,0,0,37,0,455,0,151,113,8,0,0,0,0,0,0,47,0,77,0,0,0,0,0,0,0,0,0,0,0,0,0,0,0,0,0,0,0,0,0,0,0,0,0,0,0,0,0,0,0,0,0,0,0
AVAL,5,0,0,0,9,0,0,0,0,3,0,0,299,0,22,0,0,0,0,0,180,0,0,0,0,0,0,17,226,309,423,989,384,0,0,3,0,0,0,0,0,74,0,0,0,365,623,2045,1269,94,0,24,0,101,90,0,106,1337,1477,0,0,857,14,0,23,28,0,0,0,0,560,525,597,224,614,238,4,0,1299,0,43,1,1130,748,448,35,27,129,79,116,0,41,0,0,45,0,543,688,0,0,144,0,0,0,0,0,0,719,139,235,23,272,119,134,105,0,0,0,0,201,609,477,14,485,259,219,167,78,234,31,0,221,802,430,270,0,0,0,0,844,1063,0,0,0,103,193,256,43,2,0,0,0,0,680,0,0,522,796,1483,41,47,29,0,0,0,0,0,0,0,0,0,0,0,0,0,0,0,0,0,0,0,0,0,0,0,0,0,0,0,0,0,0,0
AVAR,0,0,0,0,0,6,0,0,0,23,0,0,0,258,0,0,0,22,0,33,0,278,0,147,0,127,0,0,239,69,79,1580,1120,0,0,0,0,10,0,0,0,0,274,0,0,441,523,1069,2503,0,0,0,183,81,145,0,0,1412,733,0,0,42,569,0,0,0,52,163,64,560,0,300,200,6,1179,1,74,610,0,0,0,0,0,676,381,0,0,52,142,0,246,0,0,24,0,0,1030,380,0,0,8,0,0,0,0,0,0,161,859,75,182,317,286,265,240,0,0,0,0,1023,108,0,543,315,521,45,280,254,86,0,0,780,290,383,472,0,0,0,0,1859,756,0,10,0,220,55,0,90,0,0,0,0,0,613,0,90,705,416,0,1,32,94,0,0,0,0,0,0,0,0,0,0,0,0,0,0,0,0,0,0,0,0,0,0,0,0,0,0,0,0,0,0,0
AVBL,210,7,0,1,0,0,102,129,0,0,35,0,2057,322,0,0,0,0,0,1,98,0,273,4,79,225,0,0,258,0,760,0,446,36,0,0,0,0,0,0,0,78,0,61,170,0,59,28,32,159,0,186,139,84,62,38,108,888,363,3,0,340,13,0,0,79,0,265,28,525,300,0,870,992,468,331,1,1488,3026,399,275,1067,2291,1457,3341,420,0,0,14,98,115,1045,109,0,357,4,291,257,32,0,682,0,0,0,0,0,0,107,332,0,0,0,0,1,2,0,0,0,41,0,492,11,712,244,651,102,418,0,133,168,21,0,23,5,1,258,0,0,1,0,0,0,0,0,2279,1478,43,50,12,0,0,20,28,9,16,4,113,19,798,19,175,0,0,0,0,0,0,0,0,0,0,0,0,0,0,0,0,0,0,0,0,0,0,0,0,0,0,0,0,0,0,0,0
AVBR,48,201,0,1,0,0,0,753,0,1,0,0,71,2557,0,0,0,4,0,48,0,144,0,70,63,173,0,0,6,356,926,40,0,0,0,0,0,0,0,0,0,0,5,0,34,24,0,155,0,0,8,37,318,84,95,16,50,318,684,0,4,0,368,0,0,0,34,0,103,597,200,870,0,1333,1232,20,221,3020,927,371,731,1286,1231,3182,2453,291,0,47,2,112,131,94,1997,25,30,0,154,225,0,0,382,0,0,0,0,0,0,135,142,0,0,0,0,0,2,0,0,0,0,507,0,307,20,616,44,386,278,84,1,1,95,3,0,22,0,4,45,0,0,0,0,0,0,0,1383,2075,0,71,0,0,0,0,81,0,0,306,47,103,1670,36,0,274,0,0,0,0,0,0,0,0,0,0,0,0,0,0,0,0,0,0,0,0,0,0,0,0,0,0,0,0,0,0,0
AVDL,84,58,317,0,0,0,3002,1703,3,0,0,0,233,467,19,0,92,0,28,0,23,412,0,0,0,14,47,0,747,1213,1283,0,778,51,131,0,0,0,0,243,0,392,258,0,318,295,279,179,66,88,811,274,50,386,60,0,446,323,1258,0,0,302,70,135,79,0,13,87,71,224,6,992,1333,0,458,81,1014,2958,500,0,790,662,284,83,1807,932,0,0,0,157,132,0,171,37,628,0,70,131,6,0,129,10,133,0,0,0,0,281,23,0,0,0,0,0,103,25,0,0,0,0,80,0,84,212,289,925,429,41,155,0,14,0,62,98,11,283,101,0,0,0,189,124,0,524,1662,259,31,0,0,157,52,0,153,7,28,23,555,79,1157,0,0,207,0,0,0,0,0,0,0,0,0,0,0,0,0,0,0,0,0,0,0,0,0,0,0,0,0,0,0,0,0,0,0
AVDR,13,243,0,176,0,0,0,1409,41,0,0,0,109,374,0,110,0,262,0,51,4,425,0,0,0,0,21,34,649,725,753,1944,1850,41,124,0,2,0,0,0,226,312,349,253,0,482,416,266,270,495,316,17,70,304,363,300,0,1640,423,0,0,95,234,46,160,0,0,90,205,614,1179,468,1232,458,0,654,87,391,1768,54,0,289,994,1685,313,156,0,0,0,283,0,70,46,254,0,46,129,285,0,0,98,200,191,0,0,2,0,259,419,0,0,0,0,66,0,0,0,0,0,253,0,60,0,239,207,188,745,58,4,0,0,7,0,11,137,29,256,0,0,1254,386,0,309,98,5,1972,16,175,0,0,231,161,0,70,0,18,345,448,1804,0,107,0,0,0,0,0,0,0,0,0,0,0,0,0,0,0,0,0,0,0,0,0,0,0,0,0,0,0,0,0,0,0,0
AVEL,11,54,16,0,0,0,220,0,0,0,0,0,57,0,0,0,179,0,0,0,923,0,8,0,0,6,0,0,133,963,265,0,0,26,0,454,0,0,0,6,1483,7,186,0,508,212,289,113,87,63,0,257,9,244,1313,0,1093,108,10,0,0,327,314,4,0,2,0,1017,427,238,1,331,20,81,654,0,99,61,112,0,38,154,300,12,345,0,45,0,51,327,708,287,0,231,92,0,259,194,0,0,115,7,11,230,241,0,1,152,13,0,232,348,6,70,177,0,0,55,0,281,803,143,412,3,94,1,110,31,129,55,0,460,48,470,38,0,0,0,2,1,1,202,0,531,195,0,808,471,74,0,539,0,667,89,0,0,4,1,146,228,191,213,0,0,0,0,0,0,0,0,0,0,0,0,0,0,0,0,0,0,0,0,0,0,0,0,0,0,0,0,0,0,0
AVER,61,59,0,24,0,0,0,314,0,0,0,0,0,0,0,0,0,79,0,0,0,702,0,0,0,0,0,0,915,158,241,163,0,0,13,0,299,0,0,1695,1,405,0,366,0,287,19,75,168,0,122,1,229,740,172,1283,0,1,83,0,0,383,348,0,1,0,5,444,1013,4,74,1,221,1014,87,99,0,339,0,0,42,551,107,455,18,0,23,50,0,878,167,0,55,180,90,40,186,332,0,0,85,7,0,181,319,18,0,0,134,114,0,1,318,188,62,0,0,0,0,847,201,465,93,151,15,81,23,137,24,23,37,114,432,12,419,0,0,0,0,0,32,0,365,529,0,42,434,712,13,632,0,520,0,214,0,39,110,49,0,316,99,281,0,0,0,0,0,0,0,0,0,0,0,0,0,0,0,0,0,0,0,0,0,0,0,0,0,0,0,0,0,0,0
AVJL,0,0,218,0,0,0,4120,726,0,0,0,0,205,710,176,0,1,0,0,0,0,0,0,0,0,69,12,3,0,0,404,0,619,72,0,5,15,0,0,174,0,232,0,0,82,106,45,31,8,102,275,254,10,109,225,0,81,466,473,0,1,17,0,73,0,50,820,16,15,0,610,1488,3020,2958,391,61,339,0,1056,2499,1411,3398,636,206,2330,1428,0,0,0,0,0,1261,1746,63,283,47,0,81,0,0,88,8,0,137,0,0,0,60,535,0,0,0,0,0,31,0,0,0,0,0,10,0,140,114,213,465,63,0,35,0,127,0,0,0,0,260,7,0,0,0,0,146,0,230,2047,479,0,0,0,40,0,0,134,0,0,124,94,39,1,223,0,237,0,2,0,0,0,0,0,0,0,0,0,0,0,0,0,0,0,0,0,0,0,0,0,0,0,0,0,0,0,0,0
AVJR,0,0,0,248,0,0,0,715,6,0,0,0,805,113,0,82,0,162,0,27,0,0,0,0,0,0,0,2,0,0,74,0,0,0,71,18,0,0,0,0,173,31,62,140,0,369,43,0,0,156,0,171,110,150,98,234,0,1300,0,28,0,0,0,28,175,972,6,0,0,1299,0,3026,927,500,1768,112,0,1056,0,1149,483,3940,5404,1146,67,1330,0,0,0,0,0,2182,400,134,0,0,205,0,0,0,70,0,106,0,0,0,0,212,671,0,0,0,0,0,0,0,0,0,0,81,146,189,0,605,382,123,242,81,9,394,0,0,24,0,0,40,224,0,0,0,27,14,192,203,134,3009,0,0,0,0,73,329,0,0,32,60,66,27,3155,244,257,0,0,0,0,0,0,0,0,0,0,0,0,0,0,0,0,0,0,0,0,0,0,0,0,0,0,0,0,0,0,0,0
BDUL,0,0,0,0,0,0,1716,0,0,0,0,0,470,404,0,0,0,0,0,0,0,0,0,0,0,1,0,0,0,0,466,0,0,193,0,0,0,0,0,0,0,2,0,0,0,0,0,0,0,62,0,0,0,10,0,0,0,270,0,7,0,0,0,0,0,20,0,0,0,0,0,399,371,0,54,0,0,2499,1149,0,1716,849,397,0,0,3567,0,0,0,0,0,5283,417,0,0,0,0,0,0,0,84,54,0,109,0,0,0,34,154,0,0,0,0,0,0,0,0,0,0,0,0,268,0,28,29,0,630,0,10,1,0,0,0,0,30,278,0,0,0,0,0,208,230,0,478,595,0,0,0,72,0,107,0,0,350,98,93,0,1384,0,543,0,8,32,0,0,0,0,0,0,0,0,0,0,0,0,0,0,0,0,0,0,0,0,0,0,0,0,0,0,0,0,0
BDUR,0,0,0,0,0,0,0,4918,0,0,0,0,0,33,0,0,0,0,0,0,0,0,0,0,0,0,0,0,0,0,109,0,1417,0,211,0,0,0,0,0,0,0,0,0,0,0,0,0,0,0,41,0,0,0,0,0,0,0,524,0,2,0,0,0,0,0,3,0,0,43,0,275,731,790,0,38,42,1411,483,1716,0,1257,358,0,166,3354,0,0,0,0,0,0,4542,0,0,11,0,0,0,0,0,0,6,0,46,0,0,59,70,0,0,0,62,0,0,0,0,0,0,0,25,0,342,3,0,467,61,0,10,0,62,0,0,16,0,0,91,0,0,0,77,0,323,0,370,158,3,2,4,0,65,0,17,0,0,673,4,50,0,64,0,517,0,0,0,0,0,0,0,0,0,0,0,0,0,0,0,0,0,0,0,0,0,0,0,0,23,0,9,0,0,0,0
PVCL,0,0,0,0,0,0,0,0,0,0,0,0,0,68,0,0,0,0,0,0,0,0,0,0,0,0,0,0,0,0,257,1007,5979,0,0,0,0,0,0,0,0,0,0,0,0,0,0,0,0,0,0,0,0,0,0,0,0,8,1,1,0,0,0,0,0,145,200,0,0,1,0,1067,1286,662,289,154,551,3398,3940,849,1257,0,4811,174,419,470,0,0,0,0,0,921,1087,188,233,247,34,185,0,0,0,0,0,0,0,0,0,0,0,0,0,0,0,0,0,0,0,0,0,350,36,983,598,0,0,501,375,138,113,481,5,0,0,0,1,0,0,0,0,0,949,0,0,0,790,1109,31,58,0,0,0,0,0,0,0,160,17,64,757,188,4,0,0,0,0,0,0,0,0,0,0,0,0,0,0,0,0,0,0,0,0,0,0,0,0,0,0,0,0,0,0,0,0
PVCR,1,0,0,0,0,0,0,0,0,0,0,0,1049,0,0,0,0,0,0,0,0,0,49,0,367,0,0,0,0,0,684,1160,5469,0,0,0,0,0,0,0,0,0,0,289,0,0,152,5,0,32,0,20,0,0,0,240,0,350,6,0,0,0,0,0,0,11,0,10,0,1130,0,2291,1231,284,994,300,107,636,5404,397,358,4811,0,4043,36,290,0,0,0,0,0,404,50,275,229,86,309,0,0,0,56,0,0,0,0,0,0,0,0,0,0,0,0,26,0,0,0,0,0,101,50,462,298,0,113,107,473,103,272,565,0,0,49,0,9,0,0,0,0,0,1570,0,0,0,143,3017,13,26,15,0,0,153,0,0,4,0,254,2,4400,20,327,0,0,0,0,0,0,0,0,0,0,0,0,0,0,0,0,0,0,0,0,0,0,0,0,0,0,0,0,0,0,0,0
PVPL,600,0,0,0,0,0,0,0,0,8,0,0,979,0,0,0,0,0,0,0,0,0,135,0,846,4,0,0,0,187,1229,507,15,0,0,0,0,0,0,0,0,11,0,188,0,0,0,14,82,0,0,630,0,69,0,69,0,1003,0,29,0,0,365,0,0,0,0,103,0,748,676,1457,3182,83,1685,12,455,206,1146,0,0,174,4043,0,151,35,0,21,0,0,0,111,0,267,0,0,233,0,0,0,1802,0,0,0,0,0,0,191,201,0,0,0,0,0,6,0,0,0,0,119,0,331,0,265,20,185,60,0,0,403,0,0,0,0,74,0,0,0,0,459,174,0,0,0,564,5356,110,619,0,0,0,0,0,6,0,203,28,0,1377,0,0,0,0,0,0,0,0,0,0,0,0,0,0,0,0,0,0,0,0,0,0,0,0,0,0,0,0,0,0,0,0,0,0
PVPR,31,362,0,67,0,0,0,371,0,33,0,0,29,1660,0,0,0,0,0,130,0,0,23,266,397,1326,0,0,25,0,1905,0,0,0,0,0,0,0,0,0,0,0,0,0,88,17,0,72,1,0,0,0,377,0,13,0,83,0,994,0,2,198,1,0,0,0,0,9,38,448,381,3341,2453,1807,313,345,18,2330,67,0,166,419,36,151,0,80,8,0,0,0,0,98,1302,0,144,0,0,17,0,0,1393,0,0,0,0,0,0,0,119,0,0,0,0,0,9,0,0,0,0,0,140,0,257,8,288,81,713,0,82,0,98,0,0,170,0,0,0,0,0,23,83,0,0,0,5874,849,268,75,1,0,0,0,27,117,0,355,45,17,0,0,0,36,0,0,0,0,0,0,0,0,0,0,0,0,0,0,0,0,0,0,0,0,0,0,0,0,0,0,0,0,0,0,0
PVR,0,0,0,0,0,0,2593,2985,0,0,0,0,0,0,0,0,0,0,0,0,0,0,0,0,0,0,0,0,0,0,427,0,139,222,230,0,0,168,12,0,0,13,69,503,363,0,0,0,0,267,172,0,0,42,1,110,261,162,412,0,0,0,0,0,0,0,0,0,0,35,0,420,291,932,156,0,0,1428,1330,3567,3354,470,290,35,80,0,0,0,0,0,0,334,108,0,0,0,0,0,185,133,0,165,232,4,0,192,37,296,487,1,0,17,83,0,20,0,0,0,0,0,0,0,438,78,9,356,42,15,5,45,4,0,0,85,0,306,388,346,143,0,165,6,0,0,112,17,0,0,0,622,469,1068,624,0,0,107,179,348,1338,0,0,67,413,163,43,0,5,5,310,0,0,0,108,10,0,511,1085,70,20,11,64,1,43,0,12,15,64,28,215,0,494,0,515
PVT,0,0,0,0,0,0,0,0,0,0,0,0,0,0,0,0,0,0,0,0,0,1,0,0,0,0,0,0,218,3,0,0,0,0,38,0,0,271,141,120,12,0,68,101,130,16,100,17,0,1,0,114,17,160,178,479,240,0,0,0,0,201,172,0,0,0,0,1,25,27,0,0,0,0,0,45,23,0,0,0,0,0,0,0,8,0,0,0,9,146,253,0,0,1117,2041,24,41,114,0,0,29,111,52,0,0,94,78,110,282,0,0,2,5,0,0,0,0,78,17,0,49,0,17,0,0,0,19,17,55,64,5,0,5,51,16,0,1,85,139,438,174,0,0,0,1,0,2050,1702,3404,20,6,16,0,3331,0,0,3,0,0,325,69,24,0,0,0,0,0,0,0,0,0,0,0,0,0,0,0,0,0,0,0,0,0,0,0,0,0,0,0,0,0,0,0
RIAL,171,0,0,0,25,0,0,0,0,17,0,0,47,0,29,0,0,0,0,0,470,0,0,0,0,0,3,15,5,576,0,0,0,0,0,0,0,72,0,16,0,0,0,26,3,120,11,109,45,2,0,775,0,0,0,29,0,71,0,8,0,5,96,0,36,420,0,585,0,129,52,0,47,0,0,0,50,0,0,0,0,0,0,21,0,0,0,0,1258,449,0,0,0,109,0,237,146,36,0,0,180,17,0,132,155,40,0,393,184,744,394,573,893,784,422,5,0,0,14,411,168,84,303,119,12,74,0,81,0,176,29,470,472,496,691,0,0,58,0,0,0,0,0,0,0,0,0,6,0,603,110,502,102,0,0,0,0,2,0,20,60,13,0,0,4,0,238,0,0,0,0,0,23,0,338,0,0,0,0,3,0,19,0,0,0,83,0,50,68,19,120,77,0
RIAR,0,310,0,0,0,16,0,0,0,0,0,0,0,31,0,44,0,0,0,0,0,495,0,0,0,24,61,3,623,0,0,0,0,0,0,0,0,3,46,3,28,0,0,0,18,0,56,62,110,0,0,0,779,0,0,0,14,1,7,0,0,41,0,58,2,24,285,60,509,79,142,14,2,0,0,51,0,0,0,0,0,0,0,0,0,0,9,1258,0,0,497,0,0,0,130,203,12,131,0,0,209,0,51,83,224,2,164,123,135,438,1002,719,533,419,826,4,0,0,0,121,416,404,68,0,142,4,44,27,71,62,95,399,442,449,317,0,0,0,21,0,0,0,0,0,0,0,9,3,0,237,459,140,697,0,0,0,141,84,0,6,30,30,0,0,0,87,28,18,0,0,0,0,0,57,0,0,0,0,0,42,0,8,6,0,0,0,0,3,0,2,0,0,0
RIBL,407,13,0,0,105,6,0,0,6,0,0,0,0,0,17,0,35,0,5,0,1764,435,6,0,206,0,102,0,730,1553,26,0,0,28,0,86,0,254,0,677,93,196,0,130,0,2,1,33,0,0,0,451,0,477,0,521,0,0,0,0,0,0,226,313,435,837,25,384,7,116,0,98,112,157,283,327,878,0,0,0,0,0,0,0,0,0,146,449,0,0,68,0,0,155,0,52,289,74,0,0,2,50,0,1,0,0,0,45,5,0,0,27,176,2,0,101,0,0,19,216,124,43,0,263,0,110,79,18,0,43,0,82,237,129,255,30,0,218,0,0,0,0,0,0,0,0,70,22,239,295,0,156,0,441,0,0,2,0,9,716,65,0,0,0,0,0,0,0,0,0,0,0,0,0,0,0,0,0,0,0,0,0,0,0,0,0,0,0,0,0,0,0,0
RIBR,0,267,0,0,0,130,0,0,1,80,0,7,0,0,0,0,0,12,0,0,0,1576,0,122,0,272,0,2,1607,343,15,0,0,0,21,0,33,0,18,14,679,0,45,0,373,0,0,0,101,0,0,0,180,0,554,0,575,0,0,0,8,153,0,441,59,0,1019,0,486,0,246,115,131,132,0,708,167,0,0,0,0,0,0,0,0,0,253,0,497,68,0,0,0,0,130,39,64,260,0,0,42,28,43,0,11,0,1,0,62,0,5,247,5,0,0,104,0,149,27,149,158,0,36,0,309,96,77,0,4,0,2,231,81,290,139,0,0,0,229,0,0,0,0,0,8,0,72,36,239,0,48,0,200,0,0,0,0,0,0,754,0,50,0,0,0,0,0,0,0,0,0,0,0,0,0,0,0,0,0,0,0,0,0,0,0,0,0,0,0,0,0,0,0
RIFL,1,0,0,0,0,0,172,0,134,0,0,0,2161,1,0,0,203,0,1121,0,0,0,516,0,220,0,0,0,0,0,53,0,0,55,0,5,0,0,0,0,0,20,0,0,0,0,144,0,0,116,0,30,0,7,0,6,0,836,0,425,0,51,0,0,0,178,0,0,0,41,0,1045,94,0,70,287,0,1261,2182,5283,0,921,404,111,98,334,0,0,0,0,0,0,5,0,0,0,125,0,0,0,252,20,0,280,0,0,0,0,0,0,0,0,0,0,0,0,0,0,0,0,0,0,0,0,0,0,20,0,0,86,0,0,0,0,0,241,0,0,0,0,0,1222,14,171,808,472,0,0,0,23,0,121,0,0,952,457,1,0,478,0,1226,0,0,0,0,0,0,0,0,0,0,0,0,0,0,0,0,0,0,0,0,0,0,0,0,0,0,0,0,0,0,0,0
RIFR,0,0,0,10,0,0,0,1980,0,58,0,0,0,2307,0,0,0,508,0,1484,0,0,0,182,0,216,0,0,0,0,0,0,1015,0,129,0,0,0,0,0,2,0,140,0,0,148,0,0,0,0,238,0,0,0,2,0,13,0,686,0,498,0,85,0,0,0,116,0,0,0,0,109,1997,171,46,0,55,1746,400,417,4542,1087,50,0,1302,108,0,0,0,0,0,5,0,0,21,0,0,26,0,0,0,0,19,0,228,0,0,0,0,11,0,0,0,0,0,0,0,0,0,0,0,0,0,0,0,33,2,0,0,0,245,0,0,0,0,0,171,0,0,0,0,218,1289,0,722,401,0,0,0,0,90,0,123,0,0,2115,0,0,0,2,0,1329,0,0,0,0,0,0,0,0,0,0,0,0,0,0,0,0,0,0,0,0,0,0,0,0,0,0,0,0,0,0,0
RIGL,0,0,0,0,0,0,0,0,0,0,0,0,0,0,0,0,0,0,0,0,0,0,0,0,0,0,0,0,53,896,20,579,0,5,0,0,0,44,0,236,0,26,0,166,0,1483,451,62,396,0,0,294,0,282,0,346,0,0,0,0,0,20,702,0,0,77,2,453,76,0,24,0,25,37,254,231,180,63,134,0,0,188,275,267,0,0,1117,109,0,155,0,0,0,0,209,39,352,288,0,0,240,60,0,0,0,62,0,4,723,0,0,0,0,0,0,0,0,0,18,159,0,2,0,15,0,57,7,455,39,282,1,0,0,51,0,0,0,3,0,101,902,0,0,0,0,0,643,1030,368,2,0,0,0,3094,0,0,0,0,4,31,148,0,0,0,0,0,0,0,0,0,0,0,0,0,0,0,0,0,0,0,0,0,0,0,0,0,0,0,0,0,0,0,0
RIGR,0,93,0,0,0,0,0,0,0,0,0,0,0,9,0,0,0,0,0,0,0,103,0,0,0,0,0,0,920,96,27,108,0,0,155,0,0,0,99,0,193,0,141,0,415,294,1046,314,13,0,0,0,771,0,245,0,419,0,0,0,0,559,26,0,2,0,51,4,724,45,0,357,30,628,0,92,90,283,0,0,0,233,229,0,144,0,2041,0,130,0,130,0,21,209,0,68,365,259,0,0,327,0,81,0,0,0,84,762,0,0,0,0,4,0,0,76,0,178,59,0,76,0,37,0,64,0,119,51,359,48,222,0,8,10,5,0,15,0,125,629,532,0,0,0,7,0,1029,510,687,0,0,0,0,138,0,0,0,0,0,10,0,231,0,0,0,0,0,0,0,0,0,0,0,0,0,0,0,0,0,0,0,0,0,0,0,0,0,0,0,0,0,0,0
RIH,100,126,0,0,0,0,0,0,0,0,0,0,0,0,0,0,0,0,0,0,71,4,0,0,0,0,0,0,63,49,0,181,154,516,916,793,941,471,556,0,0,266,353,735,653,0,43,0,0,0,0,11,65,135,149,548,188,0,11,0,0,0,0,40,35,194,84,159,161,0,0,4,0,0,46,0,40,47,0,0,11,247,86,0,0,0,24,237,203,52,39,0,0,39,68,0,0,0,442,1188,410,82,22,0,0,81,122,50,55,0,75,0,0,0,0,397,242,121,448,0,5,0,15,0,0,0,30,0,43,0,0,0,19,0,0,25,82,46,146,0,0,0,0,0,0,0,0,0,34,168,168,22,54,0,0,0,0,0,0,76,0,0,0,0,0,0,0,0,0,2,0,4,0,0,0,0,0,0,0,0,0,0,0,0,0,0,0,0,0,0,0,0,0
RIML,25,2,0,0,0,0,0,0,0,0,0,0,224,0,10,0,7,0,5,0,160,6,0,0,43,0,96,0,1,227,75,0,0,0,0,0,0,8,3,12,8,0,0,0,0,1040,1594,948,1257,0,0,0,0,74,1,20,1,437,11,0,0,286,614,0,0,194,0,518,6,543,1030,291,154,70,129,259,186,0,205,0,0,34,309,233,0,0,41,146,12,289,64,125,0,352,365,0,0,466,0,0,0,0,0,42,0,0,1,631,109,0,0,12,417,0,1,0,2,0,41,755,159,142,0,693,72,193,19,109,1,86,0,344,543,694,315,0,0,7,0,0,0,0,0,0,0,39,493,568,169,0,0,0,67,0,0,0,68,2,156,254,0,143,0,0,0,0,0,0,0,0,0,0,151,0,395,0,0,0,0,0,0,0,0,0,0,0,0,0,95,0,54,0,0
RIMR,1,47,0,0,0,0,0,0,0,10,0,0,0,86,0,38,0,21,0,0,0,158,0,18,0,152,0,77,458,28,182,0,0,0,0,0,0,0,3,0,0,0,0,0,0,1279,1278,1487,876,0,0,0,1,0,48,1,38,6,430,0,0,537,239,0,0,0,48,3,549,688,380,257,225,131,285,194,332,81,0,0,0,185,0,0,17,0,114,36,131,74,260,0,26,288,259,0,466,0,0,0,18,0,0,0,0,0,1,112,361,0,1,534,87,7,0,0,0,0,0,65,575,0,206,102,548,105,186,0,88,0,53,520,283,347,569,0,0,0,0,0,0,0,0,0,95,0,493,693,108,6,0,141,0,66,0,0,27,6,27,246,310,0,0,0,0,194,0,16,0,0,0,0,0,0,0,0,0,0,0,0,0,0,0,0,0,0,0,0,0,0,0,0,0
RIPL,0,0,0,0,0,0,0,0,0,0,0,0,0,0,0,0,0,0,0,0,0,0,0,0,0,0,0,0,0,0,0,0,0,2968,386,71,0,3090,0,0,0,664,0,506,0,0,0,0,0,0,0,0,0,0,0,0,0,0,0,0,0,0,0,0,0,0,0,0,0,0,0,32,0,6,0,0,0,0,0,0,0,0,0,0,0,185,0,0,0,0,0,0,0,0,0,442,0,0,0,1522,0,2641,0,0,0,1540,0,0,0,44,36,0,0,42,20,438,406,207,159,0,0,0,0,0,0,12,0,0,213,0,0,0,0,0,0,5098,0,3569,0,0,0,0,0,0,0,0,0,0,0,0,0,0,0,0,0,0,1,51,0,0,0,0,1015,366,0,0,0,0,0,0,0,0,0,0,0,0,0,736,62,8,0,0,0,0,0,0,0,0,0,0,0,0,0
RIPR,0,0,0,0,0,0,0,0,0,0,0,0,0,0,0,0,0,0,0,0,0,0,0,0,0,0,0,0,0,0,0,0,0,54,2819,0,357,0,4971,0,0,0,497,0,614,0,0,0,0,0,0,0,0,0,0,0,59,0,1,0,0,0,0,0,0,0,0,0,0,0,0,0,0,0,0,0,0,0,0,0,0,0,0,0,0,133,0,0,0,0,0,0,0,0,0,1188,0,0,1522,0,0,0,1558,0,0,0,2241,0,0,53,33,0,0,52,81,446,420,513,165,0,0,0,0,0,2,20,1,23,0,0,29,0,0,0,0,0,3787,0,5419,0,0,0,0,0,0,0,0,0,0,0,0,0,369,0,0,0,9,41,0,0,0,0,0,0,0,0,0,0,0,74,718,0,0,0,0,0,0,0,0,0,0,0,0,0,0,862,85,7,0,0,0,0,0
RIR,1679,1636,0,0,16,0,516,0,60,199,0,0,162,34,0,0,0,0,0,0,156,84,63,24,669,405,0,4,359,399,1093,29,0,0,0,0,0,0,1,4,0,0,0,59,65,0,58,0,1,329,0,952,564,0,0,290,195,31,36,78,60,44,163,0,0,163,62,616,840,144,8,682,382,129,98,115,85,88,70,84,0,0,56,1802,1393,0,29,180,209,2,42,252,0,240,327,410,0,18,0,0,0,0,0,111,0,49,75,307,240,0,1,0,0,0,0,0,0,0,154,45,115,0,0,53,190,143,214,115,59,75,90,0,0,0,1,0,0,12,31,0,0,10,0,94,1354,1437,8,1,143,0,0,0,0,0,1,161,0,0,246,15,0,0,0,0,0,0,0,0,0,0,0,0,0,0,0,0,0,0,0,0,0,0,0,0,0,0,0,0,0,0,0,0,0
IL1DL,0,0,136,0,27,0,0,0,51,12,0,0,15,0,90,0,176,0,183,0,83,0,15,0,0,0,94,63,52,39,0,0,0,2141,0,0,0,0,0,734,47,2687,0,15,0,0,0,0,0,0,0,38,0,3025,0,0,0,0,0,83,0,44,0,13,26,6,0,0,0,0,0,0,0,10,200,7,7,8,0,54,0,0,0,0,0,165,111,17,0,50,28,20,0,60,0,82,0,0,2641,0,0,0,42,239,0,0,0,0,0,0,223,0,0,1890,0,608,822,132,447,0,0,0,0,0,0,0,0,0,43,0,0,0,0,23,27,2062,0,0,0,0,0,65,0,99,39,0,0,2,6,770,0,0,0,88,79,0,0,0,0,0,0,0,387,153,0,0,0,0,17,0,0,0,0,0,0,0,0,0,0,0,0,0,0,0,0,0,0,0,0,0,0,0,0
IL1DR,0,0,0,85,0,46,0,0,22,5,0,0,0,16,0,38,0,104,0,15,0,56,0,0,0,0,30,37,38,116,0,0,0,0,2257,0,558,0,0,0,883,0,2592,0,0,0,0,0,0,0,4,0,47,0,2472,0,0,0,0,0,81,2,21,44,39,0,46,0,11,0,0,0,0,133,191,11,0,0,106,0,6,0,0,0,0,232,52,0,51,0,43,0,19,0,81,22,0,0,0,1558,0,42,0,0,645,0,0,0,0,256,0,0,0,0,1779,209,207,556,317,0,0,0,0,0,0,0,0,86,0,0,0,35,0,0,197,0,3362,0,0,0,0,0,54,190,0,54,18,3,33,0,1737,0,0,0,0,12,0,1,0,9,0,0,0,0,0,0,0,0,0,506,245,6,91,0,0,0,155,0,0,0,0,0,0,0,0,0,0,0,0,0,0,0,0
IL1L,0,0,166,0,12,0,989,0,0,23,0,0,0,0,51,0,87,0,31,0,86,0,0,0,0,0,62,52,22,0,0,0,0,0,0,2010,0,0,0,1562,0,0,0,0,0,0,227,32,0,2815,0,258,0,0,0,0,0,4,0,16,0,32,0,0,40,0,0,0,0,0,0,0,0,0,0,230,181,137,0,109,0,0,0,0,0,4,0,132,83,1,0,280,0,0,0,0,42,0,0,0,111,239,0,0,0,477,0,141,0,881,354,285,430,751,331,87,4,2303,1,0,0,105,0,80,10,113,0,0,4,11,0,0,37,65,0,924,0,726,0,0,0,0,0,382,0,0,0,0,0,266,0,0,0,0,85,0,32,0,0,0,368,0,0,524,0,0,0,0,0,0,0,0,0,0,0,0,0,0,665,0,0,0,0,0,0,0,0,0,0,0,0,0,0
IL1R,0,0,0,119,0,47,0,470,12,0,0,0,0,0,0,165,0,228,0,0,0,126,0,1,0,0,53,125,0,29,0,0,0,0,0,0,1845,0,0,0,1765,0,0,0,0,170,0,0,0,0,2348,0,194,0,0,0,0,0,0,0,0,4,5,151,0,0,8,0,0,0,0,0,0,0,0,241,319,0,0,0,46,0,0,0,0,0,0,155,224,0,11,0,228,0,0,0,0,0,0,0,0,0,645,0,0,0,504,0,267,237,1173,394,235,376,855,3,2228,19,51,0,0,0,145,2,2,39,101,0,0,0,95,11,0,0,36,0,667,0,1491,0,0,0,3,503,0,0,0,0,0,0,129,0,4,0,0,10,15,82,0,0,0,444,0,0,0,0,0,0,0,7,596,0,0,0,0,0,0,0,0,0,0,0,0,0,0,0,485,0,0,0,0,0,0
IL1VL,0,0,0,0,0,0,0,0,0,0,0,0,0,0,0,0,0,0,0,0,0,0,0,0,0,0,0,0,0,77,98,0,0,0,0,189,0,3758,0,1016,83,0,0,2119,0,52,0,0,0,0,0,108,0,0,0,4429,0,106,0,0,0,0,69,0,0,0,0,0,0,0,0,0,0,0,2,0,18,0,0,0,0,0,0,0,0,192,94,40,2,0,0,0,0,62,0,81,0,0,1540,0,49,0,0,477,0,0,0,0,0,2096,0,0,0,0,426,533,1557,84,284,34,0,136,0,75,0,88,63,30,0,110,0,4,0,0,0,0,0,2398,0,0,0,0,0,0,0,0,0,0,17,0,0,853,0,0,0,0,104,88,0,0,0,0,0,0,0,0,0,0,0,0,0,0,0,0,0,0,0,216,111,6,0,0,0,0,0,0,0,0,0,0,0,0,0
IL1VR,0,0,0,0,0,0,0,0,0,0,0,0,0,0,0,0,0,0,0,0,0,0,0,0,0,0,0,0,168,0,141,0,0,0,0,0,9,0,2899,0,631,0,0,0,2405,0,126,0,0,0,0,0,186,0,0,0,3956,0,46,0,0,13,0,0,0,0,0,0,2,0,0,0,0,0,0,1,0,0,0,0,0,0,0,0,0,37,78,0,164,0,1,0,0,0,84,122,1,1,0,2241,75,0,0,0,504,0,0,6,0,0,2441,0,0,539,0,248,0,1808,463,0,168,0,67,0,134,32,47,0,31,0,74,0,37,0,0,0,0,0,1584,0,0,0,0,0,0,0,7,12,57,0,0,0,1002,0,0,0,70,187,0,0,0,0,0,0,0,0,0,0,0,0,0,0,0,0,0,0,0,0,0,0,0,0,0,0,0,246,272,21,13,0,0,0,0
RIVL,0,0,0,0,6,0,76,0,0,2,0,0,0,0,0,0,0,0,0,0,124,0,0,0,0,0,0,23,113,84,8,884,0,0,0,96,0,0,15,32,0,0,1,0,0,0,1310,745,425,328,0,0,0,92,148,0,7,79,700,0,0,767,15,0,46,59,0,0,20,719,161,107,135,281,259,152,0,60,212,34,59,0,0,191,0,296,110,393,123,45,0,0,0,4,762,50,631,112,0,0,307,0,0,141,0,0,6,0,1396,0,313,300,0,249,0,0,0,0,17,32,71,0,849,686,645,68,108,251,391,0,80,18,937,707,13,34,0,0,0,0,0,0,0,0,139,23,510,266,488,0,0,0,124,173,0,0,456,352,621,221,0,449,0,0,27,0,91,0,0,0,0,0,236,87,107,29,0,0,0,0,0,0,0,0,0,5,0,2,0,0,0,1022,0
RIVR,0,6,0,0,0,5,0,3,0,0,0,0,0,2,0,20,0,0,0,0,0,90,0,0,0,0,1,0,105,105,189,694,5,0,0,0,46,0,0,0,11,0,32,0,0,1341,50,545,731,0,393,0,0,87,69,7,0,631,154,0,0,99,537,108,0,0,7,0,4,139,859,332,142,23,419,13,134,535,671,154,70,0,0,201,119,487,282,184,135,5,62,0,0,723,0,55,109,361,0,0,240,0,0,0,267,0,0,1396,0,331,0,0,0,0,213,0,0,0,1,130,84,555,24,578,683,76,56,213,136,62,0,564,0,61,621,45,90,0,0,0,0,0,0,0,98,93,174,566,494,0,0,0,0,780,0,0,219,640,211,136,344,0,0,0,0,0,37,0,0,0,0,0,0,1,0,645,0,0,0,68,0,0,0,0,0,11,0,46,0,0,0,0,0
RMDDL,0,0,0,0,0,0,0,266,0,0,0,0,0,0,0,0,0,29,0,0,0,0,0,0,0,0,0,0,0,0,0,0,0,0,203,0,4,0,0,477,51,157,293,90,0,372,0,4,29,0,160,0,26,0,27,438,0,23,28,0,0,0,2,0,0,0,0,0,0,235,75,0,0,0,0,0,114,0,0,0,0,0,0,0,0,1,0,744,438,0,0,0,11,0,0,0,0,0,44,53,0,0,256,881,237,2096,0,0,331,0,279,239,709,161,1696,102,90,66,510,351,119,0,32,46,9,343,510,725,77,0,69,257,6,5,228,0,112,54,0,0,0,0,59,3,0,0,0,0,0,11,598,1016,0,0,0,1,76,293,0,0,3,0,511,0,134,9,51,170,0,1001,663,1031,935,881,700,0,0,114,197,118,32,711,0,0,0,0,0,0,0,0,0,0,0
RMDDR,0,0,0,0,0,0,0,0,0,0,0,0,0,0,0,0,0,0,0,0,0,0,0,0,0,0,0,0,0,0,0,0,0,210,0,0,0,0,10,5,417,502,258,0,104,0,235,10,0,110,1,1,0,156,0,0,772,14,13,0,0,4,0,0,0,0,0,0,0,23,182,0,0,0,0,232,0,0,0,0,0,0,0,0,0,0,0,394,1002,0,5,0,0,0,0,75,0,1,36,33,1,223,0,354,1173,0,2441,313,0,279,0,655,307,1787,145,103,11,36,241,127,406,109,0,0,30,496,359,138,410,70,12,14,290,288,11,92,0,0,58,0,0,0,0,0,0,0,0,0,0,476,3,0,995,0,0,0,297,18,0,63,14,41,762,742,1461,1772,1320,0,0,477,0,108,11,124,53,0,0,0,0,0,0,0,0,0,0,162,148,211,22,1120,0,0,0
RMDL,0,0,0,0,0,0,107,0,0,0,0,0,0,0,0,0,0,0,0,0,0,0,0,0,0,0,0,0,0,0,0,0,0,0,0,63,100,0,0,63,243,0,0,4,0,0,29,93,191,80,323,0,2,0,0,0,0,2,22,0,0,11,0,0,0,0,0,0,0,272,317,0,0,0,0,348,1,0,0,0,0,0,0,0,0,17,2,573,719,27,247,0,0,0,0,0,12,534,0,0,0,0,0,285,394,0,0,300,0,239,655,0,1633,383,465,0,7,10,0,467,581,128,766,138,612,51,520,10,139,7,330,91,441,337,112,0,0,0,0,0,0,0,0,0,0,0,229,227,41,931,290,350,493,0,0,0,215,301,0,235,456,1804,0,182,0,1674,0,1018,0,0,66,0,831,0,1755,0,0,0,325,0,1836,0,2072,0,0,0,306,0,559,19,1445,1440,0
RMDR,0,0,0,0,0,0,0,0,0,0,0,0,0,0,0,0,0,0,0,0,0,0,0,0,0,0,0,0,0,0,0,0,0,0,0,164,2,0,0,358,41,0,0,0,0,0,83,8,125,661,32,0,0,0,0,0,0,23,0,0,0,0,0,0,0,0,0,0,0,119,286,0,0,0,0,6,318,0,0,0,62,0,0,0,0,83,5,893,533,176,5,0,0,0,4,0,417,87,0,0,0,0,0,430,235,0,0,0,0,709,307,1633,0,683,388,0,8,8,0,474,706,413,146,469,79,668,142,18,29,178,34,207,190,166,97,0,0,0,0,0,0,0,0,0,0,0,242,385,3,230,505,143,997,0,0,0,47,118,0,278,1794,498,0,221,0,1169,0,3104,0,0,181,0,886,0,3972,0,0,0,173,0,526,0,1681,0,0,0,384,0,1310,0,2765,0,0
RMDVL,0,0,0,0,0,0,0,0,0,0,0,0,0,0,0,0,0,0,0,0,0,0,0,0,0,0,0,0,0,0,17,0,0,68,0,0,0,0,32,423,25,203,27,0,702,0,244,123,16,0,0,1,0,624,0,0,311,4,108,0,0,0,0,0,0,0,0,0,0,134,265,1,0,0,66,70,188,0,0,0,0,0,26,0,0,0,0,784,419,2,0,0,0,0,0,0,0,7,42,52,0,1890,0,751,376,0,539,249,0,161,1787,383,683,0,617,910,72,65,106,167,5,117,742,36,155,60,341,59,28,0,559,0,159,110,0,28,0,0,250,0,0,0,0,0,0,0,0,0,0,787,9,0,170,0,0,0,90,11,5,31,371,0,153,118,187,1,1105,0,0,0,1,0,118,8,647,0,0,328,0,227,0,0,0,0,0,593,772,1145,1571,1381,405,121,25
RMDVR,0,0,0,0,0,0,0,0,0,0,0,0,0,0,0,0,0,0,0,0,0,0,0,0,0,0,0,0,2,0,56,0,0,0,42,0,8,87,0,71,342,0,210,376,0,217,0,37,136,0,0,0,0,0,376,203,5,59,0,0,0,2,0,0,0,0,0,0,0,105,240,2,2,103,0,177,62,31,0,0,0,0,0,6,9,20,0,422,826,0,0,0,0,0,0,0,1,0,20,81,0,0,1779,331,855,426,0,0,213,1696,145,465,388,617,0,625,33,102,154,117,216,663,84,21,53,310,17,42,38,720,0,167,5,9,164,0,0,177,0,0,0,0,0,0,0,0,0,0,0,110,1032,255,4,0,0,0,43,86,0,0,0,460,0,1,0,28,23,708,0,107,169,131,92,744,0,0,0,830,825,1312,1310,1214,396,69,0,258,0,528,0,661,0,0,0
RMED,0,0,0,0,0,0,0,0,0,0,0,0,0,0,0,0,0,0,0,0,0,0,0,0,0,0,0,0,0,0,0,0,0,548,123,813,677,648,459,263,213,471,130,226,6,0,0,0,0,0,0,0,0,366,14,88,174,0,0,0,0,0,0,0,0,0,0,0,0,0,0,0,0,25,0,0,0,0,0,0,0,0,0,0,0,0,0,5,4,101,104,0,0,0,76,397,0,0,438,446,0,608,209,87,3,533,248,0,0,102,103,0,0,910,625,0,1845,1203,1312,0,0,0,0,0,0,0,0,212,165,0,0,241,264,133,136,482,256,1484,1157,0,0,0,0,0,0,0,0,0,0,90,23,0,0,0,0,0,0,0,0,2,0,0,415,1,548,0,775,0,0,399,0,641,0,882,0,0,0,581,0,74,0,0,0,0,0,333,0,79,0,0,0,0,0
RMEL,0,0,0,0,0,0,0,0,0,0,0,0,0,0,0,0,0,0,0,0,0,0,0,0,0,0,0,0,0,25,0,0,0,498,574,47,2405,1156,1029,27,345,302,22,490,0,0,0,0,0,0,453,0,0,404,0,158,0,0,0,0,0,0,0,0,0,0,0,0,0,0,0,0,0,0,0,0,0,0,0,0,0,0,0,0,0,0,0,0,0,0,0,0,0,0,0,242,2,0,406,420,0,822,207,4,2228,1557,0,0,0,90,11,7,8,72,33,1845,0,736,1462,0,0,0,0,0,0,0,0,0,0,0,0,0,0,0,0,141,898,619,1893,0,0,0,0,0,0,0,0,0,0,4,0,0,0,0,0,0,0,0,0,0,0,0,66,6,0,0,0,0,0,58,2037,171,0,0,0,0,0,21,55,0,0,0,0,0,0,286,1443,0,0,0,0,0,0
RMER,0,0,0,0,0,0,0,0,0,0,0,0,0,0,0,0,0,0,0,0,0,0,0,0,0,0,0,0,0,0,0,0,0,1019,497,3304,42,659,527,355,309,0,289,0,693,0,0,0,0,448,0,0,0,137,195,105,282,0,0,0,0,0,0,0,0,0,0,0,0,0,0,0,0,0,0,55,0,0,0,0,0,0,0,0,0,0,78,0,0,0,149,0,0,0,178,121,0,0,207,513,0,132,556,2303,19,84,1808,0,0,66,36,10,8,65,102,1203,736,0,1068,0,0,0,0,0,0,0,0,0,0,0,0,0,0,0,0,1311,268,1224,557,0,0,0,0,0,0,0,0,5,86,1,0,0,2,0,0,0,0,0,0,68,0,0,77,1494,0,0,0,0,0,96,18,16,0,0,0,0,0,58,1029,0,0,0,0,0,0,17,50,0,1,0,0,0,0
RMEV,48,0,0,0,49,0,0,0,0,0,0,0,116,0,0,0,0,0,0,0,140,0,14,0,0,0,0,0,0,0,3,0,0,457,137,477,583,341,711,363,41,10,12,523,297,0,0,0,0,0,0,0,0,159,4,61,175,0,0,0,0,16,48,131,112,54,0,6,2,0,0,41,0,0,0,0,0,0,0,0,0,0,0,0,0,0,17,14,0,19,27,0,0,18,59,448,41,0,159,165,154,447,317,1,51,284,463,17,1,510,241,0,0,106,154,1312,1462,1068,0,20,0,51,0,268,0,0,160,12,0,77,71,80,60,206,255,503,524,309,592,0,0,0,0,0,0,0,0,0,21,16,0,51,35,0,0,0,0,0,67,0,0,0,670,0,260,0,182,0,0,305,0,286,0,0,0,0,0,151,2,499,0,422,0,0,0,120,7,339,0,636,0,0,0
SIADL,25,0,0,116,0,0,0,1774,0,0,0,0,0,102,0,14,0,194,0,10,0,0,0,1,125,0,0,3,24,16,762,146,0,0,0,0,0,74,0,3,17,0,0,0,0,563,118,311,102,0,8,0,333,154,0,355,0,15,374,0,0,0,664,0,0,0,0,356,0,201,1023,0,507,0,253,281,847,0,81,0,0,350,101,119,0,0,0,411,121,216,149,0,0,159,0,0,755,65,0,0,45,0,0,0,0,34,0,32,130,351,127,467,474,167,117,0,0,0,20,0,1492,2475,186,1975,153,642,194,2966,0,10,0,774,221,1161,978,0,0,307,0,3,275,0,157,394,0,177,647,496,0,0,0,0,0,0,0,16,292,112,56,37,0,37,0,0,0,0,0,0,0,0,0,0,365,0,175,0,0,0,0,0,0,0,0,0,0,0,0,0,0,0,0,0,0
SIADR,0,222,70,0,0,0,2722,0,1,0,0,0,11,45,0,0,74,0,13,0,0,0,6,95,0,0,0,0,29,18,1022,0,0,0,0,0,0,0,54,26,1,0,0,0,0,74,740,61,799,170,0,104,0,0,275,0,548,120,83,0,0,761,0,0,0,0,0,0,378,609,108,492,0,80,0,803,201,10,146,0,25,36,50,0,140,0,49,168,416,124,158,0,0,0,76,5,159,575,0,0,115,0,0,0,0,0,168,71,84,119,406,581,706,5,216,0,0,0,0,1492,0,223,1940,225,2711,270,536,0,2710,0,202,110,692,1155,830,0,0,0,69,3,3,150,0,77,83,0,756,418,268,0,0,0,3,49,30,0,4,498,21,137,36,37,0,0,0,43,0,484,0,0,0,0,0,0,0,0,0,0,0,0,0,0,0,0,0,0,0,0,0,0,0,0,0
SIAVL,0,0,0,0,0,0,0,0,0,0,0,0,264,0,0,0,0,0,0,0,0,0,1,0,164,0,0,0,0,14,1615,0,0,0,0,120,0,229,0,32,0,0,0,106,0,101,75,153,30,441,0,0,0,0,0,89,0,498,0,0,0,0,90,0,0,0,0,1,0,477,0,11,307,0,60,143,465,0,189,268,0,983,462,331,0,0,0,84,404,43,0,0,0,2,0,0,142,0,0,0,0,0,0,105,0,136,0,0,555,0,109,128,413,117,663,0,0,0,51,2475,223,0,0,3225,96,1389,1431,1426,26,2890,0,43,77,4,432,0,0,173,0,0,6,5,0,0,0,474,61,201,0,0,0,47,0,0,0,0,1226,451,502,0,236,0,0,0,0,0,0,0,0,0,0,0,0,0,0,0,0,0,0,0,47,0,702,795,0,0,0,0,0,0,0,0,0
SIAVR,0,0,0,40,0,0,0,0,0,0,0,0,0,704,0,0,0,0,0,0,0,0,0,31,0,0,0,0,15,0,1660,0,289,0,0,0,84,0,36,0,18,0,0,0,32,36,46,75,134,0,999,0,13,0,0,0,131,0,589,0,0,141,0,0,0,0,0,0,36,14,543,712,20,84,0,412,93,140,0,0,342,598,298,0,257,438,17,303,68,0,36,0,0,0,37,15,0,206,0,0,0,0,0,0,145,0,67,849,24,32,0,766,146,742,84,0,0,0,0,186,1940,0,0,62,3406,824,1525,8,1548,0,2712,41,62,637,11,0,0,0,51,0,19,0,52,0,196,0,32,81,79,0,0,0,345,11,0,48,564,1080,0,29,0,316,0,0,0,0,0,0,0,0,0,0,0,0,0,0,0,0,0,0,0,0,0,0,0,0,100,8,145,158,700,655,0
SIBDL,12,0,0,193,574,0,0,392,14,0,0,0,19,66,1,28,0,30,4,15,173,0,0,13,8,42,290,33,66,72,359,0,0,0,0,42,50,350,0,4,205,0,0,273,0,327,31,286,460,409,268,0,267,128,88,55,0,597,126,0,1,98,89,16,0,328,0,174,0,485,315,244,616,212,239,3,151,114,605,28,3,0,0,265,8,78,0,119,0,263,0,0,0,15,0,0,693,102,0,0,53,0,0,80,2,75,0,686,578,46,0,138,469,36,21,0,0,0,268,1975,225,3225,62,0,384,2391,698,1934,277,624,5,413,45,173,119,1,0,119,0,0,0,0,93,125,1,622,1,41,0,0,0,10,0,0,0,13,1267,347,735,18,566,247,0,0,0,0,0,0,0,0,0,0,219,0,67,0,0,0,0,0,18,0,1467,0,0,0,0,0,0,0,0,0,0
SIBDR,0,0,72,0,0,423,823,0,7,0,0,0,49,82,0,0,31,0,49,3,0,107,4,0,0,220,17,198,237,112,356,0,0,0,0,61,0,0,103,206,0,0,0,0,522,3,292,503,439,278,889,153,0,88,90,0,154,86,714,0,0,118,34,0,0,0,233,201,223,259,521,651,44,289,207,94,15,213,382,29,0,0,113,20,288,9,0,12,142,0,309,0,0,0,64,0,72,548,0,2,190,0,0,10,2,0,134,645,683,9,30,612,79,155,53,0,0,0,0,153,2711,96,3406,384,0,580,2690,222,2143,21,695,97,507,96,253,0,0,0,59,0,0,136,0,42,69,17,5,2,62,0,0,0,448,0,64,0,479,934,186,0,199,86,0,0,0,6,0,69,0,0,0,0,0,0,0,0,0,0,0,0,0,0,0,0,0,0,0,0,177,0,937,0,0
SIBVL,1,0,0,0,0,0,0,330,0,0,0,0,145,57,0,0,0,0,0,0,0,0,0,0,0,0,0,0,135,210,1782,6,0,36,0,78,193,150,64,17,2,538,0,34,252,386,335,285,181,405,358,0,0,101,10,88,300,908,238,0,0,180,69,0,0,11,0,48,4,219,45,102,386,925,188,1,81,465,123,0,467,501,107,185,81,356,0,74,4,110,96,0,33,57,0,0,193,105,12,20,143,0,0,113,39,88,32,68,76,343,496,51,668,60,310,0,0,0,0,642,270,1389,824,2391,580,0,2145,882,1008,241,336,56,13,48,42,26,0,51,127,0,39,0,166,0,8,239,32,50,0,93,0,0,112,0,0,76,685,1366,383,0,53,183,0,0,5,324,367,920,0,0,0,1,0,1,0,0,0,0,0,0,0,0,0,0,0,0,0,0,0,0,0,0,0
SIBVR,6,2,0,0,0,0,0,3,0,0,0,0,57,180,0,0,0,0,0,0,0,0,0,0,0,0,0,0,288,251,1501,0,0,0,0,9,20,60,53,3,2,0,444,117,188,267,231,189,109,122,1021,0,0,159,12,180,212,117,639,0,0,139,92,0,0,1,9,75,4,167,280,418,278,429,745,110,23,63,242,630,61,375,473,60,713,42,19,0,44,79,77,20,2,7,119,30,19,186,0,1,214,0,0,0,101,63,47,108,56,510,359,520,142,341,17,0,0,0,160,194,536,1431,1525,698,2690,2145,0,1040,857,294,54,3,91,49,60,0,0,153,69,0,2,12,0,0,99,246,1,37,131,0,293,13,154,0,0,0,1094,556,1940,0,104,199,0,0,0,0,0,0,0,0,0,67,419,361,1361,0,0,0,0,0,0,0,0,0,0,0,0,0,0,0,0,0,0
SMBDL,54,0,0,28,0,0,0,882,1,0,0,0,198,0,0,0,0,13,0,0,0,0,3,0,151,0,0,0,55,35,222,92,0,0,77,0,1,148,0,0,28,0,1145,0,0,689,106,219,180,0,765,0,0,86,0,61,0,193,26,0,0,0,217,0,13,4,0,615,140,78,254,0,84,41,58,31,137,0,81,0,0,138,103,0,0,15,17,81,27,18,0,0,0,455,51,0,109,0,0,23,115,0,86,0,0,30,0,251,213,725,138,10,18,59,42,212,0,0,12,2966,0,1426,8,1934,222,882,1040,0,170,1255,135,402,0,88,22,0,398,24,0,0,198,0,9,37,0,238,414,186,0,0,268,0,0,3,0,0,482,245,127,0,177,0,0,0,0,0,2,0,0,731,31,835,1032,1608,987,330,1924,0,0,0,0,0,0,0,0,0,0,0,0,0,0,0,0
SMBDR,0,72,0,0,0,0,1101,0,0,1,0,0,0,282,0,0,10,0,0,0,0,0,0,50,0,0,0,0,16,34,309,134,220,210,0,3,1,0,37,22,0,1263,0,0,0,176,608,274,228,1315,98,0,0,0,149,0,177,25,515,0,0,361,0,0,0,0,0,16,730,234,86,133,1,155,4,129,24,35,9,10,10,113,272,0,82,5,55,0,71,0,4,0,0,39,359,43,1,88,213,0,59,43,0,4,0,0,31,391,136,77,410,139,29,28,38,165,0,0,0,0,2710,26,1548,277,2143,1008,857,170,0,44,1463,0,280,14,14,262,0,0,34,2,139,30,0,16,10,0,190,222,376,140,0,0,51,3,1,0,149,435,0,0,0,473,817,122,813,635,612,590,3969,0,0,0,0,0,0,0,0,0,0,0,0,0,0,0,0,0,0,0,18,0,133,0,0
SMBVL,502,0,246,0,0,0,0,0,128,0,0,0,1430,0,0,0,277,0,89,0,0,0,1157,0,600,0,0,0,0,0,55,0,0,0,0,254,0,65,0,148,0,0,0,850,0,256,145,0,355,135,0,129,0,0,0,48,0,238,0,233,0,3,3,0,0,224,0,1047,33,31,0,168,1,0,0,55,23,0,394,1,0,481,565,403,0,45,64,176,62,43,0,86,0,282,48,0,86,0,0,0,75,0,0,11,0,110,0,0,62,0,70,7,178,0,720,0,0,0,77,10,0,2890,0,624,21,241,294,1255,44,0,46,104,45,0,331,0,0,50,0,109,0,409,0,15,0,708,30,23,0,0,0,637,0,3,89,0,637,91,214,1,263,0,0,0,0,0,0,0,0,0,0,0,0,0,0,0,0,291,91,450,975,889,3364,3847,426,0,0,0,0,0,0,0,0
SMBVR,0,556,0,841,0,0,0,0,0,128,0,0,0,1259,0,0,0,244,0,146,0,0,0,1133,0,282,0,0,0,0,117,0,65,0,0,0,368,0,26,0,136,0,0,0,607,215,187,399,0,0,240,0,163,0,0,0,3,0,430,0,354,31,39,0,0,4,125,10,1137,0,0,21,95,14,0,0,37,127,0,0,62,5,0,0,98,4,5,29,95,0,2,0,245,1,222,0,0,53,0,29,90,0,0,0,95,0,74,80,0,69,12,330,34,559,0,0,0,0,71,0,202,0,2712,5,695,336,54,135,1463,46,0,42,56,366,0,0,0,0,3,0,12,0,561,46,164,0,54,13,12,0,0,0,588,0,0,291,125,484,0,116,0,499,0,0,0,0,0,0,0,0,0,0,0,0,0,0,0,0,0,0,0,0,0,0,0,378,2,539,847,283,1537,2362,1607
SMDDL,0,0,0,35,0,0,0,28,0,0,0,0,0,2,0,0,0,31,0,9,0,0,0,0,0,0,0,1,0,0,0,0,0,0,0,0,25,0,0,67,440,2,0,0,0,265,29,328,1378,0,285,0,36,28,306,0,0,75,59,0,0,9,476,0,0,0,0,1,0,221,780,0,3,0,7,460,114,0,0,0,0,0,0,0,0,0,0,470,399,82,231,0,0,0,0,0,344,520,0,0,0,0,35,0,11,4,0,18,564,257,14,91,207,0,167,241,0,0,80,774,110,43,41,413,97,56,3,402,0,104,42,0,206,109,2183,0,0,0,0,0,0,0,52,166,0,43,42,111,4,0,658,6,0,3,0,10,228,240,18,351,434,74,140,0,7,0,0,0,0,12,0,397,293,354,94,0,0,53,0,30,0,0,0,0,0,0,0,0,0,0,0,0,0
SMDDR,0,0,8,0,0,0,57,0,0,0,0,0,5,0,0,0,12,0,24,0,0,0,0,0,0,0,0,0,0,0,0,0,0,0,0,38,0,0,0,470,81,0,90,0,0,5,338,1263,370,309,0,51,0,253,14,0,47,39,18,0,0,517,0,0,0,0,0,0,16,802,290,23,0,62,0,48,432,0,24,0,0,0,49,0,0,0,5,472,442,237,81,0,0,0,8,19,543,283,0,0,0,0,0,37,0,0,37,937,0,6,290,441,190,159,5,264,0,0,60,221,692,77,62,45,507,13,91,0,280,45,56,206,0,2136,97,0,0,0,0,0,0,91,0,28,0,0,145,110,47,547,54,0,9,0,25,0,104,159,30,398,184,514,229,0,512,78,543,145,0,0,0,185,0,0,0,0,0,0,0,0,0,0,0,0,0,41,0,11,20,0,0,0,0
SMDVL,0,0,0,0,0,0,5,0,0,0,0,0,0,0,2,0,0,0,0,0,26,0,0,0,0,0,0,22,109,31,242,0,0,0,0,17,0,0,0,202,342,0,0,0,0,42,1259,934,363,81,0,0,0,44,0,0,338,0,273,0,0,72,122,2,8,3,0,106,0,430,383,5,22,98,11,470,12,0,0,0,16,0,0,0,170,85,51,496,449,129,290,0,0,51,10,0,694,347,0,0,0,23,0,65,0,0,0,707,61,5,288,337,166,110,9,133,0,0,206,1161,1155,4,637,173,96,48,49,88,14,0,366,109,2136,0,346,0,0,0,0,0,516,0,0,0,67,0,281,256,182,0,0,0,670,13,0,0,22,73,2,498,0,472,137,0,30,0,0,0,0,0,0,0,80,0,0,0,0,0,0,1,0,0,0,0,0,280,0,389,64,0,18,0,0
SMDVR,0,0,0,0,0,0,0,0,0,0,0,0,0,0,0,0,0,0,0,0,0,10,0,0,0,0,0,0,28,95,218,0,0,0,0,0,4,0,0,354,38,0,32,0,0,1268,186,303,820,0,22,0,0,67,61,277,0,310,0,0,0,45,20,0,0,0,0,0,16,270,472,1,0,11,137,38,419,0,0,30,0,1,9,74,0,0,16,691,317,255,139,0,0,0,5,0,315,569,0,0,1,27,197,0,36,0,0,13,621,228,11,112,97,0,164,136,0,0,255,978,830,432,11,119,253,42,60,22,14,331,0,2183,97,346,0,0,0,0,0,397,0,0,0,0,0,35,91,221,224,0,0,959,0,0,0,0,177,74,28,517,506,0,60,0,2,0,0,0,0,0,0,22,0,0,0,0,0,64,0,543,0,1395,1,0,0,29,0,54,0,0,0,0,0
URADL,0,0,37,0,7,0,0,0,0,0,0,0,104,0,82,0,30,0,27,0,39,0,0,0,0,0,22,37,76,11,0,0,0,4387,0,924,0,0,0,0,0,1877,0,11,0,0,0,0,0,0,0,206,0,2048,0,0,0,23,0,19,0,4,0,6,14,0,0,0,0,0,0,258,4,283,29,0,0,260,40,278,0,0,0,0,0,306,0,0,0,30,0,241,0,0,0,25,0,0,5098,0,0,2062,0,924,0,0,0,34,45,0,92,0,0,28,0,482,141,1311,503,0,0,0,0,1,0,26,0,0,262,0,0,0,0,0,0,0,0,0,0,0,0,146,0,36,18,0,0,0,0,665,0,0,0,0,7,0,213,315,283,0,0,0,2074,2207,2,0,0,0,0,0,0,0,0,0,0,0,0,0,0,0,0,0,0,0,0,0,0,0,0,0,0,0,0
URADR,0,0,0,18,0,14,0,0,4,0,0,0,0,0,0,62,0,118,0,10,0,13,0,0,0,0,43,29,1,44,0,0,0,0,3575,0,885,0,0,0,0,0,2106,0,0,0,0,0,0,0,0,0,259,0,2273,0,0,0,14,0,49,0,10,25,14,0,0,0,0,0,0,0,45,101,256,0,0,7,224,0,91,0,0,0,0,388,1,0,0,0,0,0,171,0,15,82,0,0,0,3787,0,0,3362,0,667,0,0,0,90,112,0,0,0,0,0,256,898,268,524,0,0,0,0,0,0,0,0,398,0,0,0,0,0,0,0,0,0,0,0,0,0,0,126,84,0,230,0,0,0,0,1325,0,0,0,0,22,31,255,0,1,0,0,0,0,0,0,0,0,0,3955,2148,107,0,0,0,3697,0,0,0,0,0,0,0,0,0,0,0,0,0,0,0,0,0
URAVL,0,0,0,0,0,0,0,0,0,0,0,0,0,0,0,0,0,0,0,0,0,0,0,0,0,0,0,0,0,72,189,0,0,0,0,841,0,6638,0,10,0,0,0,1530,0,8,0,0,0,0,0,294,0,0,0,1730,0,69,0,0,0,0,274,0,0,0,0,0,0,0,0,0,0,0,0,0,0,0,0,0,0,0,0,0,0,346,85,58,0,218,0,0,0,3,0,46,7,0,3569,0,12,0,0,726,0,2398,0,0,0,54,0,0,0,0,177,1484,619,1224,309,307,0,173,0,119,0,51,153,24,0,50,0,0,0,0,0,0,0,0,0,0,0,0,0,0,0,0,2,0,22,0,0,585,0,27,0,0,305,64,0,0,0,0,0,0,0,0,0,0,0,0,0,0,0,0,0,0,0,2946,1944,0,0,0,0,0,0,0,0,0,0,0,0,0,0
URAVR,0,0,0,0,0,0,0,0,0,0,0,0,0,0,0,0,0,0,0,0,0,0,0,0,0,0,0,0,228,0,166,0,0,0,0,0,254,0,4293,0,33,0,0,0,1738,0,23,0,0,0,0,0,327,0,0,0,769,0,69,0,0,222,0,0,0,0,0,0,0,0,0,1,0,0,0,2,0,0,0,0,0,0,0,0,0,143,139,0,21,0,229,0,0,0,125,146,0,0,0,5419,31,0,0,0,1491,0,1584,0,0,0,58,0,0,250,0,1157,1893,557,592,0,69,0,51,0,59,127,69,0,34,0,3,0,0,0,0,0,0,0,0,0,0,0,0,0,0,0,1,0,164,0,0,0,326,0,0,0,88,95,0,2,0,0,0,0,0,0,0,0,0,0,0,0,0,0,0,0,0,0,0,0,0,0,0,0,0,2943,1489,0,1,0,0,0,1850
ADEL,0,0,0,0,0,0,0,0,0,0,0,0,0,0,0,0,0,0,0,0,0,0,0,0,0,0,0,0,0,0,7,3484,3167,0,0,0,0,0,0,0,0,0,0,0,0,0,0,0,946,0,0,0,0,0,0,0,0,971,194,0,0,0,50,0,0,0,0,0,0,844,1859,0,0,0,1254,1,0,0,0,0,0,0,0,459,23,0,438,0,0,0,0,0,0,101,629,0,0,0,0,0,0,0,0,0,0,0,0,0,0,0,0,0,0,0,0,0,0,0,0,3,3,0,0,0,0,0,0,0,2,109,0,0,0,0,397,0,0,0,0,0,12012,0,0,0,0,20,250,333,77,0,0,0,0,2369,0,0,0,0,0,100,0,0,0,0,0,0,0,0,0,0,0,0,0,0,0,0,0,0,0,0,0,0,0,0,0,0,0,0,0,0,0,0,0
ADER,0,0,0,0,0,0,0,0,0,0,0,0,0,0,0,0,0,0,0,0,0,0,0,0,0,0,0,0,0,0,585,9686,2311,0,0,0,0,0,0,0,0,0,0,0,0,0,0,611,47,0,0,0,0,0,0,0,0,0,1041,0,0,0,0,0,0,0,0,0,0,1063,756,0,0,189,386,1,32,0,27,0,77,949,1570,174,83,165,174,0,0,0,0,0,0,902,532,0,0,0,0,0,0,0,0,0,0,0,0,0,0,0,0,0,0,0,0,0,0,0,0,275,3,6,19,0,0,39,2,198,139,0,12,0,0,516,0,0,0,0,0,12012,0,0,0,0,28,0,596,663,104,0,0,0,0,1816,0,0,0,0,0,226,0,0,0,0,0,0,0,0,0,0,0,0,0,0,0,0,0,0,0,0,0,0,0,0,0,0,0,0,0,0,0,0,0
AIML,2,0,18,0,0,0,468,0,70,0,4444,0,946,0,0,0,4408,480,400,0,0,0,757,0,484,0,28,0,0,0,40,0,0,15,0,359,0,0,0,167,0,82,0,0,0,0,25,0,3,34,0,782,0,49,0,0,0,125,0,1936,0,136,0,21,0,153,0,0,0,0,0,0,0,124,0,202,0,146,14,208,0,0,0,0,0,6,0,0,0,0,0,1222,218,0,0,0,0,0,0,0,10,65,0,0,0,0,0,0,0,0,0,0,0,0,0,0,0,0,0,0,150,5,0,0,136,0,12,0,30,409,0,0,91,0,0,146,0,0,0,0,0,0,637,70,313,25,0,0,0,145,0,255,0,0,937,246,197,0,694,0,1379,0,0,0,0,0,0,0,0,0,0,0,0,0,0,0,0,0,0,0,0,0,0,0,0,0,0,0,0,0,0,0,0
AIMR,0,0,0,13,0,0,0,681,0,2,0,4065,307,1195,0,0,494,4200,16,1076,0,0,674,408,1,124,0,120,0,0,0,0,0,0,19,0,124,0,0,0,112,0,257,0,0,21,0,82,0,0,0,0,671,0,174,0,0,0,6,15,2129,0,124,0,33,0,11,0,37,0,10,0,0,0,309,0,365,0,192,230,323,0,0,0,0,0,0,0,0,0,0,14,1289,0,0,0,0,0,0,0,0,0,54,0,3,0,0,0,0,59,0,0,0,0,0,0,0,0,0,157,0,0,52,93,0,166,0,9,0,0,561,52,0,0,0,0,126,0,0,0,0,637,0,351,0,296,0,0,0,0,27,0,352,0,0,2123,0,137,0,0,0,1625,0,0,0,0,0,0,0,0,0,0,0,0,0,0,0,0,0,0,0,0,0,0,0,0,0,0,0,0,0,0,0
ALA,0,0,1687,1724,0,0,446,242,107,45,0,0,63,50,0,0,1775,1533,1350,1632,0,0,442,388,20,10,0,1,0,0,0,0,0,37,155,67,150,0,0,39,151,155,310,0,0,15,8,0,0,411,113,619,284,59,158,0,0,0,0,0,0,35,55,0,0,0,0,0,0,0,0,0,0,524,98,531,529,230,203,0,0,0,0,0,0,0,0,0,0,0,0,171,0,0,0,0,0,0,0,0,94,99,190,382,503,0,0,0,0,3,0,0,0,0,0,0,0,0,0,394,77,0,0,125,42,0,0,37,16,15,46,166,28,0,0,36,84,0,0,0,0,70,351,0,71,37,0,0,0,3,14,0,0,0,1847,2330,0,0,0,0,0,34,0,0,0,0,0,0,0,0,0,0,0,0,0,0,0,0,0,0,0,0,0,0,0,0,0,0,0,0,0,0,0
AVHL,1,2083,247,356,0,0,2401,170,1,361,0,0,421,2399,0,0,14,0,0,64,0,0,147,1211,232,2862,0,0,198,0,431,0,64,30,0,0,0,0,0,2,0,44,0,0,161,0,208,0,24,0,0,222,551,93,0,0,64,2,435,0,67,0,6,32,0,0,0,0,455,103,220,2279,1383,1662,5,195,0,2047,134,478,370,790,143,564,5874,112,1,0,0,0,8,808,722,0,7,0,0,95,0,0,1354,39,0,0,0,0,0,139,98,0,0,0,0,0,0,0,0,0,0,0,83,0,196,1,69,8,99,0,10,0,164,0,0,67,0,18,0,0,0,0,28,313,0,71,0,534,112,25,6,59,0,0,19,42,5,325,1,0,0,0,0,7,0,0,0,0,0,0,0,0,0,0,0,0,0,0,0,0,0,0,0,0,0,0,0,0,0,0,0,0,0,0,0
AVHR,1150,0,0,106,0,0,0,1100,127,4,0,0,1399,181,0,132,0,137,0,3,0,0,566,0,2942,1,4,10,0,4,863,0,0,0,96,0,0,0,0,0,48,0,205,128,0,100,0,0,3,0,0,874,119,58,147,137,0,550,0,2,0,3,1,0,13,162,0,878,0,193,55,1478,2075,259,1972,0,42,479,3009,595,158,1109,3017,5356,849,17,0,0,0,0,0,472,401,0,0,0,39,0,0,0,1437,0,54,0,0,0,0,23,93,0,0,0,0,0,0,0,0,0,0,177,0,474,0,622,17,239,246,238,0,708,0,43,0,0,35,0,230,0,0,20,0,25,296,37,534,0,0,0,0,0,115,0,0,0,54,32,0,0,1309,0,7,0,0,0,0,0,0,0,0,0,0,0,0,0,0,0,0,0,0,0,0,0,0,0,0,0,0,0,0,0,0,0,0
AVKL,0,0,0,0,0,0,0,0,0,0,0,0,0,0,0,0,0,0,0,0,0,0,0,0,0,0,0,0,6,0,0,257,0,0,13,0,0,0,24,0,0,0,8,9,1,140,601,13,35,0,0,0,0,6,16,28,21,0,26,0,0,399,237,0,0,0,0,1,151,256,0,43,0,31,16,808,434,0,0,0,3,31,13,110,268,0,2050,0,9,70,72,0,0,643,1029,0,493,493,0,0,8,0,18,0,0,0,7,510,174,0,0,229,242,0,0,0,0,0,0,647,756,61,32,1,5,32,1,414,190,30,54,42,145,281,91,0,0,2,1,250,596,0,0,0,112,0,0,4046,2116,87,0,0,19,1585,0,0,10,0,0,1164,274,291,0,0,0,0,0,0,0,0,0,0,0,0,0,0,0,0,0,0,0,0,0,0,0,0,0,0,0,0,0,0,0
AVKR,0,0,0,0,0,0,0,0,0,0,0,0,0,0,0,0,0,0,0,0,0,0,0,0,0,0,0,0,7,1,0,411,0,0,0,0,0,0,7,0,0,0,0,0,23,696,157,137,14,0,0,0,0,36,6,5,123,3,0,0,0,486,447,0,0,0,0,48,113,43,90,50,71,0,175,471,712,0,0,0,2,58,26,619,75,0,1702,6,3,22,36,0,0,1030,510,0,568,693,0,0,1,2,3,0,0,0,12,266,566,0,0,227,385,0,0,0,0,5,0,496,418,201,81,41,2,50,37,186,222,23,13,111,110,256,221,0,0,0,0,333,663,0,0,0,25,0,4046,0,1690,4,18,0,108,1797,0,0,11,0,0,841,508,220,0,0,0,0,0,0,0,0,0,0,0,0,0,0,0,0,0,0,0,0,0,0,0,0,0,0,0,0,0,0,0
AVL,0,0,0,0,0,0,0,0,0,0,0,0,0,0,0,0,0,0,0,0,0,0,0,0,0,0,0,0,31,0,0,438,0,0,7,0,0,78,84,0,0,0,60,72,84,3,17,0,0,0,0,12,1,135,198,419,466,0,0,0,0,144,153,0,0,0,0,0,8,2,0,12,0,0,0,74,13,0,0,0,4,0,15,0,1,0,3404,0,0,239,239,0,0,368,687,34,169,108,0,0,143,6,33,0,0,17,57,488,494,0,0,41,3,0,0,0,0,86,21,0,268,0,79,0,62,0,131,0,376,0,12,4,47,182,224,0,0,22,164,77,104,0,0,0,6,0,2116,1690,0,24,0,0,0,523,0,0,6,0,0,1715,63,40,0,0,0,0,0,0,0,0,0,0,0,0,0,0,0,0,0,0,0,0,0,0,0,0,0,0,0,0,0,0,0
CEPDL,0,0,0,0,33,0,1365,0,0,3,0,0,13,0,9,0,33,0,0,0,38,0,0,0,0,0,3,9,0,0,0,0,0,789,0,0,0,0,0,873,0,639,0,0,0,0,0,0,0,1539,0,1008,0,1284,0,0,0,49,0,0,0,0,0,89,100,0,0,0,0,0,0,0,0,157,0,0,632,40,0,72,0,0,0,0,0,622,20,603,237,295,0,23,0,2,0,168,0,6,0,0,0,770,0,266,0,0,0,0,0,11,476,931,230,787,110,90,4,1,16,0,0,0,0,0,0,93,0,0,140,0,0,0,547,0,0,665,0,0,0,0,0,145,0,3,59,0,87,4,24,0,0,0,0,89,0,0,174,126,0,152,9,0,0,864,353,4055,4462,6088,5636,0,0,0,0,0,0,0,0,0,21,0,4,0,0,0,0,0,0,0,0,0,0,0,0
CEPDR,0,0,0,0,0,14,0,645,0,0,0,0,0,83,0,0,0,67,0,0,0,129,0,0,0,0,12,0,0,33,0,0,0,0,1208,0,0,0,0,0,737,0,607,0,0,0,0,0,0,0,1764,0,1025,0,1012,0,0,0,71,0,0,0,0,28,43,0,2,0,0,0,0,0,0,52,231,539,0,0,73,0,65,0,0,0,0,469,6,110,459,0,48,0,90,0,0,168,0,0,0,0,0,0,1737,0,129,0,0,0,0,598,3,290,505,9,1032,23,0,0,0,0,0,0,0,0,0,0,293,268,0,0,0,658,54,0,0,0,1325,0,0,0,0,0,27,14,0,115,0,18,0,0,0,0,0,0,0,0,117,329,0,153,0,22,3,0,30,0,0,0,0,83,885,935,4230,2741,3680,3380,6726,0,0,0,0,0,0,0,0,0,5,0,0,0,0,0,0
CEPVL,0,0,0,0,24,0,510,0,7,0,114,0,14,0,136,0,145,0,89,0,101,0,0,0,0,0,71,0,0,209,0,0,0,0,0,0,0,715,0,937,0,0,0,996,0,0,0,0,0,251,0,0,0,0,0,733,0,60,0,75,0,7,0,0,167,0,0,0,0,0,0,20,0,0,161,0,520,0,329,107,0,0,153,0,0,1068,16,502,140,156,0,121,0,0,0,22,0,141,0,0,0,0,0,0,0,853,0,0,0,1016,0,350,143,0,255,0,0,0,51,0,0,47,0,10,0,0,13,0,0,637,0,6,0,0,959,0,0,585,0,0,0,255,0,0,0,0,0,0,0,0,0,0,0,0,381,0,563,319,406,152,213,0,0,0,0,0,0,0,0,0,0,0,0,0,0,0,0,753,56,1565,1665,5166,4251,2014,8797,0,0,0,0,0,0,0,0
CEPVR,0,0,0,0,0,116,0,483,0,0,0,153,0,2,0,237,0,182,0,65,0,57,0,0,0,0,51,91,304,0,1,0,0,0,0,0,0,0,228,0,874,0,0,0,711,0,0,0,0,0,991,0,0,0,0,0,837,0,9,0,40,22,44,39,0,0,15,0,0,0,0,28,81,153,0,667,0,134,0,0,17,0,0,0,27,624,0,102,697,0,200,0,123,0,0,54,67,0,0,369,0,0,0,0,4,0,1002,124,0,0,995,493,997,170,4,0,0,2,35,0,3,0,345,0,448,112,154,0,51,0,588,0,9,670,0,0,0,0,326,0,0,0,352,0,19,0,19,108,0,0,0,0,0,0,0,32,622,626,0,304,0,462,0,0,0,0,0,0,0,0,0,0,0,0,0,0,0,0,0,0,0,0,0,0,0,1005,183,1792,732,4325,1528,1385,5793
DVC,0,0,0,0,0,0,0,0,0,0,0,0,0,0,0,0,0,0,0,0,0,0,0,0,0,0,0,0,0,465,2,79,84,0,0,0,0,21,0,0,0,5,0,367,0,164,0,0,0,0,0,184,0,107,0,237,0,1,21,0,0,358,729,0,0,0,0,234,0,680,613,9,0,7,70,89,214,0,0,0,0,0,0,6,117,0,3331,0,0,441,0,0,0,3094,138,0,0,66,0,0,0,88,0,0,0,0,0,173,780,0,0,0,0,0,0,0,0,0,0,0,49,0,11,0,0,0,0,3,3,3,0,3,0,13,0,0,0,27,0,2369,1816,0,0,0,42,0,1585,1797,523,89,0,0,0,0,0,0,1,0,0,61,38,0,0,0,0,0,0,0,0,0,0,0,0,0,0,0,0,0,0,0,0,0,0,0,0,0,0,0,0,0,0,0,0
PVQL,0,0,1459,0,0,0,109,0,643,0,51,0,1213,0,0,0,4075,0,3700,0,0,0,1805,0,250,0,0,0,0,0,28,0,0,7,0,105,0,0,0,60,0,40,0,0,0,0,0,0,0,160,0,97,0,30,0,0,0,224,0,1192,0,218,0,0,0,102,0,0,0,0,0,16,0,28,0,0,0,0,32,350,0,0,4,0,0,0,0,0,0,0,0,952,0,0,0,0,0,0,0,0,1,79,0,85,0,0,0,0,0,0,0,0,0,0,0,0,0,0,0,0,30,0,0,0,64,0,0,0,1,89,0,0,25,0,0,7,0,0,0,0,0,937,0,1847,5,54,0,0,0,0,0,381,0,0,0,175,0,0,116,0,1317,0,0,0,0,0,0,0,0,0,0,0,0,0,0,0,0,0,0,0,0,0,0,0,0,0,0,0,0,0,0,0,0
PVQR,31,27,0,1558,0,0,0,0,137,382,0,381,502,1578,0,0,95,3329,53,3765,0,0,727,2103,488,340,3,0,0,0,3,0,160,0,8,0,66,0,0,0,30,0,91,0,0,0,0,0,0,0,3,0,166,0,57,0,0,0,310,21,1112,3,135,0,0,0,44,0,47,0,90,4,306,23,18,0,39,124,60,98,673,160,0,203,355,107,0,0,0,0,0,457,2115,0,0,0,0,0,0,0,161,0,12,0,10,0,0,0,0,1,0,0,0,0,0,0,0,0,0,16,0,0,48,13,0,76,0,0,0,0,291,10,0,0,0,0,22,0,0,0,0,246,2123,2330,325,32,0,0,0,0,0,0,32,0,175,0,0,95,0,0,0,1325,0,0,0,0,0,0,0,0,0,0,0,0,0,0,0,0,0,0,0,0,0,0,0,0,0,0,0,0,0,0,0
RICL,0,0,0,0,0,0,120,212,0,0,523,0,59,0,0,0,0,0,0,0,0,0,8,0,0,0,0,0,0,0,295,0,0,8,0,125,13,272,88,2,0,340,312,528,226,51,11,33,243,876,822,141,2,158,16,0,153,969,1462,12,0,32,31,0,0,0,0,65,0,522,705,113,47,555,345,4,110,94,66,93,4,17,254,28,45,179,3,0,141,2,0,1,0,0,0,0,68,27,1,9,0,0,0,32,15,104,70,456,219,76,297,215,47,90,43,0,0,0,0,292,4,1226,564,1267,479,685,1094,482,149,637,125,228,104,22,177,213,31,305,88,0,0,197,0,0,1,0,10,11,6,174,117,563,622,1,0,0,0,2684,873,20,230,163,134,0,125,0,9,0,0,0,0,40,0,727,0,686,0,0,0,37,0,749,45,4322,0,0,0,150,0,390,0,139,0
RICR,0,5,0,0,0,0,0,508,0,0,0,121,0,201,0,0,0,0,0,0,0,0,0,0,0,0,0,0,0,0,267,0,0,70,35,10,86,184,286,0,8,620,608,178,572,88,29,153,157,293,880,0,253,75,38,70,86,1060,1133,0,8,58,0,0,0,0,0,0,77,796,416,19,103,79,448,1,49,39,27,0,50,64,2,0,17,348,0,2,84,0,0,0,0,0,0,0,2,6,51,41,0,0,1,0,82,88,187,352,640,293,18,301,118,11,86,0,0,0,0,112,498,451,1080,347,934,1366,556,245,435,91,484,240,159,73,74,315,255,64,95,0,0,0,137,0,0,0,0,0,0,126,329,319,626,0,0,95,2684,0,290,10,20,233,240,0,559,0,373,234,0,12,0,7,0,464,0,3597,0,0,0,0,0,46,0,0,0,0,58,42,197,174,494,91,0
RID,308,53,0,0,0,0,9,0,0,0,431,0,652,0,0,0,0,0,0,0,0,2,0,0,0,0,0,0,1,39,939,0,0,0,0,0,0,0,0,0,0,81,0,195,0,5,157,320,74,111,0,56,0,302,0,472,0,470,8,261,0,0,94,0,0,0,0,361,0,1483,0,798,1670,1157,1804,146,0,1,3155,1384,0,757,4400,1377,0,1338,0,0,0,9,0,478,0,4,0,0,156,27,0,0,246,0,0,0,0,0,0,621,211,0,0,0,0,5,0,0,0,0,67,56,21,502,0,735,186,383,1940,127,0,214,0,18,30,2,28,283,0,0,0,0,0,694,0,0,0,1309,0,0,0,0,0,406,0,0,116,0,873,290,0,0,811,0,0,0,0,0,0,0,0,0,0,0,0,0,0,0,0,0,0,0,0,1,0,0,0,0,0,0,0,0,0,0,0
RIS,0,0,0,0,0,0,0,0,0,0,0,0,12,39,0,0,0,0,0,0,0,24,0,0,0,0,0,0,0,0,1,0,0,0,0,0,0,0,0,129,48,5,25,68,107,23,68,53,19,0,0,1,0,17,188,98,129,0,0,0,10,4,5,25,0,121,323,0,0,41,1,19,36,0,0,228,316,223,244,0,64,188,20,0,0,0,325,20,6,716,754,0,2,31,10,76,254,246,0,0,15,0,9,0,0,0,0,221,136,0,63,235,278,31,0,2,0,68,0,37,137,0,29,18,0,0,0,0,0,1,116,351,398,498,517,0,1,0,2,100,226,0,0,0,0,0,1164,841,1715,152,153,152,304,61,0,0,20,10,0,0,96,142,0,0,0,0,0,0,0,0,0,0,0,0,0,0,0,0,0,0,0,0,0,0,0,0,0,0,0,0,0,0,0
RMGL,0,0,55,0,0,0,0,0,0,0,1,0,600,0,0,0,110,0,324,0,0,0,168,0,269,0,0,0,0,0,71,0,0,0,0,364,0,0,0,73,0,0,0,0,0,504,294,467,155,0,0,569,0,0,0,0,0,691,0,133,0,0,74,0,0,21,0,0,0,47,32,175,0,0,107,191,99,0,257,543,0,4,327,0,0,0,69,60,30,65,0,1226,0,148,0,0,0,310,0,0,0,0,0,368,0,0,0,0,344,3,14,456,1794,371,0,0,0,0,0,0,36,236,0,566,199,53,104,177,0,263,0,434,184,0,506,0,0,0,0,0,0,1379,0,0,0,7,274,508,63,9,0,213,0,38,1317,0,230,20,811,96,0,0,0,0,0,557,0,1461,0,0,0,0,0,0,0,0,0,0,0,0,48,0,300,0,0,0,0,0,0,0,0,0,0
RMGR,0,0,0,115,0,0,0,180,0,0,0,3,0,204,0,0,0,1329,0,277,0,0,0,402,0,220,0,0,0,0,5,0,15,0,0,0,274,0,0,0,33,0,0,0,0,180,632,98,209,0,211,0,631,0,0,0,0,0,498,0,25,211,0,0,0,0,13,0,0,29,94,0,274,207,0,213,281,237,0,0,517,0,0,0,36,67,24,13,30,0,50,0,1329,0,231,0,143,0,0,0,0,0,0,0,444,0,0,449,0,0,41,1804,498,0,460,0,0,0,0,37,37,0,316,247,86,183,199,0,473,0,499,74,514,472,0,0,0,0,0,0,0,0,1625,34,7,0,291,220,40,0,22,0,462,0,0,1325,163,233,0,142,0,0,0,0,0,0,0,0,0,0,0,0,491,0,699,0,0,0,0,0,0,0,0,0,0,0,0,0,255,0,2086,0,0
BWM-DL01,0,0,0,0,0,0,0,0,0,0,0,0,0,0,0,0,0,0,0,0,0,0,0,0,0,0,0,0,0,0,0,0,0,100,0,0,0,0,0,0,0,33,0,0,0,0,0,0,0,0,0,0,0,105,0,0,0,0,0,0,0,0,0,0,0,0,0,0,0,0,0,0,0,0,0,0,0,0,0,8,0,0,0,0,0,413,0,0,0,0,0,0,0,0,0,0,0,0,1015,0,0,387,0,0,0,0,0,0,0,511,762,0,0,153,0,415,66,77,670,0,0,0,0,0,0,0,0,0,817,0,0,140,229,137,60,2074,0,0,0,0,0,0,0,0,0,0,0,0,0,0,3,0,0,0,0,0,134,240,0,0,0,0,0,52,11391,0,969,0,0,1947,0,3480,0,12,0,0,0,0,0,0,0,0,0,0,0,0,0,0,0,0,0,0,0
BWM-DL02,0,0,0,0,0,0,0,0,0,0,0,0,0,0,0,0,0,0,0,0,0,0,0,0,0,0,0,0,0,0,0,0,0,8,0,102,0,0,0,51,0,47,0,0,0,0,0,0,0,1848,0,0,0,0,0,0,0,0,0,0,0,0,0,0,0,0,0,0,0,0,0,0,0,0,0,0,0,2,0,32,0,0,0,0,0,163,0,0,0,0,0,0,0,0,0,0,0,0,366,0,0,153,0,524,0,0,0,0,0,0,742,182,221,118,1,1,6,1494,0,0,0,0,0,0,0,0,0,0,122,0,0,0,0,0,0,2207,0,0,0,0,0,0,0,0,0,0,0,0,0,864,0,0,0,0,0,0,0,0,0,0,0,0,52,0,0,7736,0,151,332,0,0,0,0,0,0,0,0,0,3975,0,155,0,0,0,0,0,0,0,0,0,0,0,0
BWM-DL03,0,0,0,0,0,0,0,0,0,0,0,0,0,0,0,0,0,0,0,0,0,0,0,0,0,0,0,0,0,0,0,0,0,0,0,0,0,0,0,6,0,1,0,0,0,0,0,0,0,0,0,0,0,17,0,0,0,0,0,0,0,0,0,0,0,0,0,0,0,0,0,0,0,0,0,0,0,0,0,0,0,0,0,0,0,43,0,4,0,0,0,0,0,0,0,0,0,0,0,0,0,0,0,0,0,0,0,27,0,134,1461,0,0,187,0,548,0,0,260,0,0,0,0,0,0,5,0,0,813,0,0,7,512,30,2,2,0,0,0,0,0,0,0,0,0,0,0,0,0,353,30,0,0,0,0,0,125,559,0,0,0,0,11391,0,0,0,25361,0,0,3,0,1052,0,0,0,0,0,0,0,0,0,0,0,0,0,0,0,0,0,0,0,0,0
BWM-DL04,0,0,0,0,0,0,0,0,0,0,0,0,0,0,0,0,0,0,0,0,0,0,0,0,0,0,0,0,0,0,0,0,0,0,0,0,0,0,0,0,0,0,0,0,0,0,0,281,0,630,0,0,0,0,0,0,0,0,0,0,0,0,0,0,0,0,0,0,0,0,0,0,0,0,0,0,0,0,0,0,0,0,0,0,0,0,0,0,87,0,0,0,0,0,0,0,0,194,0,0,0,0,0,0,0,0,0,0,0,9,1772,1674,1169,1,28,0,0,0,0,0,43,0,0,0,6,324,0,0,635,0,0,0,78,0,0,0,0,0,0,0,0,0,0,0,0,0,0,0,0,4055,0,0,0,0,0,0,0,0,0,0,557,0,0,7736,0,0,0,30028,946,0,0,0,0,0,0,0,0,0,162,0,0,0,0,0,0,0,0,0,0,0,0,0,0
BWM-DL05,0,0,0,0,0,0,0,0,0,0,0,0,0,0,0,0,0,0,0,0,0,0,0,0,0,0,0,0,0,0,0,0,0,0,0,0,0,0,0,0,0,0,0,0,0,0,0,0,0,0,0,0,0,0,0,0,0,0,0,0,0,0,0,0,0,0,0,0,0,0,0,0,0,0,0,0,0,0,0,0,0,0,0,0,0,5,0,238,28,0,0,0,0,0,0,0,0,0,0,0,0,0,0,0,0,0,0,91,37,51,1320,0,0,1105,23,775,0,0,182,0,0,0,0,0,0,367,0,2,612,0,0,0,543,0,0,0,0,0,0,0,0,0,0,0,0,0,0,0,0,4462,0,0,0,0,0,0,9,373,0,0,0,0,969,0,25361,0,0,0,0,0,0,0,0,0,0,0,0,0,0,0,0,0,0,0,0,0,0,0,0,0,0,0,0
BWM-DL06,0,0,0,0,0,0,0,0,0,0,0,0,0,0,0,0,0,0,0,0,0,0,0,0,0,0,0,0,0,0,0,0,0,0,0,0,0,0,0,0,0,4,0,0,0,0,0,119,0,614,0,0,0,0,0,0,0,0,0,0,0,0,0,0,0,0,0,0,0,0,0,0,0,0,0,0,0,0,0,0,0,0,0,0,0,5,0,0,18,0,0,0,0,0,0,0,0,16,0,0,0,0,0,0,0,0,0,0,0,170,0,1018,3104,0,708,0,0,0,0,0,484,0,0,0,69,920,0,0,590,0,0,0,145,0,0,0,0,0,0,0,0,0,0,0,0,0,0,0,0,6088,0,0,0,0,0,0,0,234,0,0,1461,0,0,151,0,30028,0,0,25949,0,0,0,0,0,0,0,0,0,0,0,0,0,0,0,0,0,0,0,0,0,0,0,0
BWM-DL08,0,0,0,0,0,0,0,0,0,0,0,0,0,0,0,0,0,0,0,0,0,0,0,0,0,0,0,0,0,0,0,0,0,0,0,0,0,0,0,0,0,1517,0,0,0,0,0,0,0,687,0,0,0,0,0,0,0,0,0,0,0,0,0,0,0,0,0,0,0,0,0,0,0,0,0,0,0,0,0,0,0,0,0,0,0,310,0,0,0,0,0,0,0,0,0,0,0,0,0,0,0,17,0,0,0,0,0,0,0,0,0,0,0,0,0,0,0,0,0,0,0,0,0,0,0,0,0,0,3969,0,0,0,0,0,0,0,0,0,0,0,0,0,0,0,0,0,0,0,0,5636,0,0,0,0,0,0,0,0,0,0,0,0,0,332,0,946,0,25949,0,0,0,0,0,0,0,0,0,0,0,0,0,0,0,0,0,0,0,0,0,0,0,0,0
BWM-DR01,0,0,0,0,0,0,0,0,0,0,0,0,0,0,0,0,0,0,0,0,0,0,0,0,0,0,0,0,0,0,0,0,0,0,332,0,0,0,0,0,0,0,0,0,0,0,0,0,0,0,0,0,0,0,0,0,0,0,0,0,0,0,0,0,0,0,0,0,0,0,0,0,0,0,0,0,0,0,0,0,0,0,0,0,0,0,0,0,0,0,0,0,0,0,0,2,0,0,0,74,0,0,506,0,7,0,0,0,0,1001,477,0,0,0,107,399,58,96,305,0,0,0,0,0,0,0,0,731,0,0,0,12,0,0,0,0,3955,0,0,0,0,0,0,0,0,0,0,0,0,0,83,0,0,0,0,0,0,12,0,0,0,0,1947,0,3,0,0,0,0,0,830,10036,0,305,0,15282,0,0,0,0,0,0,0,0,0,0,0,0,0,0,0,0,0
BWM-DR02,0,0,0,0,0,0,0,27,0,0,0,0,0,0,0,0,0,0,0,0,0,0,0,0,0,0,0,0,0,0,0,0,0,0,31,0,58,0,0,0,79,0,9,0,0,0,0,0,0,0,1914,0,0,0,0,0,0,0,0,0,0,0,0,0,0,0,0,0,0,0,0,0,0,0,0,0,0,0,0,0,0,0,0,0,0,0,0,0,0,0,0,0,0,0,0,0,0,0,0,718,0,0,245,0,596,0,0,0,0,663,0,66,181,1,169,0,2037,18,0,0,0,0,0,0,0,0,0,31,0,0,0,0,0,0,0,0,2148,0,0,0,0,0,0,0,0,0,0,0,0,0,885,0,0,0,0,0,0,0,0,0,0,0,0,0,0,0,0,0,0,830,0,0,10473,0,14,0,0,0,0,0,0,0,0,0,0,0,3405,0,0,0,0,0,0
BWM-DR03,0,0,0,0,0,0,0,0,0,0,0,0,0,0,0,0,0,0,0,0,0,0,0,0,0,0,0,0,0,0,0,0,0,0,103,0,0,0,0,0,0,0,0,0,0,0,0,0,0,0,0,0,0,0,0,0,0,0,0,0,0,0,0,0,0,0,0,0,0,0,0,0,0,0,0,0,0,0,0,0,0,0,0,0,0,0,0,0,0,0,0,0,0,0,0,4,0,0,0,0,0,0,6,0,0,0,0,0,0,1031,108,0,0,0,131,641,171,16,286,0,0,0,0,0,0,1,67,835,0,0,0,397,185,0,22,0,107,0,0,0,0,0,0,0,0,0,0,0,0,0,935,0,0,0,0,0,40,7,0,0,0,0,3480,0,1052,0,0,0,0,10036,0,0,0,29662,0,7428,0,0,0,0,0,0,0,0,0,0,0,0,0,0,0,0,0
BWM-DR04,0,0,0,0,0,0,0,321,0,0,0,0,0,0,0,0,0,0,0,0,0,0,0,0,0,0,0,0,0,0,0,0,0,0,0,0,0,0,0,0,6,0,39,0,0,0,0,0,187,0,740,0,0,0,0,0,0,0,0,0,0,0,0,0,0,0,0,0,0,0,0,0,0,0,0,0,0,0,0,0,0,0,0,0,0,108,0,23,0,0,0,0,0,0,0,0,151,0,0,0,0,0,91,0,0,0,0,236,0,935,11,831,886,118,92,0,0,0,0,365,0,0,0,219,0,0,419,1032,0,0,0,293,0,80,0,0,0,0,0,0,0,0,0,0,0,0,0,0,0,0,4230,0,0,0,0,0,0,0,0,0,0,491,0,0,0,0,0,0,0,0,10473,0,0,0,35442,0,5104,0,0,0,0,0,0,0,0,0,71,0,0,0,0,0,0
BWM-DR05,0,0,0,0,0,0,0,0,0,0,0,0,0,0,0,0,0,0,0,0,0,0,0,0,0,0,0,0,0,0,0,0,0,0,0,0,0,0,0,0,0,0,0,0,0,0,0,0,0,0,0,0,0,0,0,0,0,0,0,0,0,0,0,0,0,0,0,0,0,0,0,0,0,0,0,0,0,0,0,0,0,0,0,0,0,10,0,0,57,0,0,0,0,0,0,0,0,0,0,0,0,0,0,0,0,0,0,87,1,881,124,0,0,8,744,882,0,0,0,0,0,0,0,0,0,1,361,1608,0,0,0,354,0,0,0,0,0,0,0,0,0,0,0,0,0,0,0,0,0,0,2741,0,0,0,0,0,727,464,0,0,0,0,12,0,0,0,0,0,0,305,0,29662,0,0,0,17599,0,0,0,0,0,0,0,0,0,0,0,0,0,0,0,0,0
BWM-DR06,0,0,0,0,0,0,0,0,0,0,0,0,0,0,0,0,0,0,0,0,0,0,0,0,0,0,0,0,0,0,0,0,0,0,0,0,0,0,0,0,0,0,30,0,0,0,0,0,88,0,26,0,0,0,0,0,0,0,0,0,0,0,0,0,0,0,0,0,0,0,0,0,0,0,0,0,0,0,0,0,0,0,0,0,0,0,0,338,0,0,0,0,0,0,0,0,395,0,0,0,0,0,0,0,0,0,0,107,0,700,53,1755,3972,647,0,0,0,0,0,175,0,0,0,67,0,0,1361,987,0,0,0,94,0,0,0,0,0,0,0,0,0,0,0,0,0,0,0,0,0,0,3680,0,0,0,0,0,0,0,0,0,0,699,0,0,0,0,0,0,0,0,14,0,35442,0,0,0,33097,0,0,0,0,0,0,0,0,0,0,0,0,0,0,0,0
BWM-DR07,0,0,0,0,0,0,0,0,0,0,0,0,0,0,0,0,0,0,0,0,0,0,0,0,0,0,0,0,0,0,0,0,0,0,22,0,0,0,0,0,0,0,0,0,0,0,0,0,0,0,0,0,0,0,0,0,0,0,0,0,0,0,0,0,0,0,0,0,0,0,0,0,0,0,0,0,0,0,0,0,0,0,0,0,0,511,0,0,0,0,0,0,0,0,0,0,0,0,0,0,0,0,0,0,0,0,0,29,645,0,0,0,0,0,0,0,0,0,0,0,0,0,0,0,0,0,0,330,0,0,0,0,0,0,0,0,3697,0,0,0,0,0,0,0,0,0,0,0,0,0,3380,0,0,0,0,0,686,3597,0,0,0,0,0,0,0,0,0,0,0,15282,0,7428,0,17599,0,0,0,0,0,0,0,0,0,0,0,0,0,0,0,0,0,0,0
BWM-DR08,0,0,0,0,0,0,0,0,0,0,0,0,0,0,0,0,0,0,0,0,0,0,0,0,0,0,0,0,0,0,0,0,0,0,0,0,0,0,0,0,0,0,84,0,0,0,0,0,0,0,0,0,0,0,0,0,0,0,0,0,0,0,0,0,0,0,0,0,0,0,0,0,0,0,0,0,0,0,0,0,0,0,0,0,0,1085,0,0,0,0,0,0,0,0,0,0,0,0,0,0,0,0,155,0,0,0,0,0,0,0,0,0,0,0,0,0,0,0,0,0,0,0,0,0,0,0,0,1924,0,0,0,0,0,0,0,0,0,0,0,0,0,0,0,0,0,0,0,0,0,0,6726,0,0,0,0,0,0,0,0,0,0,0,0,0,0,0,0,0,0,0,0,0,5104,0,33097,0,0,0,0,0,0,0,0,0,0,0,0,0,0,0,0,0,0
BWM-VL01,0,0,0,0,0,0,0,0,0,0,0,0,0,0,0,0,0,0,0,0,0,0,0,0,0,0,0,0,0,0,0,0,0,0,0,0,0,128,0,0,0,0,0,0,0,0,0,0,0,0,0,0,0,0,0,8,0,0,0,0,0,0,0,0,0,0,0,0,0,0,0,0,0,0,0,0,0,0,0,0,0,0,0,0,0,70,0,0,0,0,0,0,0,0,0,0,0,0,736,0,0,0,0,0,0,216,0,0,0,114,0,0,0,328,830,581,21,58,151,0,0,0,0,0,0,0,0,0,0,291,0,53,0,0,64,0,0,2946,0,0,0,0,0,0,0,0,0,0,0,0,0,753,0,0,0,0,0,0,0,0,0,0,0,0,0,0,0,0,0,0,0,0,0,0,0,0,0,0,531,11693,0,318,0,0,67,1174,0,544,0,0,0,0,0
BWM-VL02,0,0,0,0,0,0,18,0,0,0,0,0,0,0,0,0,0,0,0,0,0,0,0,0,0,0,0,0,0,0,0,0,0,0,0,69,0,0,0,1,0,0,0,0,0,0,0,0,0,1672,0,0,0,0,0,0,0,0,0,0,0,0,0,0,0,0,0,0,0,0,0,0,0,0,0,0,0,0,0,0,0,0,0,0,0,20,0,0,0,0,0,0,0,0,0,0,0,0,62,0,0,0,0,665,0,111,0,0,0,197,0,325,173,0,825,0,55,1029,2,0,0,0,0,0,0,0,0,0,0,91,0,0,0,0,0,0,0,1944,0,0,0,0,0,0,0,0,0,0,0,21,0,56,0,0,0,0,0,0,0,0,0,0,0,3975,0,162,0,0,0,0,0,0,0,0,0,0,0,531,0,0,12802,0,138,0,0,0,0,0,0,0,0,0,0
BWM-VL03,0,0,0,0,0,0,0,0,0,0,0,0,0,0,0,0,0,0,0,0,0,0,0,0,0,0,0,0,0,0,0,0,0,0,0,0,0,0,0,0,0,0,0,0,0,0,0,0,0,0,0,0,0,0,0,0,0,0,0,0,0,0,0,0,0,0,0,0,0,0,0,0,0,0,0,0,0,0,0,0,0,0,0,0,0,11,0,3,42,0,0,0,0,0,0,0,0,0,8,0,0,0,0,0,0,6,0,0,68,118,0,0,0,227,1312,74,0,0,499,0,0,0,0,0,0,0,0,0,0,450,0,30,0,1,543,0,0,0,0,0,0,0,0,0,0,0,0,0,0,0,0,1565,0,0,0,0,37,0,0,0,0,0,0,0,0,0,0,0,0,0,0,0,0,0,0,0,0,11693,0,0,0,25787,0,374,0,272,0,879,0,0,0,0,0
BWM-VL04,0,0,0,0,0,0,0,0,0,0,0,0,0,0,0,0,0,0,0,0,0,0,0,0,0,0,0,0,0,0,0,0,0,0,0,0,0,0,0,0,0,0,0,5,0,0,0,0,0,541,0,0,0,0,0,0,0,0,0,0,0,0,0,0,0,0,0,0,0,0,0,0,0,0,0,0,0,0,0,0,0,0,0,0,0,64,0,0,0,0,0,0,0,0,0,0,0,0,0,0,0,0,0,0,0,0,0,0,0,32,0,1836,526,0,1310,0,0,0,0,0,0,47,0,18,0,0,0,0,0,975,0,0,0,0,0,0,0,0,0,0,0,0,0,0,0,0,0,0,0,4,0,1665,0,0,0,0,0,0,0,0,48,0,0,155,0,0,0,0,0,0,0,0,0,0,0,0,0,0,12802,0,0,0,37881,0,4993,0,0,0,0,0,0,0,0
BWM-VL05,0,0,0,0,0,0,0,0,0,0,0,0,0,0,0,0,0,0,0,0,0,0,0,0,0,0,0,0,0,0,0,0,0,0,0,0,0,0,0,0,0,0,0,0,0,0,0,0,0,0,0,0,0,0,0,0,0,0,0,0,0,0,0,0,0,0,0,0,0,0,0,0,0,0,0,0,0,0,0,0,0,0,0,0,0,1,0,19,8,0,0,0,0,0,0,0,0,0,0,0,0,0,0,0,0,0,0,0,0,711,0,0,0,0,1214,0,0,0,422,0,0,0,0,0,0,0,0,0,0,889,0,0,0,0,1395,0,0,0,0,0,0,0,0,0,0,0,0,0,0,0,0,5166,0,0,0,0,749,46,1,0,0,0,0,0,0,0,0,0,0,0,0,0,0,0,0,0,0,318,0,25787,0,0,0,32306,0,0,0,0,0,0,0,0,0
BWM-VL06,0,0,0,0,0,0,0,0,0,0,0,0,0,0,0,0,0,0,0,0,0,0,0,0,0,0,0,0,0,0,0,0,0,0,0,0,0,0,0,0,0,0,0,973,0,0,0,0,0,0,0,0,0,0,0,0,0,0,0,0,0,0,0,0,0,0,0,0,0,0,0,0,0,0,0,0,0,0,0,0,0,0,0,0,0,43,0,0,6,0,0,0,0,0,0,0,0,0,0,0,0,0,0,0,0,0,0,0,0,0,0,2072,1681,0,396,0,0,0,0,0,0,702,0,1467,0,0,0,0,0,3364,0,0,0,0,1,0,0,0,0,0,0,0,0,0,0,0,0,0,0,0,0,4251,0,0,0,0,45,0,0,0,300,0,0,0,0,0,0,0,0,0,0,0,0,0,0,0,0,0,138,0,37881,0,0,0,17922,0,0,0,0,0,0,0,0
BWM-VL07,0,0,0,0,0,0,0,0,0,0,0,0,0,0,0,0,0,0,0,0,0,0,0,0,0,0,0,0,0,0,0,0,0,0,0,0,0,0,0,0,0,0,0,0,0,0,0,0,0,0,0,0,0,0,0,0,0,0,0,0,0,0,0,0,0,0,0,0,0,0,0,0,0,0,0,0,0,0,0,0,0,0,0,0,0,0,0,0,0,0,0,0,0,0,0,0,0,0,0,0,0,0,0,0,0,0,0,0,0,0,0,0,0,0,69,0,0,0,0,0,0,795,0,0,0,0,0,0,0,3847,0,0,0,0,0,0,0,0,0,0,0,0,0,0,0,0,0,0,0,0,0,2014,0,0,0,0,4322,0,0,0,0,0,0,0,0,0,0,0,0,0,0,0,0,0,0,0,0,0,0,374,0,32306,0,0,0,0,0,0,0,0,0,0,0
BWM-VL08,0,0,0,0,0,0,0,0,0,0,0,0,0,0,0,0,0,0,0,0,0,0,0,0,0,0,0,0,0,0,0,0,0,0,0,0,0,0,0,0,0,0,0,0,0,0,0,0,0,0,0,0,0,0,0,0,0,0,0,0,0,0,0,0,0,0,0,0,0,0,0,0,0,0,0,0,0,0,0,0,0,0,0,0,0,12,0,0,0,0,0,0,0,0,0,0,0,0,0,0,0,0,0,0,0,0,0,0,0,0,0,0,0,0,0,0,0,0,0,0,0,0,0,0,0,0,0,0,0,426,0,0,0,0,0,0,0,0,0,0,0,0,0,0,0,0,0,0,0,0,0,8797,0,0,0,0,0,0,0,0,0,0,0,0,0,0,0,0,0,0,0,0,0,0,0,0,0,67,0,0,4993,0,17922,0,0,0,0,0,0,0,0,0,0
BWM-VR01,0,0,0,0,0,0,0,0,0,0,0,0,0,0,0,0,0,0,0,0,0,0,0,0,0,0,0,0,0,0,0,0,0,0,0,0,0,0,85,0,0,0,0,0,3,0,0,0,0,0,0,0,0,0,0,0,8,0,0,0,0,0,0,0,0,0,0,0,0,0,0,0,0,0,0,0,0,0,0,0,0,0,0,0,0,15,0,83,0,0,0,0,0,0,0,0,0,0,0,862,0,0,0,0,0,0,246,5,11,0,162,0,0,593,258,333,286,17,120,0,0,0,0,0,0,0,0,0,0,0,378,0,41,280,29,0,0,0,2943,0,0,0,0,0,0,0,0,0,0,0,0,0,1005,0,0,0,0,0,0,0,0,0,0,0,0,0,0,0,0,0,0,0,0,0,0,0,0,1174,0,272,0,0,0,0,0,0,278,10042,0,190,0,178,1045
BWM-VR02,0,0,0,0,0,0,0,0,0,0,0,0,0,0,0,0,0,0,0,0,0,0,0,0,0,0,0,0,0,0,0,0,0,0,0,0,188,0,0,0,76,0,0,0,7,0,0,0,0,0,1644,0,0,0,0,0,0,0,0,0,0,0,0,0,0,0,0,0,0,0,0,0,0,0,0,0,0,0,0,0,23,0,0,0,0,64,0,0,0,0,0,0,0,0,0,0,0,0,0,85,0,0,0,0,485,0,272,0,0,0,148,306,384,772,0,0,1443,50,7,0,0,0,100,0,0,0,0,0,0,0,2,0,0,0,0,0,0,0,1489,0,0,0,0,0,0,0,0,0,0,0,5,0,183,0,0,0,0,58,0,0,0,0,0,0,0,0,0,0,0,0,3405,0,71,0,0,0,0,0,0,0,0,0,0,0,0,278,0,0,9198,0,33,0,0
BWM-VR03,0,0,0,0,0,0,0,0,0,0,0,0,0,0,0,0,0,0,0,0,0,0,0,0,0,0,0,0,0,0,0,0,0,0,0,0,0,0,0,0,0,0,0,0,0,0,0,0,0,0,0,0,0,0,0,0,30,0,0,0,0,0,0,0,0,0,0,0,0,0,0,0,0,0,0,0,0,0,0,0,0,0,0,0,0,28,0,50,3,0,0,0,0,0,0,0,0,0,0,7,0,0,0,0,0,0,21,2,46,0,211,0,0,1145,528,79,0,0,339,0,0,0,8,0,0,0,0,0,0,0,539,0,11,389,54,0,0,0,0,0,0,0,0,0,0,0,0,0,0,0,0,0,1792,0,0,0,150,42,0,0,0,0,0,0,0,0,0,0,0,0,0,0,0,0,0,0,0,544,0,879,0,0,0,0,0,10042,0,0,0,16811,0,4455,0
BWM-VR04,0,0,0,0,0,0,0,0,0,0,0,0,0,0,0,0,0,0,0,0,0,0,0,0,0,0,0,0,0,0,0,0,0,0,0,0,0,0,0,0,0,0,0,0,69,0,0,0,0,0,108,0,0,0,0,0,0,0,0,0,0,0,0,0,0,0,0,0,0,0,0,0,0,0,0,0,0,0,0,0,9,0,0,0,0,215,0,68,0,0,0,0,0,0,0,0,95,0,0,0,0,0,0,0,0,0,13,0,0,0,22,559,1310,1571,0,0,0,1,0,0,0,0,145,0,177,0,0,0,18,0,847,0,20,64,0,0,0,0,1,0,0,0,0,0,0,0,0,0,0,0,0,0,732,0,0,0,0,197,0,0,0,255,0,0,0,0,0,0,0,0,0,0,0,0,0,0,0,0,0,0,0,0,0,0,0,0,9198,0,0,0,22576,0,3
BWM-VR05,0,0,0,0,0,0,0,0,0,0,0,0,0,0,0,0,0,0,0,0,0,0,0,0,0,0,0,0,0,0,0,0,0,0,0,0,0,0,0,0,0,0,0,0,0,0,0,0,0,0,0,0,0,0,0,0,6,0,0,0,0,0,0,0,0,0,0,0,0,0,0,0,0,0,0,0,0,0,0,0,0,0,0,0,0,0,0,19,2,0,0,0,0,0,0,0,0,0,0,0,0,0,0,0,0,0,0,0,0,0,1120,19,0,1381,661,0,0,0,636,0,0,0,158,0,0,0,0,0,0,0,283,0,0,0,0,0,0,0,0,0,0,0,0,0,0,0,0,0,0,0,0,0,4325,0,0,0,390,174,0,0,0,0,0,0,0,0,0,0,0,0,0,0,0,0,0,0,0,0,0,0,0,0,0,0,0,190,0,16811,0,0,0,19496,0
BWM-VR06,0,0,0,0,0,0,0,0,0,0,0,0,0,0,0,0,0,0,0,0,0,0,0,0,0,0,0,0,0,0,0,0,0,0,0,0,0,0,0,0,0,0,0,0,1869,0,0,0,0,0,168,0,0,0,0,0,0,0,0,0,0,0,0,0,0,0,0,0,0,0,0,0,0,0,0,0,0,0,0,0,0,0,0,0,0,494,0,120,0,0,0,0,0,0,0,0,54,0,0,0,0,0,0,0,0,0,0,0,0,0,0,1445,2765,405,0,0,0,0,0,0,0,0,700,0,937,0,0,0,133,0,1537,0,0,18,0,0,0,0,0,0,0,0,0,0,0,0,0,0,0,0,0,0,1528,0,0,0,0,494,0,0,0,2086,0,0,0,0,0,0,0,0,0,0,0,0,0,0,0,0,0,0,0,0,0,0,0,0,33,0,22576,0,0,0,10553
BWM-VR07,0,0,0,0,0,0,0,0,0,0,0,0,0,0,0,0,0,0,0,0,0,0,0,0,0,0,0,0,0,0,0,0,0,0,0,0,0,0,0,0,0,0,0,0,0,0,49,0,0,0,0,0,0,0,0,0,0,0,0,0,0,0,0,0,0,0,0,0,0,0,0,0,0,0,0,0,0,0,0,0,0,0,0,0,0,0,0,77,0,0,0,0,0,0,0,0,0,0,0,0,0,0,0,0,0,0,0,1022,0,0,0,1440,0,121,0,0,0,0,0,0,0,0,655,0,0,0,0,0,0,0,2362,0,0,0,0,0,0,0,0,0,0,0,0,0,0,0,0,0,0,0,0,0,1385,0,0,0,139,91,0,0,0,0,0,0,0,0,0,0,0,0,0,0,0,0,0,0,0,0,0,0,0,0,0,0,0,178,0,4455,0,19496,0,0,0
BWM-VR08,0,0,0,0,0,0,0,0,0,0,0,0,0,0,0,0,0,0,0,0,0,0,0,0,0,0,0,0,0,0,0,0,0,0,0,0,0,0,49,0,0,0,0,0,4365,0,0,0,0,0,0,0,0,0,0,0,0,0,0,0,0,0,0,0,0,0,0,0,0,0,0,0,0,0,0,0,0,0,0,0,0,0,0,0,0,515,0,0,0,0,0,0,0,0,0,0,0,0,0,0,0,0,0,0,0,0,0,0,0,0,0,0,0,25,0,0,0,0,0,0,0,0,0,0,0,0,0,0,0,0,1607,0,0,0,0,0,0,0,1850,0,0,0,0,0,0,0,0,0,0,0,0,0,5793,0,0,0,0,0,0,0,0,0,0,0,0,0,0,0,0,0,0,0,0,0,0,0,0,0,0,0,0,0,0,0,0,1045,0,0,3,0,10553,0,0
