neuron,ADFL,ADFR,ADLL,ADLR,AFDL,AFDR,ALML,ALMR,ASEL,ASER,ASGL,ASGR,ASHL,ASHR,ASIL,ASIR,ASJL,ASJR,ASKL,ASKR,AUAL,AUAR,AWAL,AWAR,AWBL,AWBR,AWCL,AWCR,BAGL,BAGR,DVA,FLPL,FLPR,IL2DL,IL2DR,IL2L,IL2R,IL2VL,IL2VR,OLLL,OLLR,OLQDL,OLQDR,OLQVL,OLQVR,SAADL,SAADR,SAAVL,SAAVR,URBL,URBR,URXL,URXR,URYDL,URYDR,URYVL,URYVR,ADAL,ADAR,AIAL,AIAR,AIBL,AIBR,AINL,AINR,AIYL,AIYR,AIZL,AIZR,AVAL,AVAR,AVBL,AVBR,AVDL,AVDR,AVEL,AVER,AVJL,AVJR,BDUL,BDUR,PVCL,PVCR,PVPL,PVPR,PVR,PVT,RIAL,RIAR,RIBL,RIBR,RIFL,RIFR,RIGL,RIGR,RIH,RIML,RIMR,RIPL,RIPR,RIR,IL1DL,IL1DR,IL1L,IL1R,IL1VL,IL1VR,RIVL,RIVR,RMDDL,RMDDR,RMDL,RMDR,RMDVL,RMDVR,RMED,RMEL,RMER,RMEV,SIADL,SIADR,SIAVL,SIAVR,SIBDL,SIBDR,SIBVL,SIBVR,SMBDL,SMBDR,SMBVL,SMBVR,SMDDL,SMDDR,SMDVL,SMDVR,URADL,URADR,URAVL,URAVR,ADEL,ADER,AIML,AIMR,ALA,AVHL,AVHR,AVKL,AVKR,AVL,CEPDL,CEPDR,CEPVL,CEPVR,DVC,PVQL,PVQR,RICL,RICR,RID,RIS,RMGL,RMGR,BWM-DL01,BWM-DL02,BWM-DL03,BWM-DL04,BWM-DL05,BWM-DL06,BWM-DL07,BWM-DL08,BWM-DR01,BWM-DR02,BWM-DR03,BWM-DR04,BWM-DR05,BWM-DR06,BWM-DR07,BWM-DR08,BWM-VL01,BWM-VL02,BWM-VL03,BWM-VL04,BWM-VL05,BWM-VL06,BWM-VL07,BWM-VL08,BWM-VR01,BWM-VR02,BWM-VR03,BWM-VR04,BWM-VR05,BWM-VR06,BWM-VR07,BWM-VR08
ADFL,0,233,0,0,1782,0,0,0,886,133,33,0,1487,0,56,0,13,0,9,0,1696,128,2669,0,4013,295,41,111,0,69,258,0,0,0,0,0,0,0,0,0,0,0,0,39,0,0,0,0,0,0,0,1916,0,0,0,30,0,108,0,533,0,230,134,1,92,2075,26,2602,7,17,0,445,4,29,8,16,0,0,1,0,0,59,0,529,37,0,0,379,0,314,0,145,0,16,0,54,42,0,0,0,2113,5,0,0,0,0,0,0,0,0,0,0,0,0,0,0,0,0,4,32,0,414,0,410,0,76,0,464,0,1068,0,0,1,0,0,0,0,0,0,0,0,0,0,0,10,2618,0,0,0,0,0,0,0,0,36,0,0,0,13,0,0,0,0,0,0,0,0,0,0,0,0,0,0,0,0,0,0,0,0,0,0,0,0,0,0,0,0,0,0,0,0,0,0,0
ADFR,233,0,0,1,0,2707,0,0,352,1165,0,25,106,961,0,211,0,0,0,0,0,2607,0,2418,0,3606,109,70,232,0,112,0,0,0,0,0,0,0,0,0,0,0,0,0,175,0,0,0,0,0,0,0,2291,0,4,0,229,0,33,0,809,5,186,415,0,0,2127,20,2636,0,0,20,471,0,0,0,3,21,0,0,0,0,0,0,268,0,0,0,361,0,297,0,55,0,18,79,0,50,0,0,1890,0,7,0,0,0,0,0,0,0,0,0,0,0,0,0,0,0,0,0,5,0,422,0,101,0,193,0,434,0,1152,0,0,0,0,0,0,0,0,0,0,0,30,0,2207,0,0,0,0,0,0,0,16,0,0,25,0,0,0,10,0,0,0,0,0,0,0,0,0,0,0,0,0,0,0,0,0,0,0,0,0,0,0,0,0,0,0,0,0,0,0,0,0,0
ADLL,0,0,0,391,0,0,244,0,844,10,57,0,914,0,1343,0,413,0,4072,360,0,0,1846,0,1197,0,1981,141,0,0,0,0,0,102,0,395,0,0,0,188,0,78,0,170,0,0,0,0,0,91,0,77,0,48,0,319,0,385,0,981,122,886,0,0,0,22,0,48,0,90,0,92,0,359,534,0,0,444,419,0,0,318,0,54,0,0,0,0,0,0,0,0,0,0,0,0,0,0,0,0,0,57,0,291,0,0,0,0,0,0,9,0,0,0,0,0,0,0,0,0,94,0,0,0,52,3,24,0,1,908,0,0,30,0,0,32,0,0,0,0,0,2,0,2934,129,285,0,0,0,102,0,0,0,0,1183,0,0,0,105,0,448,0,0,0,0,0,0,0,0,0,0,0,0,0,0,0,0,0,0,0,0,0,0,0,0,0,0,0,0,0,0,0,0,0
ADLR,0,1,391,0,0,2,0,112,32,1041,0,134,0,944,0,511,0,562,0,3451,0,0,0,2202,0,1522,560,1401,1,0,34,0,0,0,44,0,82,0,0,0,115,0,157,0,224,2,0,0,0,0,11,0,32,0,60,0,142,0,340,0,917,0,1017,0,0,0,107,0,86,0,3,134,162,413,267,0,0,601,366,0,1,0,1056,0,481,0,0,0,0,0,0,0,20,0,0,0,0,0,0,0,0,0,125,0,51,0,0,0,0,0,0,0,0,0,0,0,0,0,0,54,0,0,0,149,0,0,0,0,0,0,1218,3,0,0,0,0,59,0,0,0,0,0,16,2793,321,216,0,0,0,0,0,0,38,0,0,1088,0,0,0,0,0,158,0,0,0,0,0,0,0,0,0,0,0,0,0,0,0,0,0,0,0,0,0,0,0,0,0,0,0,0,0,0,0,0
AFDL,1782,0,0,0,0,352,0,0,43,2071,64,0,0,0,408,0,0,0,32,0,3994,0,289,0,674,0,727,1191,14,282,5,0,0,171,0,78,0,0,0,22,0,82,0,0,0,0,0,30,104,5,0,932,0,4,0,0,0,0,0,25,0,426,8,525,4353,4124,60,772,0,67,0,0,0,0,0,0,0,0,0,0,0,0,0,0,0,0,0,89,0,90,9,0,0,0,0,3,1,0,0,0,162,125,0,19,0,0,0,8,0,0,0,0,0,0,0,0,0,0,6,0,0,0,0,342,0,0,0,0,0,0,0,0,0,0,0,3,0,0,0,0,0,0,0,0,0,82,0,0,0,65,0,111,0,0,0,0,0,0,0,0,0,0,0,0,0,0,0,0,0,0,0,0,0,0,0,0,0,0,0,0,0,0,0,0,0,0,0,0,0,0,0,0,0,0
AFDR,0,2707,0,2,352,0,0,0,2008,220,0,28,0,0,0,685,0,0,0,12,75,3977,0,62,0,385,327,395,1886,2,4,0,0,0,43,0,3,0,0,0,0,0,41,0,0,0,0,0,5,0,0,0,497,0,91,0,0,0,0,0,56,0,299,3739,898,93,4324,0,941,0,11,0,0,0,0,0,0,0,0,0,0,0,0,0,0,0,0,0,38,0,266,0,0,0,0,0,0,1,0,0,131,0,131,0,8,0,0,0,15,0,0,0,0,0,0,0,0,0,0,0,0,0,0,0,230,0,0,0,0,0,17,0,0,0,4,0,30,0,0,0,0,0,0,0,233,0,0,0,0,0,3,0,40,0,0,0,0,0,0,0,0,0,0,0,0,0,0,0,0,0,0,0,0,0,0,0,0,0,0,0,0,0,0,0,0,0,0,0,0,0,0,0,0,0
ALML,0,0,244,0,0,0,0,0,2,0,0,0,212,0,13,0,325,0,57,0,0,0,231,0,0,0,0,0,0,0,0,0,0,166,0,515,0,0,0,4,0,0,0,47,0,0,1134,0,0,1720,0,1643,0,0,0,314,0,1061,0,0,0,0,0,316,0,0,0,0,0,68,0,634,0,1771,981,201,0,1166,109,4097,0,565,0,0,0,3358,0,0,0,0,0,2071,0,0,0,0,0,0,0,0,0,4,0,148,0,0,0,0,0,0,101,0,0,0,0,0,0,0,0,0,503,0,0,21,1369,62,282,0,987,3,0,0,117,0,0,0,0,0,0,0,0,2027,0,304,1331,0,0,0,0,1797,0,1497,0,0,4,0,0,203,249,0,891,0,0,10,0,126,0,0,0,0,0,0,0,0,0,0,0,0,0,0,0,3,0,0,0,0,0,0,0,0,0,0,0,0
ALMR,0,0,0,112,0,0,0,0,0,103,0,0,0,260,0,0,0,431,0,53,0,0,0,482,0,618,0,0,0,0,79,0,0,0,0,0,362,0,0,0,111,0,0,0,134,1123,0,0,0,0,1662,0,1018,0,140,0,2,0,2459,0,37,0,1,0,37,0,0,0,0,0,0,158,735,1161,1344,0,444,453,758,0,5622,0,2671,0,20,3384,0,0,0,0,0,0,1241,0,0,0,0,0,0,0,0,0,19,0,589,0,0,0,158,356,0,0,3,0,0,0,0,0,0,920,0,0,6,974,69,513,40,1093,0,0,184,138,0,0,0,0,0,0,0,0,0,0,985,377,0,1151,0,0,0,0,975,0,1023,0,0,86,229,59,0,4,0,583,0,0,0,0,0,0,0,0,0,5,0,307,0,249,0,0,0,0,0,0,0,0,0,0,0,0,0,0,0,0,0,0
ASEL,886,352,844,32,43,2008,2,0,0,162,1112,0,1200,0,962,1299,503,0,771,7,9,231,4559,0,3542,75,1561,606,2,0,0,0,0,3,26,28,73,0,0,0,34,8,27,0,0,0,0,0,56,0,0,228,9,46,61,0,0,4,0,940,719,1493,274,976,43,1264,1239,498,652,6,3,17,0,2,8,0,0,0,33,0,0,86,0,30,0,0,0,0,4,5,0,324,0,0,0,0,1,0,0,0,84,31,81,0,12,0,0,0,3,0,0,0,0,0,0,0,0,0,0,0,3,0,0,0,0,0,0,0,0,117,0,0,1,0,0,0,25,0,0,0,0,167,0,209,15,171,0,0,0,0,0,1,0,0,827,0,0,0,2,0,60,0,0,0,0,0,0,0,0,0,0,0,0,0,0,0,0,0,0,0,0,0,0,0,0,0,0,0,0,0,0,0,0,0
ASER,133,1165,10,1041,2071,220,0,103,162,0,0,1157,0,754,590,850,0,465,0,820,158,166,10,4284,74,2855,420,2023,78,142,0,0,0,86,0,54,19,0,0,24,8,45,28,0,0,0,0,48,0,1,4,25,81,14,36,0,0,0,1,382,823,127,1389,108,1193,1114,1596,476,536,27,0,0,8,15,0,0,0,1,0,0,0,0,2,0,84,0,0,25,0,0,9,0,140,0,0,0,0,4,0,0,16,81,24,22,8,0,0,1,0,0,0,0,0,0,0,0,0,0,0,12,0,0,0,3,0,0,0,0,0,0,72,6,0,0,0,24,15,0,0,0,0,0,102,270,233,0,0,0,0,40,0,0,53,0,0,365,0,0,0,0,0,5,0,0,0,0,0,0,0,0,0,0,0,0,0,0,0,0,0,0,0,0,0,0,0,0,0,0,0,0,0,0,0,0
ASGL,33,0,57,0,64,0,0,0,1112,0,0,0,105,0,2877,0,1105,0,178,0,0,0,859,0,62,0,1682,581,0,0,0,0,0,0,0,0,0,0,0,0,0,0,0,0,0,0,0,0,195,0,0,0,0,0,0,0,0,0,0,3918,0,883,0,256,439,233,0,277,0,0,0,0,0,0,0,0,0,0,0,0,0,0,0,0,0,0,0,0,0,0,0,0,0,0,0,0,0,0,0,0,0,0,0,0,0,0,0,0,0,0,0,0,0,0,0,0,0,0,0,0,0,0,0,0,0,0,13,0,0,0,0,0,0,0,0,0,0,0,0,0,0,4463,0,0,0,0,0,0,0,0,0,222,0,0,142,0,190,0,693,0,0,0,0,0,0,0,0,0,0,0,0,0,0,0,0,0,0,0,0,0,0,0,0,0,0,0,0,0,0,0,0,0,0,0
ASGR,0,25,0,134,0,28,0,0,0,1157,0,0,0,217,0,2220,0,1542,0,641,0,0,0,328,0,116,276,1509,89,0,0,0,0,0,0,0,0,0,0,0,0,0,0,0,0,0,0,242,0,0,0,0,0,0,0,0,0,0,11,0,4427,0,796,564,291,0,348,0,312,0,0,0,0,0,0,0,0,0,0,0,57,0,0,0,0,2,0,0,0,0,0,0,104,0,0,0,0,0,0,0,0,0,0,0,0,0,0,0,0,0,0,0,0,0,0,0,0,0,0,0,0,0,0,0,0,13,0,0,0,0,19,0,0,0,0,0,0,0,0,0,0,0,4301,0,0,0,0,0,0,0,0,0,115,0,0,328,0,158,0,0,0,55,0,0,0,0,0,0,0,0,0,0,0,0,0,0,0,0,0,0,0,0,0,0,0,0,0,0,0,0,0,0,0,0
ASHL,1487,106,914,0,0,0,212,0,1200,0,105,0,0,196,35,0,496,0,915,0,19,7,3762,98,1725,463,33,0,0,2,58,0,0,39,0,9,0,0,0,0,0,113,0,8,0,0,0,0,0,0,0,782,0,129,0,7,0,1976,0,878,0,703,0,0,0,118,0,571,4,236,0,2400,590,322,400,39,0,340,1086,101,0,810,0,443,95,32,0,103,0,20,0,2906,123,0,0,0,212,0,0,0,177,108,0,0,0,0,0,0,0,0,8,0,0,0,0,0,0,0,138,0,108,254,0,46,113,63,7,0,4,1031,0,0,59,0,0,49,0,0,0,0,0,1038,8,37,764,1320,0,0,0,42,0,41,0,0,916,135,28,0,543,19,470,0,0,0,0,0,0,0,0,0,0,0,0,0,0,0,0,0,0,0,0,0,0,0,0,0,0,0,0,0,0,0,0,0
ASHR,0,961,0,944,0,0,0,260,0,754,0,217,196,0,0,98,0,287,0,704,0,2,5,3981,0,2128,5,9,18,0,70,0,0,0,60,0,55,0,0,0,0,0,119,0,14,6,0,0,0,0,1,0,680,0,101,0,0,0,2457,0,1053,0,682,0,0,0,144,0,495,0,287,294,2642,474,184,0,1,964,245,0,261,0,983,0,1146,0,0,0,150,0,0,0,2486,0,0,0,0,311,0,0,157,0,51,0,0,0,0,1,6,0,0,0,0,0,0,0,0,0,0,14,0,0,177,21,59,96,203,2,21,0,1018,1,0,0,0,0,51,0,0,0,0,8,780,84,2228,445,0,0,0,0,3,0,189,0,0,1355,29,100,0,116,0,384,0,0,0,0,0,0,0,0,0,0,0,0,0,0,0,0,0,0,0,0,0,0,0,0,0,0,0,0,0,0,0,0
ASIL,56,0,1343,0,408,0,13,0,962,590,2877,0,35,0,0,528,407,0,1083,0,78,0,834,0,1223,0,4215,2079,0,0,0,0,0,74,0,64,0,0,0,42,0,38,0,0,0,0,0,58,31,1,0,64,0,31,0,0,0,0,0,2093,13,647,0,123,135,1074,0,126,0,3,0,0,0,4,0,0,0,255,0,0,0,0,0,0,0,0,0,37,0,114,0,11,0,0,0,0,27,0,0,0,0,27,0,97,0,0,0,0,0,0,0,0,0,0,0,0,0,0,0,0,0,0,0,25,0,0,0,0,0,0,0,0,0,0,0,40,0,0,0,0,0,87,0,379,162,0,0,0,0,237,0,191,0,0,8,0,0,0,0,0,0,0,0,0,0,0,0,0,0,0,0,0,0,0,0,0,0,0,0,0,0,0,0,0,0,0,0,0,0,0,0,0,0,0
ASIR,0,211,0,511,0,685,0,0,1299,850,0,2220,0,98,528,0,0,472,0,685,0,24,0,513,0,801,2237,2919,1441,0,0,0,0,0,121,0,102,0,0,0,35,0,181,0,0,0,0,52,2,0,6,0,0,0,36,0,0,0,0,10,809,0,303,412,45,62,1170,0,54,0,0,0,0,0,0,0,0,0,34,0,0,0,0,0,0,0,0,0,0,0,137,0,2,0,0,0,0,29,0,0,0,0,39,0,66,0,0,0,0,0,0,0,0,0,0,0,0,0,0,0,0,0,0,0,15,0,0,0,0,0,21,0,0,0,0,0,61,0,0,0,0,0,111,0,0,0,0,0,0,0,0,0,208,0,0,0,0,0,0,0,0,0,0,0,0,0,0,0,0,0,0,0,0,0,0,0,0,0,0,0,0,0,0,0,0,0,0,0,0,0,0,0,0,0
ASJL,13,0,413,0,0,0,325,0,503,0,1105,0,496,0,407,0,0,774,4057,10,36,0,594,0,404,0,100,0,0,0,0,0,0,134,0,169,0,0,0,115,0,204,0,0,0,0,5,0,70,38,0,187,0,78,0,0,0,30,0,1631,0,111,0,116,0,0,0,0,0,0,0,0,0,160,1,168,0,66,0,8,0,2,0,0,0,1,0,0,0,21,0,407,0,0,0,0,8,0,0,0,0,102,0,277,0,0,0,0,0,0,26,0,0,0,0,0,0,0,0,0,150,0,0,0,84,0,5,0,53,276,0,0,34,0,0,75,0,0,0,0,0,4752,118,1532,118,0,0,0,0,22,0,174,0,0,4630,439,0,0,0,0,752,0,0,0,0,0,0,0,0,0,0,0,0,0,0,0,0,0,0,0,0,0,0,0,0,0,0,0,0,0,0,0,0,0
ASJR,0,0,0,562,0,0,0,431,0,465,0,1542,0,287,0,472,774,0,108,4495,0,3,0,624,0,225,0,12,0,0,0,0,0,0,73,0,253,0,0,0,98,0,89,0,0,18,0,97,0,0,195,0,193,0,69,0,0,0,31,0,1476,0,32,0,60,0,0,0,4,0,0,0,9,0,119,0,130,0,76,0,10,0,0,0,0,0,0,0,0,0,44,0,318,0,0,0,0,3,0,0,0,0,206,0,292,0,0,0,0,33,0,0,0,0,0,0,0,0,0,79,0,0,0,120,0,0,0,10,0,0,395,40,0,0,0,0,38,0,0,0,0,46,4386,2393,0,254,0,0,0,0,25,0,142,0,0,4960,0,0,0,0,0,518,0,0,0,0,0,0,0,0,0,0,0,0,0,0,0,0,0,0,0,0,0,0,0,0,0,0,0,0,0,0,0,0
ASKL,9,0,4072,0,32,0,57,0,771,0,178,0,915,0,1083,0,4057,108,0,699,0,0,167,5,215,0,869,19,0,0,0,0,0,69,0,113,0,0,0,3,0,25,0,0,0,0,0,0,96,0,0,150,0,65,0,0,0,454,0,3966,268,1037,0,308,0,0,0,5,0,0,0,21,0,103,11,0,0,72,64,35,0,6,0,0,0,0,0,0,0,2,0,1757,0,0,0,0,7,0,0,0,0,90,0,32,0,0,0,0,0,0,0,0,0,0,0,0,0,0,0,0,3,0,0,42,4,0,0,0,0,124,0,0,0,0,0,28,0,0,0,0,0,849,0,1780,17,0,0,0,0,18,0,59,0,0,4825,419,0,0,0,0,931,0,0,0,0,0,0,0,0,0,0,0,0,0,0,0,0,0,0,0,0,0,0,0,0,0,0,0,0,0,0,0,0,0
ASKR,0,0,360,3451,0,12,0,53,7,820,0,641,0,704,0,685,10,4495,699,0,0,0,0,1002,0,211,0,334,0,0,0,0,0,0,8,0,165,0,0,0,60,0,106,0,0,0,0,42,0,0,28,0,30,0,76,0,0,0,400,0,4304,0,1275,0,322,0,0,0,8,0,0,0,188,1,15,0,0,143,25,0,96,0,32,0,0,0,0,0,0,0,16,0,2074,0,0,0,0,3,0,0,0,0,44,0,176,0,0,0,0,20,0,0,0,0,0,0,0,0,0,247,0,0,0,115,16,0,0,0,0,0,95,24,0,0,0,0,54,0,0,0,0,0,897,2325,0,4,0,0,0,0,0,0,120,0,0,4063,0,0,0,0,0,621,0,0,0,0,0,0,0,0,0,0,0,0,0,0,0,0,0,0,0,0,0,0,0,0,0,0,0,0,0,0,0,0
AUAL,1696,0,0,0,3994,75,0,0,9,158,0,0,19,0,78,0,36,0,0,0,0,87,29,0,176,3,7,133,147,501,124,0,0,150,0,75,0,0,0,14,0,105,0,92,0,0,0,14,0,14,0,2380,0,9,0,130,0,0,0,0,0,48,83,654,2678,2029,25,391,0,276,0,164,11,109,80,517,0,0,0,0,0,0,0,4,0,0,0,602,0,1790,161,0,0,0,0,49,164,0,0,0,335,179,0,42,0,0,0,82,0,0,0,0,0,0,0,0,0,0,277,0,0,0,0,198,0,0,0,0,0,0,0,0,0,7,0,36,0,0,0,0,0,0,0,0,0,0,0,0,0,143,0,164,0,0,0,0,0,0,71,32,0,0,0,0,0,0,0,0,0,0,0,0,0,0,0,0,0,0,0,0,0,0,0,0,0,0,0,0,0,0,0,0,0,0
AUAR,128,2607,0,0,0,3977,0,0,231,166,0,0,7,2,0,24,0,3,0,0,87,0,0,58,0,249,38,7,370,133,85,0,0,0,202,0,66,0,0,0,57,0,50,0,53,15,0,0,44,0,43,0,2549,0,24,0,3,8,0,0,14,104,25,2929,733,0,2100,86,562,0,323,0,131,344,78,0,714,4,0,0,0,0,0,0,0,0,0,0,563,0,1800,0,0,0,37,0,0,196,0,0,547,0,201,0,40,0,0,0,31,0,0,0,0,0,0,0,0,0,0,0,0,0,0,0,115,0,0,0,0,0,1,0,0,0,18,0,1,0,0,0,0,0,0,0,61,0,0,0,0,0,130,0,169,0,0,0,0,0,0,93,0,0,0,0,0,0,0,0,0,0,0,0,0,0,0,0,0,0,0,0,0,0,0,0,0,0,0,0,0,0,0,0,0,0
AWAL,2669,0,1846,0,289,0,231,0,4559,10,859,0,3762,5,834,0,594,0,167,0,29,0,0,408,7304,660,381,196,0,1,2,0,0,0,0,220,0,0,0,10,0,0,0,1,0,0,0,0,4,0,0,737,0,0,0,24,0,121,0,1069,0,804,0,0,4,945,0,1111,0,11,0,283,0,22,7,5,0,0,57,0,0,74,0,276,0,0,0,6,0,209,0,790,0,0,0,0,7,0,0,0,40,0,0,0,0,0,0,0,0,0,0,0,0,0,0,0,0,0,0,0,43,71,0,12,12,0,2,3,0,429,0,0,47,0,0,0,0,0,0,0,0,675,0,62,35,1187,0,0,0,0,0,0,0,0,1154,392,4,0,93,0,676,0,0,0,0,0,0,0,0,0,0,0,0,0,0,0,0,0,0,0,0,0,0,0,0,0,0,0,0,0,0,0,0,0
AWAR,0,2418,0,2202,0,62,0,482,0,4284,0,328,98,3981,0,513,0,624,5,1002,0,58,408,0,0,8212,26,202,132,0,99,0,0,0,0,0,107,0,0,0,31,0,37,0,30,0,0,0,0,0,2,0,226,0,38,0,80,0,44,253,815,1,544,0,0,0,927,0,1419,0,0,1,314,19,0,0,10,1,0,0,0,0,32,0,324,0,0,0,37,0,48,0,167,0,0,0,0,13,0,0,3,0,8,0,16,0,0,0,0,0,0,0,0,0,0,0,0,0,0,27,0,0,453,28,60,0,224,0,13,0,766,8,0,0,0,0,4,0,0,0,0,0,655,759,1387,161,0,0,0,0,0,0,32,0,0,2367,0,6,0,0,0,208,0,0,0,0,0,0,0,0,0,0,0,0,0,0,0,0,0,0,0,0,0,0,0,0,0,0,0,0,0,0,0,0
AWBL,4013,0,1197,0,674,0,0,0,3542,74,62,0,1725,0,1223,0,404,0,215,0,176,0,7304,0,0,746,621,58,0,6,7,0,0,0,0,13,0,0,0,0,0,0,0,182,0,0,0,0,29,0,0,1608,0,0,0,137,0,466,0,946,0,504,130,0,0,1455,18,1588,0,226,0,133,78,0,32,0,0,0,101,0,0,304,0,994,0,0,0,16,0,587,0,871,0,2,0,0,37,0,0,0,526,3,0,0,0,0,0,0,0,0,1,0,0,0,0,0,0,0,0,0,82,6,0,77,0,0,0,2,0,341,0,0,20,0,0,0,0,0,0,0,0,38,0,86,36,3863,0,0,0,0,0,0,0,0,201,0,0,0,0,0,195,0,0,0,0,0,0,0,0,0,0,0,0,0,0,0,0,0,0,0,0,0,0,0,0,0,0,0,0,0,0,0,0,0
AWBR,295,3606,0,1522,0,385,0,618,75,2855,0,116,463,2128,0,801,0,225,0,211,3,249,660,8212,746,0,15,304,52,0,73,0,0,0,0,0,27,0,0,0,0,0,39,0,147,0,0,0,0,0,0,0,948,0,69,0,183,0,360,133,710,261,302,0,0,35,1283,0,1481,0,52,108,192,44,0,0,77,304,5,0,0,0,580,79,774,0,0,0,0,0,451,177,509,0,0,0,0,68,0,0,292,0,18,0,0,0,0,0,0,0,0,0,0,0,0,0,0,0,0,2,0,0,22,0,30,0,0,0,9,0,947,0,0,0,0,0,15,0,0,0,0,0,204,61,3338,61,0,0,0,0,0,0,5,0,0,300,0,0,0,0,0,774,0,0,0,0,0,0,0,0,0,0,0,0,0,0,0,0,0,0,0,0,0,0,0,0,0,0,0,0,0,0,0,0
AWCL,41,109,1981,560,727,327,0,0,1561,420,1682,276,33,5,4215,2237,100,0,869,0,7,38,381,26,621,15,0,2003,164,0,0,0,0,57,180,37,142,0,0,10,29,80,130,0,0,0,0,12,82,0,31,33,2,68,74,0,0,0,0,1831,583,845,257,714,303,894,476,177,154,0,20,4,0,3,0,0,0,27,19,0,0,6,0,0,0,0,0,5,22,163,0,0,0,0,0,0,77,0,0,0,10,64,92,71,129,0,0,0,1,0,0,0,0,0,0,0,0,0,1,0,0,0,0,330,0,0,0,0,0,0,6,0,0,0,0,38,86,0,0,0,0,321,7,260,0,0,0,0,0,6,8,171,56,0,75,0,0,0,0,0,0,0,0,0,0,0,0,0,0,0,0,0,0,0,0,0,0,0,0,0,0,0,0,0,0,0,0,0,0,0,0,0,0,0
AWCR,111,70,141,1401,1191,395,0,0,606,2023,581,1509,0,9,2079,2919,0,12,19,334,133,7,196,202,58,304,2003,0,175,49,0,0,0,96,65,29,56,0,0,39,41,22,48,0,0,0,0,16,0,0,2,59,0,29,17,0,0,0,0,881,1672,273,776,246,1007,1215,628,452,149,4,0,0,0,0,0,0,0,53,8,0,0,0,0,0,3,0,0,18,0,7,147,0,0,0,0,1,0,58,0,0,0,42,48,22,33,0,0,0,0,0,0,0,0,0,0,0,0,0,11,0,0,0,0,10,210,0,0,0,0,0,4,0,0,0,0,50,31,0,0,0,0,0,114,63,3,0,0,0,0,17,0,133,120,0,0,20,0,0,0,0,0,0,0,0,0,0,0,0,0,0,0,0,0,0,0,0,0,0,0,0,0,0,0,0,0,0,0,0,0,0,0,0,0,0
BAGL,0,232,0,1,14,1886,0,0,2,78,0,89,0,18,0,1441,0,0,0,0,147,370,0,132,0,52,164,175,0,1847,130,0,0,110,23,22,0,0,205,0,0,168,60,0,167,0,13,65,109,5,0,29,391,81,24,0,269,0,0,0,3,217,3,1789,326,111,1121,2,519,55,272,221,9,756,606,123,532,1,0,0,0,0,0,0,175,0,0,0,660,333,1246,0,0,36,913,70,0,56,0,0,573,78,103,27,0,0,186,177,75,0,0,0,0,0,0,0,0,0,0,4,0,0,1,15,94,112,128,14,31,0,0,0,0,51,2,74,2,0,178,0,0,0,0,0,131,0,33,0,28,57,0,0,371,152,0,1,0,0,5,0,0,0,0,0,0,0,0,0,0,0,0,0,0,0,0,0,0,0,0,0,0,0,0,0,0,0,0,0,0,0,0,0,0,0
BAGR,69,0,0,0,282,2,0,0,0,142,0,0,2,0,0,0,0,0,0,0,501,133,1,0,6,0,0,49,1847,0,152,0,0,117,133,0,0,359,0,0,0,19,189,438,0,1,0,67,134,0,0,302,13,8,111,251,0,0,0,2,0,0,381,357,773,474,230,436,1,487,73,11,564,836,1151,1092,129,0,24,0,0,95,0,647,0,0,41,756,0,1401,528,0,0,1097,226,118,64,9,0,0,784,48,146,0,0,226,0,219,145,0,0,0,0,0,1,0,0,0,0,3,0,28,0,24,92,166,199,8,40,0,0,0,0,28,57,18,56,378,0,0,0,0,0,0,0,51,0,0,16,48,48,494,0,66,0,0,0,0,246,0,0,0,0,0,0,0,0,0,0,0,0,0,0,0,0,0,0,0,0,0,0,0,0,0,0,0,0,0,0,0,0,0,0,0
DVA,258,112,0,34,5,4,0,79,0,0,0,0,58,70,0,0,0,0,0,0,124,85,2,99,7,73,0,0,130,152,0,552,77,0,0,0,0,102,60,0,0,0,0,4,192,93,33,186,224,19,204,180,201,129,192,125,239,781,899,12,0,179,208,0,0,1,0,481,449,338,166,692,957,1228,982,374,404,365,26,314,219,330,933,1898,2336,241,0,7,0,41,72,15,2,44,6,20,173,77,0,4,1037,0,0,0,0,121,86,123,46,0,0,0,0,48,57,0,0,0,0,838,778,1948,1745,520,491,1545,1449,517,423,149,141,0,3,332,229,0,0,159,204,78,106,138,5,0,961,773,0,11,0,0,0,0,28,17,34,51,604,328,1186,10,144,182,0,0,0,0,0,0,0,0,0,0,0,0,0,0,0,0,0,0,0,0,0,0,0,0,0,0,0,0,0,0,0,0
FLPL,0,0,0,0,0,0,0,0,0,0,0,0,0,0,0,0,0,0,0,0,0,0,0,0,0,0,0,0,0,0,552,0,7516,0,0,0,0,0,0,0,0,0,0,0,0,0,0,0,0,0,0,0,0,0,0,0,0,117,2401,0,42,137,540,0,0,0,207,0,0,2690,563,336,0,988,0,29,0,640,0,0,468,223,556,0,1242,212,545,0,0,0,0,0,100,0,531,0,0,0,0,0,0,0,0,0,0,0,0,194,358,0,0,0,0,0,0,0,0,0,0,0,0,0,1,0,0,0,0,0,0,0,0,0,0,217,0,0,0,0,0,4789,6432,0,21,0,78,0,67,1,9,0,0,0,0,1080,0,5,4,0,0,0,0,0,0,0,0,0,0,0,0,0,0,0,0,0,0,0,0,0,0,0,0,0,0,0,0,0,0,0,0,0,0,0,0,0
FLPR,0,0,0,0,0,0,0,0,0,0,0,0,0,0,0,0,0,0,0,0,0,0,0,0,0,0,0,0,0,0,77,7516,0,0,0,0,0,0,0,0,0,0,0,0,0,0,0,0,0,0,0,0,0,0,0,0,0,0,364,0,112,0,3,0,0,0,599,0,0,762,1410,468,33,268,0,260,0,2266,220,0,345,6725,3932,0,5,280,16,0,0,0,0,0,195,27,283,52,0,0,0,0,0,0,0,0,0,0,0,0,0,0,0,0,0,0,0,0,0,0,0,0,347,0,367,0,0,12,416,219,588,0,262,0,0,1,0,0,0,0,0,2499,4710,0,313,0,1058,0,0,0,69,0,0,0,0,283,0,51,0,0,0,438,0,0,0,0,0,0,0,0,0,0,0,0,0,0,0,0,0,0,0,0,0,0,0,0,0,0,0,0,0,0,0,0,0,0
IL2DL,0,0,102,0,171,0,166,0,3,86,0,0,39,0,74,0,134,0,69,0,150,0,0,0,0,0,57,96,110,117,0,0,0,0,0,585,0,0,0,0,0,3631,0,0,0,0,0,0,1,0,0,390,0,2297,0,0,0,297,0,14,0,34,0,242,164,71,0,79,0,83,0,0,0,147,530,269,0,193,0,292,0,0,0,0,0,561,0,0,0,74,0,205,0,115,0,943,0,0,4939,456,0,4491,0,0,0,0,0,0,3,0,73,0,0,74,0,549,749,819,628,0,0,0,0,0,0,4,0,0,49,0,0,4,0,0,0,7461,0,0,0,0,0,203,0,163,223,0,0,0,1,1563,0,0,0,0,28,0,194,87,0,0,0,0,97,30,0,0,0,0,0,0,0,0,0,0,0,0,0,0,0,0,0,0,0,0,0,0,0,0,0,0,0,0,0,0
IL2DR,0,0,0,44,0,43,0,0,26,0,0,0,0,60,0,121,0,73,0,8,0,202,0,0,0,0,180,65,23,133,0,0,0,0,0,0,94,0,0,0,0,0,2931,0,0,0,0,0,0,0,0,0,942,0,2012,0,0,0,5,0,35,0,6,90,162,0,4,0,0,0,5,0,41,302,136,0,1,49,118,13,424,0,0,0,0,181,31,0,0,0,91,0,198,0,31,925,0,0,23,3623,0,0,4653,0,0,0,0,112,87,191,1,144,0,13,158,683,301,927,490,0,0,0,0,0,0,0,164,134,0,0,0,0,0,0,0,0,7257,0,0,0,0,0,110,165,0,127,2,0,0,0,1838,0,0,10,0,44,211,130,0,0,0,0,0,0,0,0,0,0,0,0,357,0,0,0,0,0,0,0,0,0,0,0,0,0,0,0,0,0,0,0,0,0,0,0
IL2L,0,0,395,0,78,0,515,0,28,54,0,0,9,0,64,0,169,0,113,0,75,0,220,0,13,0,37,29,22,0,0,0,0,585,0,0,0,193,0,2166,0,1600,0,1555,0,0,321,8,0,3112,0,688,0,241,0,0,0,40,0,2,0,7,17,0,117,2,0,6,0,30,0,0,0,19,0,317,0,0,2,14,0,0,0,0,0,189,51,3,0,99,0,30,0,4,0,868,0,0,159,0,0,5,0,3529,0,0,0,81,0,0,26,64,245,0,6,533,0,3911,1090,0,72,90,0,178,0,285,97,4,2,439,0,0,1,92,0,974,0,1013,0,0,0,213,0,422,0,0,0,0,68,0,0,0,0,3,126,0,56,21,0,10,496,0,0,93,0,51,0,0,0,0,0,0,0,0,0,0,0,0,0,339,0,49,0,0,0,0,0,0,0,0,0,0,0,0
IL2R,0,0,0,82,0,3,0,362,73,19,0,0,0,55,0,102,0,253,0,165,0,66,0,107,0,27,142,56,0,0,0,0,0,0,94,0,0,0,529,0,2182,0,1836,0,1257,287,0,0,0,0,2635,0,660,0,0,0,0,0,148,0,0,1,55,131,0,0,144,0,9,0,0,0,83,0,0,0,175,130,0,0,0,0,0,0,0,0,0,3,0,0,98,0,22,0,4,725,0,0,0,14,0,0,154,0,3055,0,17,0,136,17,0,261,69,25,22,989,4211,73,1070,16,0,0,61,9,98,0,15,0,0,0,367,91,0,0,20,0,1024,0,1217,0,0,0,117,210,0,0,0,0,16,0,0,0,0,3,0,44,33,144,0,0,0,405,0,0,0,0,0,0,0,0,0,448,0,0,0,0,0,0,0,0,0,0,0,0,0,0,0,192,0,0,0,0,0,0
IL2VL,0,0,0,0,0,0,0,0,0,0,0,0,0,0,0,0,0,0,0,0,0,0,0,0,0,0,0,0,0,359,102,0,0,0,0,193,0,0,0,0,0,0,0,2360,0,21,0,0,0,86,0,248,0,0,0,1237,0,226,0,0,0,0,217,0,0,0,0,0,0,0,0,0,30,0,1,0,0,0,0,0,0,5,0,31,0,365,125,171,0,150,0,0,0,157,0,791,0,0,5008,0,66,0,0,0,0,4765,0,0,2,44,0,0,1,0,66,768,916,882,659,296,0,105,0,222,0,31,112,13,0,60,0,0,0,0,0,0,0,8662,0,0,0,0,0,0,0,0,9,0,164,0,0,313,0,17,0,0,190,159,22,0,0,0,0,0,0,0,0,0,0,0,0,0,0,0,0,0,0,0,1110,3,0,0,0,0,0,0,0,0,0,0,0,0,0,0
IL2VR,0,0,0,0,0,0,0,0,0,0,0,0,0,0,0,0,0,0,0,0,0,0,0,0,0,0,0,0,205,0,60,0,0,0,0,0,529,0,0,0,0,0,0,0,1783,0,58,15,0,0,0,0,370,0,0,0,1085,0,269,0,0,111,0,0,0,0,0,0,0,21,0,0,0,0,0,0,0,0,0,0,0,0,0,0,0,51,0,0,115,0,89,0,0,0,127,1036,12,40,0,5226,1,0,0,0,0,0,3632,37,0,0,93,0,0,165,0,665,1455,1323,430,0,121,0,79,0,139,25,44,0,47,0,51,0,4,0,0,0,0,0,6658,0,0,0,0,0,0,0,18,25,139,0,0,0,415,160,0,0,110,212,0,3,0,0,0,0,0,0,0,0,0,0,0,0,0,0,0,0,0,0,0,0,0,0,0,0,0,0,487,422,0,55,0,0,0,0
OLLL,0,0,188,0,22,0,4,0,0,24,0,0,0,0,42,0,115,0,3,0,14,0,10,0,0,0,10,39,0,0,0,0,0,0,0,2166,0,0,0,0,287,282,0,386,0,120,637,0,20,1873,0,52,0,265,0,309,0,21,0,0,0,0,53,0,84,0,0,2,0,1,17,0,0,133,0,17,2219,199,0,0,0,0,0,0,0,17,179,103,10,989,16,23,0,395,0,29,25,17,0,0,0,1314,0,2440,0,1096,7,26,0,575,93,113,390,646,32,281,0,524,237,13,242,43,0,160,1,79,40,0,25,165,0,60,397,207,279,0,0,5,0,0,0,90,0,179,0,0,1,54,69,874,0,863,0,169,36,0,27,30,0,68,46,0,0,38,0,2,0,0,0,0,0,0,0,0,0,0,0,0,0,177,0,0,0,0,0,0,0,0,0,0,0,0,0,0
OLLR,0,0,0,115,0,0,0,111,34,8,0,0,0,0,0,35,0,98,0,60,0,57,0,31,0,0,29,41,0,0,0,0,0,0,0,0,2182,0,0,287,0,0,325,0,587,410,50,0,0,0,1505,0,102,0,286,0,327,0,4,0,0,12,13,74,57,0,89,0,0,0,0,0,0,0,153,2378,0,0,128,0,0,0,0,0,0,0,49,22,68,157,933,0,8,0,310,0,1,2,0,0,0,9,828,0,1996,0,1165,0,9,40,657,281,45,10,726,212,461,56,210,45,1,0,34,101,99,0,10,0,0,0,124,444,83,362,179,0,0,0,423,0,0,0,59,76,0,3,0,7,93,0,945,0,1145,98,0,25,0,22,0,81,0,36,0,0,0,0,0,0,0,0,0,246,4,11,0,0,0,0,0,0,0,0,0,0,0,0,0,111,0,0,0,0,0,0
OLQDL,0,0,78,0,82,0,0,0,8,45,0,0,113,0,38,0,204,0,25,0,105,0,0,0,0,0,80,22,168,19,0,0,0,3631,0,1600,0,0,0,282,0,0,0,0,0,0,0,0,0,484,0,68,0,2532,0,0,0,391,0,18,0,4,0,45,47,1,0,37,0,66,0,0,0,116,121,0,146,130,6,93,0,0,0,0,0,142,107,0,0,235,0,201,0,284,0,615,0,0,1108,0,0,3788,0,0,0,0,0,0,0,241,894,27,4,187,40,546,224,0,143,0,5,0,0,0,3,732,0,0,1228,0,0,10,0,0,18,2049,0,0,0,0,0,152,0,423,297,0,0,5,7,1263,0,0,0,10,50,0,652,712,10,1,0,0,30,6,0,14,0,0,0,1022,0,0,0,0,0,0,0,0,0,0,0,0,0,0,0,0,0,0,0,0,0,0,0,0
OLQDR,0,0,0,157,0,41,0,0,27,28,0,0,0,119,0,181,0,89,0,106,0,50,0,37,0,39,130,48,60,189,0,0,0,0,2931,0,1836,0,0,0,325,0,0,0,0,0,0,0,0,0,483,0,67,0,2464,0,0,0,26,0,109,0,41,145,184,0,0,0,0,0,37,2,111,349,121,261,1,140,173,19,95,0,0,0,0,166,153,0,0,0,204,0,20,0,206,544,0,0,0,1512,0,0,3547,0,0,0,0,18,64,609,1,161,1,19,304,618,4,304,250,0,0,0,0,0,0,0,454,866,0,0,0,0,0,0,3,0,1730,0,0,0,0,0,125,398,0,110,65,0,23,0,969,0,0,135,0,131,494,400,0,0,0,0,0,0,0,0,0,0,0,0,68,15,0,60,0,5,0,149,0,0,0,0,0,0,0,0,0,0,0,0,0,0,0,0
OLQVL,39,0,170,0,0,0,47,0,0,0,0,0,8,0,0,0,0,0,0,0,92,0,1,0,182,0,0,0,0,438,4,0,0,0,0,1555,0,2360,0,386,0,0,0,0,0,0,0,0,0,376,0,319,0,0,0,1622,0,507,0,0,0,0,1,0,0,0,0,24,0,13,0,104,2,0,277,0,264,0,142,0,0,224,0,241,0,579,222,73,3,356,0,0,0,359,0,779,0,0,747,0,77,0,0,0,0,3242,0,0,0,137,0,0,91,0,864,47,832,34,734,0,0,145,0,840,0,0,92,0,0,720,0,0,0,0,0,0,0,2133,0,0,0,0,0,0,0,190,40,0,122,0,0,641,0,237,0,0,520,136,37,183,0,0,0,0,0,0,0,0,0,0,0,0,0,0,0,0,0,0,274,0,0,0,0,0,0,0,0,0,0,0,0,0,0,0
OLQVR,0,175,0,224,0,0,0,134,0,0,0,0,0,14,0,0,0,0,0,0,0,53,0,30,0,147,0,0,167,0,192,0,0,0,0,0,1257,0,1783,0,587,0,0,0,0,0,0,0,0,0,351,0,191,0,0,0,1405,0,597,0,0,3,0,46,0,0,0,0,8,0,0,45,149,288,0,284,0,262,0,0,0,0,250,0,36,769,53,20,69,0,345,0,0,0,373,586,0,0,0,1217,71,0,0,0,17,0,3363,99,0,0,214,0,0,906,0,357,13,840,138,0,0,0,399,0,883,195,173,0,0,0,717,0,0,0,0,0,0,0,1622,0,0,0,0,0,206,0,10,0,128,0,0,0,1238,317,0,0,122,621,0,87,0,0,0,0,0,0,0,0,0,0,0,0,0,0,0,0,0,0,0,0,0,0,0,0,0,0,107,2,15,0,0,157,0,1454
SAADL,0,0,0,2,0,0,0,1123,0,0,0,0,0,6,0,0,0,18,0,0,0,15,0,0,0,0,0,0,0,1,93,0,0,0,0,0,287,21,0,120,410,0,0,0,0,0,2339,271,1032,14,525,0,6,1,69,205,0,176,82,0,0,476,689,0,2,0,0,22,22,402,750,10,63,180,161,180,382,136,21,10,150,0,0,0,0,0,326,87,0,8,42,0,198,1008,609,0,1130,1684,0,0,0,0,0,0,18,25,0,1,1396,312,0,15,20,0,348,0,0,0,0,638,56,295,31,312,112,378,314,770,105,399,129,307,11,238,1051,0,0,13,0,123,0,0,33,4,0,349,344,688,44,0,0,0,0,561,0,0,98,254,83,0,481,341,0,0,0,0,0,0,0,0,0,0,0,0,0,0,0,0,0,0,0,0,0,33,0,0,0,0,0,0,0,0,0,0
SAADR,0,0,0,0,0,0,1134,0,0,0,0,0,0,0,0,0,5,0,0,0,0,0,0,0,0,0,0,0,13,0,33,0,0,0,0,321,0,0,58,637,50,0,0,0,0,2339,0,888,119,441,0,22,10,8,13,0,526,125,526,0,0,413,430,8,0,0,0,9,28,721,401,1,0,12,245,468,180,0,43,10,0,4,0,0,0,207,422,0,78,95,1,137,0,681,1343,0,1588,1097,0,0,1,0,0,98,0,0,26,1848,112,0,345,9,34,257,0,0,0,0,0,366,542,88,157,111,480,342,194,86,686,92,436,2,365,1352,91,0,0,0,48,68,0,7,0,0,26,0,1125,401,51,63,0,0,0,174,0,0,174,154,61,146,303,510,0,0,0,0,0,0,0,0,0,0,0,0,0,0,0,0,0,0,0,0,0,0,0,0,0,0,0,33,0,1,0,0
SAAVL,0,0,0,0,30,0,0,0,0,48,0,242,0,0,58,52,0,97,0,42,14,0,0,0,0,0,12,16,65,67,186,0,0,0,0,8,0,0,15,0,0,0,0,0,0,271,888,0,1411,90,0,0,0,177,169,0,2,170,414,0,0,284,32,0,27,0,0,10,16,1977,1735,19,45,204,131,120,151,0,0,0,0,0,0,0,4,18,19,128,159,16,4,0,0,194,750,15,884,1501,0,0,0,0,0,66,0,0,2,892,378,11,42,12,128,226,31,0,0,0,0,780,73,69,551,390,554,260,85,309,285,0,447,544,1545,737,389,0,0,0,8,36,533,0,10,0,0,0,137,170,3,0,0,0,0,147,0,0,364,405,0,32,584,199,0,0,0,0,0,0,0,0,0,0,0,0,0,0,0,0,0,0,0,0,0,0,0,0,0,0,0,0,0,0,0,0
SAAVR,0,0,0,0,104,5,0,0,56,0,195,0,0,0,31,2,70,0,96,0,0,44,4,0,29,0,82,0,109,134,224,0,0,1,0,0,0,0,0,20,0,0,0,0,0,1032,119,1411,0,18,26,0,4,108,195,4,0,855,139,0,0,55,336,21,0,0,8,0,7,1190,2637,178,64,182,104,75,4,0,0,0,0,0,0,82,139,3,0,237,87,0,2,0,0,543,55,0,1642,962,0,0,67,0,0,0,52,0,0,379,866,21,118,90,243,71,207,0,0,0,0,191,568,311,135,357,316,121,279,337,174,294,0,1796,406,291,922,2,0,0,0,548,0,1,0,0,9,0,154,114,0,2,25,0,0,82,0,0,384,393,240,13,107,419,0,0,0,0,0,0,0,0,0,0,0,0,0,0,0,0,0,0,0,0,0,42,0,0,0,0,0,0,0,0,0,0
URBL,0,0,91,0,5,0,1720,0,0,1,0,0,0,0,1,0,38,0,0,0,14,0,0,0,0,0,0,0,5,0,19,0,0,0,0,3112,0,86,0,1873,0,484,0,376,0,14,441,90,18,0,0,967,0,0,0,107,0,1204,0,0,0,0,10,0,45,0,0,0,0,159,124,13,0,177,1074,121,0,6,502,129,0,335,0,0,0,759,121,31,0,22,0,235,0,23,0,0,24,0,0,0,0,0,0,3026,0,9,0,235,0,0,324,153,578,0,0,0,0,23,0,12,338,1022,0,1224,3,686,621,242,692,509,0,17,94,174,0,0,0,93,0,0,0,10,0,113,0,0,1,0,80,1090,0,1338,0,12,5,0,1397,843,528,27,37,0,0,1955,0,2846,0,1874,0,634,0,0,0,0,0,0,0,0,0,686,0,1938,0,148,0,545,0,0,0,0,0,0,0,0
URBR,0,0,0,11,0,0,0,1662,0,4,0,0,0,1,0,6,0,195,0,28,0,43,0,2,0,0,31,2,0,0,204,0,0,0,0,0,2635,0,0,0,1505,0,483,0,351,525,0,0,26,0,0,0,964,0,7,0,0,0,776,0,0,0,0,58,0,0,32,0,0,0,0,1,77,493,83,0,94,493,0,0,128,0,27,0,0,183,0,0,5,0,50,0,272,0,11,0,0,0,0,0,0,0,0,0,2671,0,0,0,260,376,0,874,66,4,0,0,13,0,0,126,0,0,1060,232,962,389,1235,615,8,0,405,350,0,0,16,0,0,0,0,0,0,0,8,189,0,0,0,0,44,0,1668,0,1189,29,0,16,545,1409,0,3,0,69,0,0,0,0,0,0,0,0,0,1258,0,3559,0,3681,0,536,0,0,0,0,0,0,0,0,0,160,0,2586,0,164,0,2580
URXL,1916,0,77,0,932,0,1643,0,228,25,0,0,782,0,64,0,187,0,150,0,2380,0,737,0,1608,0,33,59,29,302,180,0,0,390,0,688,0,248,0,52,0,68,0,319,0,0,22,0,0,967,0,0,0,1218,0,425,0,757,0,92,0,67,134,108,108,298,0,145,0,28,0,139,63,150,209,140,73,105,290,625,0,486,0,677,0,463,0,738,0,528,0,21,0,280,0,34,1,0,0,0,1302,21,0,205,0,167,0,0,0,0,51,9,0,0,0,0,0,0,0,8,276,1,0,2,114,0,0,0,16,106,0,0,116,0,0,167,0,357,0,0,0,504,0,252,112,789,0,0,0,1154,0,304,0,1,286,0,219,184,0,0,714,0,0,0,0,0,0,0,0,0,0,0,0,0,0,0,0,0,0,4,0,3,0,0,0,0,0,0,0,0,0,0,0,0
URXR,0,2291,0,32,0,497,0,1018,9,81,0,0,0,680,0,0,0,193,0,30,0,2549,0,226,0,948,2,0,391,13,201,0,0,0,942,0,660,0,370,0,102,0,67,0,191,6,10,0,4,0,964,0,0,0,1032,0,617,0,512,0,269,214,15,190,69,0,436,0,167,2,278,295,234,31,71,24,276,133,95,0,0,0,0,0,1211,0,15,0,731,0,390,0,0,0,684,109,0,41,0,0,1251,0,49,0,468,0,262,1,0,7,0,1,0,0,0,30,0,0,0,92,176,0,26,82,3,4,17,44,0,0,18,30,0,0,1,0,151,0,363,0,0,0,439,305,715,105,1,8,23,0,1163,0,43,96,0,171,110,176,0,4,0,512,0,0,0,0,0,0,0,0,0,0,0,0,0,0,0,0,0,0,0,0,0,0,0,0,0,0,0,0,0,0,0,0
URYDL,0,0,48,0,4,0,0,0,46,14,0,0,129,0,31,0,78,0,65,0,9,0,0,0,0,0,68,29,81,8,129,0,0,2297,0,241,0,0,0,265,0,2532,0,0,0,1,8,177,108,0,0,1218,0,0,0,0,0,349,0,20,0,14,154,5,8,0,0,64,0,227,17,20,27,402,350,449,1245,115,74,69,0,0,0,29,0,69,248,0,0,531,0,41,0,582,0,344,128,0,0,0,4,4665,0,0,0,0,0,50,162,0,142,0,0,655,0,271,243,0,308,248,0,0,0,102,253,43,11,138,0,0,0,26,659,85,7,2342,0,0,0,0,0,96,0,263,114,0,51,77,220,1278,0,0,0,145,88,0,4,1,375,107,0,0,1,0,72,0,48,0,0,0,0,0,0,0,0,0,0,0,0,0,0,0,0,0,0,0,0,0,0,0,0,0,0,0
URYDR,0,4,0,60,0,91,0,140,61,36,0,0,0,101,0,36,0,69,0,76,0,24,0,38,0,69,74,17,24,111,192,0,0,0,2012,0,0,0,0,0,286,0,2464,0,0,69,13,169,195,0,7,0,1032,0,0,0,0,0,255,0,80,166,16,75,74,0,12,0,38,175,49,132,131,532,206,926,266,437,60,0,89,0,0,0,14,70,155,0,0,0,579,0,19,0,282,136,0,102,0,0,0,0,4992,0,0,0,0,186,138,270,0,0,0,0,720,256,134,633,224,0,16,0,0,252,67,27,7,0,44,0,0,816,26,0,115,0,3439,0,0,0,0,0,114,235,0,66,91,17,168,0,1738,0,0,166,0,136,1,111,0,83,0,0,0,0,0,0,0,0,0,0,4,0,35,0,0,0,0,0,0,0,0,0,0,0,0,0,0,0,0,0,0,0,0,0
URYVL,30,0,319,0,0,0,314,0,0,0,0,0,7,0,0,0,0,0,0,0,130,0,24,0,137,0,0,0,0,251,125,0,0,0,0,0,0,1237,0,309,0,0,0,1622,0,205,0,0,4,107,0,425,0,0,0,0,0,350,0,0,0,0,149,0,0,0,0,7,0,0,139,77,16,0,420,0,1165,0,195,0,0,213,0,212,0,309,412,60,0,722,0,0,0,419,0,114,25,3,0,0,122,0,0,0,0,4225,0,0,42,1053,0,0,41,0,436,481,634,33,158,145,0,26,0,285,0,131,303,151,0,13,0,47,0,0,322,0,0,1259,0,0,0,0,0,0,0,175,127,33,448,0,0,1098,0,307,0,0,99,110,226,200,0,0,0,0,0,0,0,0,0,0,0,0,0,0,0,0,0,0,63,0,28,0,0,0,0,0,0,0,0,0,0,0,0,0
URYVR,0,229,0,142,0,0,0,2,0,0,0,0,0,0,0,0,0,0,0,0,0,3,0,80,0,183,0,0,269,0,239,0,0,0,0,0,0,0,1085,0,327,0,0,0,1405,0,526,2,0,0,0,0,617,0,0,0,0,0,217,0,0,225,0,8,0,0,0,0,79,183,0,72,117,317,0,1402,0,109,0,0,0,0,334,0,82,188,0,0,90,0,732,0,0,0,483,561,0,54,0,120,150,0,0,0,0,0,4774,91,0,0,1027,0,0,465,0,514,161,495,151,0,472,0,93,0,90,84,80,0,227,0,6,0,35,435,0,0,0,0,1127,0,0,0,0,0,371,0,41,17,417,0,0,0,836,256,0,0,99,2,0,173,0,0,0,0,0,0,0,0,0,0,0,0,0,0,0,0,0,0,0,0,0,0,0,0,0,0,16,0,20,0,0,0,0,0
ADAL,108,0,385,0,0,0,1061,0,4,0,0,0,1976,0,0,0,30,0,454,0,0,8,121,0,466,0,0,0,0,0,781,117,0,297,0,40,0,226,0,21,0,391,0,507,0,176,125,170,855,1204,0,757,0,349,0,350,0,0,188,89,0,46,99,0,0,1,0,93,120,979,1476,1049,946,232,1177,150,80,101,966,492,0,373,0,1272,22,683,0,91,0,0,0,794,0,12,0,0,356,120,17,0,10,57,0,7,0,107,0,156,186,7,11,11,0,0,34,0,0,0,0,61,50,1219,0,678,436,877,463,396,172,560,0,95,74,0,443,394,0,177,0,1160,253,23,0,0,25,1053,1,72,0,427,0,224,0,0,403,0,1122,1255,822,0,545,0,0,0,0,0,0,0,456,0,0,0,0,0,0,0,0,0,0,0,0,0,0,0,0,0,0,0,0,0,0,0,0,0
ADAR,0,33,0,340,0,0,0,2459,0,1,0,11,0,2457,0,0,0,31,0,400,0,0,0,44,0,360,0,0,0,0,899,2401,364,0,5,0,148,0,269,0,4,0,26,0,597,82,526,414,139,0,776,0,512,0,255,0,217,188,0,0,183,184,35,0,0,0,0,3,140,1526,583,571,1078,953,53,196,135,987,1,0,1467,0,147,0,648,422,0,0,104,0,0,0,946,0,1,32,0,906,0,1,1,0,0,0,9,0,158,298,59,10,0,0,2,3,4,0,0,0,0,190,463,0,960,289,908,265,636,184,526,0,175,40,67,338,0,0,20,0,231,160,1679,0,52,0,976,0,30,11,0,0,169,0,431,110,0,245,1586,916,0,0,0,310,0,0,0,0,0,0,0,0,0,0,0,0,0,0,0,0,0,0,0,0,0,0,0,0,0,0,0,0,0,0,0,0
AIAL,533,0,981,0,25,0,0,0,940,382,3918,0,878,0,2093,10,1631,0,3966,0,0,0,1069,253,946,133,1831,881,0,2,12,0,0,14,0,2,0,0,0,0,0,18,0,0,0,0,0,0,0,0,0,92,0,20,0,0,0,89,0,0,187,2247,0,84,93,321,0,1112,0,0,2,9,33,0,116,0,1,0,50,61,0,50,0,22,0,0,0,4,0,0,0,610,0,0,0,0,0,0,0,0,31,42,0,0,0,0,0,0,0,0,0,0,0,0,0,0,0,0,0,0,0,1,0,0,0,0,27,0,0,137,0,0,0,0,0,6,0,0,0,0,0,2501,0,130,0,113,0,0,0,0,0,62,0,0,1234,82,4,0,140,0,62,0,0,0,0,0,0,0,0,0,0,0,0,0,0,0,0,0,0,0,0,0,0,0,0,0,0,0,0,0,0,0,0,0
AIAR,0,809,122,917,0,56,0,37,719,823,0,4427,0,1053,13,809,0,1476,268,4304,0,14,0,815,0,710,583,1672,3,0,0,42,112,0,35,0,0,0,0,0,0,0,109,0,0,0,0,0,0,0,0,0,269,0,80,0,0,0,183,187,0,0,2137,143,69,4,270,0,668,0,0,2,42,13,0,2,0,288,0,0,266,9,181,0,1,19,0,0,0,0,0,0,1476,0,0,0,0,0,0,0,43,0,79,0,0,0,0,0,0,0,0,0,0,0,0,0,0,0,0,0,0,0,0,0,0,2,0,0,0,0,350,0,0,0,0,0,72,0,0,0,0,0,2754,50,18,0,0,0,0,0,0,0,89,0,0,1809,0,41,0,2,0,122,0,0,0,0,0,0,0,0,0,0,0,0,0,0,0,0,0,0,0,0,0,0,0,0,0,0,0,0,0,0,0,0
AIBL,230,5,886,0,426,0,0,0,1493,127,883,0,703,0,647,0,111,0,1037,0,48,104,804,1,504,261,845,273,217,0,179,137,0,34,0,7,1,0,111,0,12,4,0,0,3,476,413,284,55,0,0,67,214,14,166,0,225,46,184,2247,0,0,150,134,174,459,0,183,488,900,37,495,0,45,25,594,322,0,5,0,0,17,3,95,518,0,366,0,60,4,313,259,0,0,772,0,193,941,0,0,60,30,0,0,0,0,94,790,67,0,3,0,0,0,0,0,0,0,0,15,779,0,146,56,22,106,43,0,334,46,0,5,611,64,179,4,0,0,86,14,9,161,0,174,3,12,477,383,60,0,26,57,0,383,371,0,1,9,0,116,0,258,0,0,0,0,0,0,0,0,0,0,0,0,0,0,0,0,0,0,0,0,0,0,0,0,0,0,0,0,0,0,0,0
AIBR,134,186,0,1017,8,299,0,1,274,1389,0,796,0,682,0,303,0,32,0,1275,83,25,0,544,130,302,257,776,3,381,208,540,3,0,6,17,55,217,0,53,13,0,41,1,0,689,430,32,336,10,0,134,15,154,16,149,0,99,35,0,2137,150,0,207,224,37,408,645,160,73,681,0,610,109,263,211,371,21,0,0,0,0,11,350,24,0,402,79,0,237,38,0,157,984,8,0,868,204,0,0,159,0,23,0,23,127,0,124,1021,0,0,0,0,1,0,0,0,0,8,705,0,195,0,18,58,34,111,238,0,0,52,435,0,119,22,0,13,286,0,60,0,0,83,252,0,0,543,493,169,0,0,0,33,970,0,202,1,0,123,24,91,1,0,0,0,0,0,0,0,0,0,0,0,0,0,0,0,0,0,0,0,0,0,0,0,0,0,0,0,0,0,0,0,0
AINL,1,415,0,0,525,3739,316,0,976,108,256,564,0,0,123,412,116,0,308,0,654,2929,0,0,0,0,714,246,1789,357,0,0,0,242,90,0,131,0,0,0,74,45,145,0,46,0,8,0,21,0,58,108,190,5,75,0,8,0,0,84,143,134,207,0,1936,132,462,8,45,0,34,0,0,112,2,2,0,283,0,0,0,0,0,0,0,0,0,0,95,214,632,0,0,0,13,5,0,0,0,0,0,97,73,0,107,0,0,9,37,0,0,0,0,0,0,0,0,0,24,0,178,0,0,34,70,0,0,0,0,0,0,0,5,5,22,25,35,0,0,0,0,14,0,0,181,0,0,0,0,143,44,0,52,0,0,0,0,0,60,2,0,0,0,0,0,0,0,0,0,0,0,0,0,0,0,0,0,0,0,0,0,0,0,0,0,0,0,0,0,0,0,0,0,0
AINR,92,0,0,0,4353,898,0,37,43,1193,439,291,0,0,135,45,0,60,0,322,2678,733,4,0,0,0,303,1007,326,773,0,0,0,164,162,117,0,0,0,84,57,47,184,0,0,2,0,27,0,45,0,108,69,8,74,0,0,0,0,93,69,174,224,1936,0,596,196,83,2,99,0,0,0,4,170,0,1,1,344,0,0,0,0,0,0,0,0,80,0,376,409,0,0,0,0,28,51,1,0,0,1,98,124,60,0,0,0,30,0,0,0,0,0,0,0,0,0,0,71,0,0,0,0,17,54,0,0,0,0,0,0,0,0,5,0,27,29,0,0,0,0,0,0,0,0,74,0,0,0,34,95,104,0,0,0,0,0,0,46,29,0,0,0,0,0,0,0,0,0,0,0,0,0,0,0,0,0,0,0,0,0,0,0,0,0,0,0,0,0,0,0,0,0,0
AIYL,2075,0,22,0,4124,93,0,0,1264,1114,233,0,118,0,1074,62,0,0,0,0,2029,0,945,0,1455,35,894,1215,111,474,1,0,0,71,0,2,0,0,0,0,0,1,0,0,0,0,0,0,0,0,0,298,0,0,0,0,0,1,0,321,4,459,37,132,596,0,185,1340,42,29,15,74,102,0,191,0,12,0,908,20,0,227,41,55,0,0,0,416,0,762,0,176,0,3,0,263,110,0,0,0,420,106,0,0,0,0,0,68,0,0,0,0,0,0,0,0,0,0,408,0,0,1,0,356,6,27,0,0,85,118,0,0,0,0,0,2,0,0,0,0,0,159,0,0,0,177,1,4,0,4,0,21,0,0,36,0,0,0,0,18,7,0,0,0,0,0,0,0,0,0,0,0,0,0,0,0,0,0,0,0,0,0,0,0,0,0,0,0,0,0,0,0,0,0
AIYR,26,2127,0,107,60,4324,0,0,1239,1596,0,348,0,144,0,1170,0,0,0,0,25,2100,0,927,18,1283,476,628,1121,230,0,207,599,0,4,0,144,0,0,0,89,0,0,0,0,0,0,0,8,0,32,0,436,0,12,0,0,0,0,0,270,0,408,462,196,185,0,21,1662,0,9,122,162,45,0,19,0,622,68,0,148,127,490,0,61,2,0,0,335,0,842,0,211,0,0,227,0,97,0,0,363,0,32,0,10,0,0,0,113,0,0,0,0,0,0,0,0,0,0,0,0,0,8,0,313,2,26,0,27,0,376,0,0,0,6,0,0,0,0,0,0,0,13,0,291,0,0,0,0,0,0,0,58,0,0,29,0,0,0,205,0,0,0,0,0,0,0,0,0,0,0,0,0,0,0,0,0,0,0,0,0,0,0,0,0,0,0,0,0,0,0,0,0,0
AIZL,2602,20,48,0,772,0,0,0,498,476,277,0,571,0,126,0,0,0,5,0,391,86,1111,0,1588,0,177,452,2,436,481,0,0,79,0,6,0,0,0,2,0,37,0,24,0,22,9,10,0,0,0,145,0,64,0,7,0,93,3,1112,0,183,645,8,83,1340,21,0,453,43,3,123,6,88,315,1054,310,0,1,0,0,7,0,80,4,0,28,499,0,364,2,18,0,831,85,214,602,16,0,0,691,99,0,1,0,0,0,0,14,0,0,0,0,0,0,0,0,0,3,317,0,7,0,370,41,12,48,753,92,1136,0,23,0,32,0,21,0,0,0,0,0,78,0,0,0,1183,80,159,0,0,0,0,0,371,2,0,55,0,517,1,0,0,0,0,0,0,0,0,0,0,0,0,0,0,0,0,0,0,0,0,0,0,0,0,0,0,0,0,0,0,0,0,0,0
AIZR,7,2636,0,86,0,941,0,0,652,536,0,312,4,495,0,54,0,4,0,8,0,562,0,1419,0,1481,154,149,519,1,449,0,0,0,0,0,9,0,0,0,0,0,0,0,8,22,28,16,7,0,0,0,167,0,38,0,79,120,140,0,668,488,160,45,2,42,1662,453,0,0,7,0,163,21,94,357,1047,4,1,0,5,0,8,0,56,0,20,4,699,0,532,0,50,64,720,361,0,627,0,0,838,0,19,0,9,0,0,0,1,0,0,0,0,0,0,0,0,0,18,0,250,0,15,0,270,149,6,169,850,280,1328,0,18,0,40,0,0,0,0,0,0,0,55,0,964,0,135,43,0,0,0,0,7,90,0,40,0,141,0,7,0,8,0,0,0,0,0,0,0,0,0,0,0,0,0,0,0,0,0,0,0,0,0,0,0,0,0,0,0,0,0,0,0,0
AVAL,17,0,90,0,67,0,68,0,6,27,0,0,236,0,3,0,0,0,0,0,276,0,11,0,226,0,0,4,55,487,338,2690,762,83,0,30,0,0,21,1,0,66,0,13,0,402,721,1977,1190,159,0,28,2,227,175,0,183,979,1526,0,0,900,73,0,99,29,0,43,0,0,950,435,457,678,73,73,201,0,199,0,0,529,0,482,787,21,97,192,116,270,0,0,0,16,191,0,504,897,0,0,113,2,0,183,0,0,0,970,335,143,161,288,100,189,69,0,0,0,0,165,558,395,21,241,101,128,278,114,219,0,0,260,1149,334,188,51,0,0,48,1287,1216,8,0,0,0,346,147,43,1,143,5,0,0,526,0,0,1064,835,698,1,22,143,0,0,0,0,0,0,840,0,0,0,0,0,11,0,424,0,0,0,0,0,0,0,0,0,0,0,0,0,0,0,0,0
AVAR,0,0,0,3,0,11,0,0,3,0,0,0,0,287,0,0,0,0,0,0,0,323,0,0,0,52,20,0,272,73,166,563,1410,0,5,0,0,0,0,17,0,0,37,0,0,750,401,1735,2637,124,0,0,278,17,49,139,0,1476,583,2,0,37,681,34,0,15,9,3,7,950,0,398,487,521,390,10,248,326,66,8,0,0,193,664,807,0,0,123,122,0,213,87,0,121,1,0,881,471,0,0,220,0,0,0,0,0,0,112,525,72,72,253,215,122,184,0,0,0,0,972,63,134,308,459,341,190,168,540,61,1,0,1100,82,350,701,0,92,0,0,2156,1070,10,0,0,553,113,143,338,24,0,31,4,0,372,111,0,868,676,0,0,140,163,0,0,0,0,0,0,0,0,127,0,208,0,1191,0,2061,0,0,0,0,0,0,3,0,0,0,0,0,0,0,0,0,0
AVBL,445,20,92,134,0,0,634,158,17,0,0,0,2400,294,0,0,0,0,21,0,164,0,283,1,133,108,4,0,221,11,692,336,468,0,0,0,0,0,0,0,0,0,2,104,45,10,1,19,178,13,1,139,295,20,132,77,72,1049,571,9,2,495,0,0,0,74,122,123,0,435,398,0,1118,1514,1154,369,15,1483,2874,686,382,2565,2386,2124,3239,507,31,0,36,80,143,1242,121,0,155,5,250,266,0,0,274,0,0,0,0,0,0,182,475,0,0,0,0,2,7,0,0,0,119,25,208,9,279,283,751,395,321,0,48,258,53,0,19,1,18,0,57,0,0,1,0,0,0,0,1808,1132,197,82,6,14,0,42,12,54,14,16,58,160,1038,82,136,61,0,0,0,0,0,0,0,0,0,0,0,0,0,0,0,0,0,0,0,0,0,0,0,0,0,0,0,0,0,0,0,0
AVBR,4,471,0,162,0,0,0,735,0,8,0,0,590,2642,0,0,0,9,0,188,11,131,0,314,78,192,0,0,9,564,957,0,33,0,41,0,83,30,0,0,0,0,111,2,149,63,0,45,64,0,77,63,234,27,131,16,117,946,1078,33,42,0,610,0,0,102,162,6,163,457,487,1118,0,791,693,9,427,3617,1489,379,353,1185,3126,3901,1382,110,0,57,0,158,7,204,1368,313,0,0,374,239,0,0,318,0,11,0,0,57,0,203,203,0,0,0,0,2,0,0,0,0,0,458,2,973,47,477,8,490,137,206,0,77,234,6,2,31,0,0,155,63,0,2,60,14,3,0,1109,1452,84,91,0,0,16,0,82,110,0,139,94,37,1766,129,0,168,0,0,0,0,0,0,0,0,0,0,0,0,0,0,0,0,0,0,0,0,0,0,0,0,0,0,0,0,0,0,0,0
AVDL,29,0,359,413,0,0,1771,1161,2,15,0,0,322,474,4,0,160,0,103,1,109,344,22,19,0,44,3,0,756,836,1228,988,268,147,302,19,0,0,0,133,0,116,349,0,288,180,12,204,182,177,493,150,31,402,532,0,317,232,953,0,13,45,109,112,4,0,45,88,21,678,521,1514,791,0,374,62,1202,3161,424,38,1359,88,3284,196,1334,1042,11,0,0,0,294,1,181,31,566,0,122,129,0,1,26,112,231,0,0,0,0,219,166,0,2,0,0,0,33,0,0,0,0,100,645,0,311,107,303,1097,163,6,109,0,162,10,41,265,105,89,186,0,0,28,190,172,2,251,1164,0,70,1,0,207,175,0,296,39,14,6,451,384,1671,3,0,147,0,0,0,0,0,0,0,0,0,0,0,0,0,0,0,0,0,0,0,0,0,0,0,0,0,0,0,0,0,0,0,0
AVDR,8,0,534,267,0,0,981,1344,8,0,0,0,400,184,0,0,1,119,11,15,80,78,7,0,32,0,0,0,606,1151,982,0,0,530,136,0,0,1,0,0,153,121,121,277,0,161,245,131,104,1074,83,209,71,350,206,420,0,1177,53,116,0,25,263,2,170,191,0,315,94,73,390,1154,693,374,0,1333,93,388,2672,1353,139,3408,0,1057,387,219,0,0,0,158,7,443,17,654,0,0,112,97,0,12,146,162,114,0,0,0,0,24,359,1,0,0,0,10,0,0,0,0,0,209,0,475,0,468,343,310,1512,325,17,317,0,0,0,16,47,56,317,14,0,285,206,239,168,250,0,1876,28,88,0,184,140,130,0,12,299,66,472,347,3691,0,221,0,0,0,0,0,0,0,0,0,0,0,0,0,0,0,0,0,0,0,0,0,0,0,0,0,0,0,0,0,0,0,0,0
AVEL,16,0,0,0,0,0,201,0,0,0,0,0,39,0,0,0,168,0,0,0,517,0,5,0,0,0,0,0,123,1092,374,29,260,269,0,317,0,0,0,17,2378,0,261,0,284,180,468,120,75,121,0,140,24,449,926,0,1402,150,196,0,2,594,211,2,0,0,19,1054,357,73,10,369,9,62,1333,0,118,131,120,38,9,497,645,1,199,55,176,0,53,324,1039,155,0,318,78,20,393,234,0,0,109,8,8,311,457,0,92,126,87,0,256,349,9,64,318,0,0,0,0,110,637,47,607,6,196,16,112,97,125,64,15,371,146,451,8,0,0,0,0,34,21,258,0,358,351,0,756,620,151,37,544,0,621,169,14,0,25,44,263,414,376,78,0,0,0,0,0,0,0,0,0,0,0,0,0,0,0,0,0,0,0,0,0,0,0,0,0,0,0,0,0,0,0,0
AVER,0,3,0,0,0,0,0,444,0,0,0,0,0,1,0,0,0,130,0,0,0,714,0,10,0,77,0,0,532,129,404,0,0,0,1,0,175,0,0,2219,0,146,1,264,0,382,180,151,4,0,94,73,276,1245,266,1165,0,80,135,1,0,322,371,0,1,12,0,310,1047,201,248,15,427,1202,93,118,0,307,158,0,85,168,0,423,1,3,76,66,0,1027,505,1,158,204,238,81,231,460,0,0,222,72,31,443,344,156,0,67,190,325,0,0,409,278,39,53,0,0,0,689,86,506,67,27,50,336,100,187,67,15,66,89,512,0,466,0,0,11,0,84,253,0,284,193,0,255,781,665,160,765,17,622,0,171,1,106,100,23,0,358,63,256,0,0,0,0,0,0,0,0,0,0,0,0,0,0,0,0,0,0,0,0,0,0,0,0,0,0,0,0,0,0,0,0
AVJL,0,21,444,601,0,0,1166,453,0,1,0,0,340,964,255,0,66,0,72,143,0,4,0,1,0,304,27,53,1,0,365,640,2266,193,49,0,130,0,0,199,0,130,140,0,262,136,0,0,0,6,493,105,133,115,437,0,109,101,987,0,288,0,21,283,1,0,622,0,4,0,326,1483,3617,3161,388,131,307,0,2258,2734,2759,487,8358,18,828,578,0,0,0,0,0,1133,3920,0,0,0,0,24,0,0,0,122,30,0,3,0,0,25,147,0,0,0,0,0,5,0,0,0,0,129,194,0,180,154,106,172,7,21,0,0,428,23,0,50,0,101,360,0,0,0,0,185,79,204,3237,338,0,0,0,88,25,0,123,0,12,269,205,42,1,211,0,306,0,0,0,0,0,0,0,0,0,0,0,0,0,0,0,0,0,0,0,0,0,0,0,0,0,0,0,0,0,0,0,0
AVJR,1,0,419,366,0,0,109,758,33,0,0,0,1086,245,0,34,0,76,64,25,0,0,57,0,101,5,19,8,0,24,26,0,220,0,118,2,0,0,0,0,128,6,173,142,0,21,43,0,0,502,0,290,95,74,60,195,0,966,1,50,0,5,0,0,344,908,68,1,1,199,66,2874,1489,424,2672,120,158,2258,0,3564,104,5796,631,1685,296,539,0,0,0,0,0,3042,1023,1,0,147,109,14,0,0,23,0,72,0,0,0,0,10,7,0,0,1,0,0,0,0,0,0,0,127,165,469,0,18,143,101,245,290,29,294,0,0,79,0,0,0,223,0,0,0,7,98,136,284,918,2511,47,47,0,0,72,51,0,0,20,39,60,176,2401,115,185,0,0,0,0,0,0,0,0,0,0,0,0,0,0,0,0,0,0,0,0,0,0,0,0,0,0,0,0,0,0,0,0,0
BDUL,0,0,0,0,0,0,4097,0,0,0,0,0,101,0,0,0,8,0,35,0,0,0,0,0,0,0,0,0,0,0,314,0,0,292,13,14,0,0,0,0,0,93,19,0,0,10,10,0,0,129,0,625,0,69,0,0,0,492,0,61,0,0,0,0,0,20,0,0,0,0,8,686,379,38,1353,38,0,2734,3564,0,536,2320,0,72,129,2237,0,0,0,0,0,5538,818,0,0,0,0,0,0,0,0,96,0,84,0,0,0,75,232,0,0,0,0,0,0,0,0,0,0,0,0,351,0,15,173,0,810,0,2,172,0,2,0,0,250,174,152,0,0,562,381,687,15,0,183,789,0,0,0,154,0,76,0,0,488,0,16,55,1108,0,771,0,0,0,0,2,0,0,0,0,0,0,0,0,0,0,0,0,0,0,0,0,0,0,0,0,0,0,0,0,0,0,0,0
BDUR,0,0,0,1,0,0,0,5622,0,0,0,57,0,261,0,0,0,10,0,96,0,0,0,0,0,0,0,0,0,0,219,468,345,0,424,0,0,0,0,0,0,0,95,0,0,150,0,0,0,0,128,0,0,0,89,0,0,0,1467,0,266,0,0,0,0,0,148,0,5,0,0,382,353,1359,139,9,85,2759,104,536,0,0,3256,0,124,3418,0,0,0,0,0,0,5244,0,0,0,0,0,0,1,0,0,175,0,160,0,0,0,0,0,0,0,0,0,0,0,0,0,0,0,0,0,84,0,0,438,0,7,0,0,72,0,7,34,0,0,481,0,0,0,0,0,417,0,407,0,1,0,0,0,111,0,549,0,0,1135,72,341,0,125,0,1055,0,0,0,0,0,0,0,0,0,0,0,7,0,0,0,0,0,0,0,0,23,0,0,0,1,0,24,0,0,0,342,0
PVCL,59,0,318,0,0,0,565,0,86,0,0,0,810,0,0,0,2,0,6,0,0,0,74,0,304,0,6,0,0,95,330,223,6725,0,0,0,0,5,0,0,0,0,0,224,0,0,4,0,0,335,0,486,0,0,0,213,0,373,0,50,9,17,0,0,0,227,127,7,0,529,0,2565,1185,88,3408,497,168,487,5796,2320,0,0,2946,4013,14,0,9,2,0,0,0,584,0,192,210,47,290,0,0,0,269,0,0,0,0,29,0,0,0,0,0,0,0,0,0,0,0,0,0,20,275,614,805,131,43,381,1024,416,737,287,46,4,26,0,0,0,0,27,0,0,1296,10,3,0,537,3034,16,77,129,0,0,205,0,0,23,0,156,242,5447,93,78,0,0,0,0,0,0,0,0,0,0,0,0,0,0,0,0,0,0,0,0,0,0,0,0,0,0,0,0,0,0,0,0,0
PVCR,0,0,0,1056,0,0,0,2671,0,2,0,0,0,983,0,0,0,0,0,32,0,0,0,32,0,580,0,0,0,0,933,556,3932,0,0,0,0,0,0,0,0,0,0,0,250,0,0,0,0,0,27,0,0,0,0,0,334,0,147,0,181,3,11,0,0,41,490,0,8,0,193,2386,3126,3284,0,645,0,8358,631,0,3256,2946,0,0,2659,209,0,0,0,0,0,0,1892,0,13,0,0,476,0,0,39,0,0,0,0,0,0,0,0,0,0,0,0,0,0,0,0,0,0,0,361,0,1557,0,185,618,393,0,532,0,395,0,0,0,0,0,0,0,0,0,4,0,190,0,3478,0,27,28,93,0,0,0,278,0,0,54,5,162,0,105,0,9,0,0,0,0,0,0,0,0,0,0,0,0,0,0,0,0,0,0,0,0,0,0,0,0,0,0,0,0,0,0,0,0
PVPL,529,0,54,0,0,0,0,0,30,0,0,0,443,0,0,0,0,0,0,0,4,0,276,0,994,79,0,0,0,647,1898,0,0,0,0,0,0,31,0,0,0,0,0,241,0,0,0,0,82,0,0,677,0,29,0,212,0,1272,0,22,0,95,350,0,0,55,0,80,0,482,664,2124,3901,196,1057,1,423,18,1685,72,0,4013,0,0,45,8,0,73,0,0,0,737,0,408,0,0,48,0,0,0,2304,0,0,0,0,65,0,74,35,0,0,0,0,0,15,0,0,0,0,246,73,540,0,90,81,328,93,23,0,158,0,0,33,0,124,0,0,65,0,266,282,4,0,0,433,4941,111,320,0,0,0,0,0,29,14,0,297,56,4478,0,23,0,0,0,0,0,0,0,0,0,0,0,0,0,0,0,0,0,0,0,0,0,0,0,0,0,0,0,0,0,0,0,0,0
PVPR,37,268,0,481,0,0,0,20,0,84,0,0,95,1146,0,0,0,0,0,0,0,0,0,324,0,774,0,3,175,0,2336,1242,5,0,0,0,0,0,0,0,0,0,0,0,36,0,0,4,139,0,0,0,1211,0,14,0,82,22,648,0,1,518,24,0,0,0,61,4,56,787,807,3239,1382,1334,387,199,1,828,296,129,124,14,2659,45,0,48,220,0,0,0,0,0,687,0,188,9,0,116,0,0,2064,0,0,0,0,0,0,45,85,0,0,0,0,0,0,0,0,0,0,0,148,0,302,54,724,300,514,0,35,0,91,0,2,30,0,0,0,0,70,415,294,0,0,0,5298,178,405,124,19,0,0,0,0,348,0,63,40,257,0,2,0,87,0,0,0,0,0,0,0,0,0,0,0,0,0,0,0,0,0,0,0,0,0,0,0,0,0,0,0,0,0,0,0,0
PVR,0,0,0,0,0,0,3358,3384,0,0,0,2,32,0,0,0,1,0,0,0,0,0,0,0,0,0,0,0,0,0,241,212,280,561,181,189,0,365,51,17,0,142,166,579,769,0,207,18,3,759,183,463,0,69,70,309,188,683,422,0,19,0,0,0,0,0,2,0,0,21,0,507,110,1042,219,55,3,578,539,2237,3418,0,209,8,48,0,0,0,0,0,0,492,204,0,0,0,0,0,285,673,0,369,456,159,13,263,33,314,580,0,17,34,15,2,0,0,0,0,0,0,1,0,163,68,124,483,66,21,107,20,127,0,23,25,0,706,436,649,321,0,8,25,85,0,157,90,0,0,0,1115,792,1179,1414,0,0,150,348,536,230,35,76,356,21,6,64,19,58,0,40,47,27,18,4,534,0,419,1000,0,21,8,0,119,7,227,0,120,0,0,47,20,0,111,440,584
PVT,0,0,0,0,0,0,0,0,0,0,0,0,0,0,0,0,0,0,0,0,0,0,0,0,0,0,0,0,0,41,0,545,16,0,31,51,0,125,0,179,49,107,153,222,53,326,422,19,0,121,0,0,15,248,155,412,0,0,0,0,0,366,402,0,0,0,0,28,20,97,0,31,0,11,0,176,76,0,0,0,0,9,0,0,220,0,0,0,0,138,46,0,0,1258,1554,1,83,73,0,0,19,8,127,23,0,92,0,1,62,0,0,0,0,0,0,0,0,0,54,0,168,0,86,0,0,0,34,294,56,13,22,19,23,127,1,0,10,118,0,747,409,0,0,0,0,2,2951,2514,2813,0,24,10,0,3348,0,0,0,11,0,339,32,177,0,0,0,0,0,0,0,0,0,0,0,0,0,0,0,0,0,0,0,0,0,0,0,0,0,0,0,0,0,0,0,0
RIAL,379,0,0,0,89,0,0,0,0,25,0,0,103,0,37,0,0,0,0,0,602,0,6,0,16,0,5,18,0,756,7,0,0,0,0,3,3,171,0,103,22,0,0,73,20,87,0,128,237,31,0,738,0,0,0,60,0,91,0,4,0,0,79,0,80,416,0,499,4,192,123,0,57,0,0,0,66,0,0,0,0,2,0,73,0,0,0,0,1324,477,0,0,0,185,0,232,131,13,0,0,215,6,0,288,183,166,0,344,448,1010,686,540,903,1007,594,4,0,0,32,376,69,116,434,107,32,63,3,90,0,132,26,546,619,540,651,0,0,115,0,0,0,0,0,0,0,16,3,56,0,632,54,591,194,0,0,0,5,52,0,22,53,120,0,0,0,0,173,0,0,0,0,0,0,0,26,0,0,0,0,0,0,0,0,0,13,0,0,0,9,35,0,1,73,0
RIAR,0,361,0,0,0,38,0,0,4,0,0,0,0,150,0,0,0,0,0,0,0,563,0,37,0,0,22,0,660,0,0,0,0,0,0,0,0,0,115,10,68,0,0,3,69,0,78,159,87,0,5,0,731,0,0,0,90,0,104,0,0,60,0,95,0,0,335,0,699,116,122,36,0,0,0,53,0,0,0,0,0,0,0,0,0,0,0,1324,0,0,682,0,0,0,196,226,3,206,0,0,173,0,22,134,313,0,190,253,176,576,1097,1117,694,589,940,15,0,0,0,119,408,343,159,21,148,11,53,0,128,16,158,403,533,529,442,0,0,0,49,0,0,0,0,0,0,0,10,3,0,90,604,183,831,6,0,0,39,4,0,2,82,146,0,0,2,2,220,0,0,0,0,0,0,0,84,0,0,0,0,0,0,37,130,166,536,0,0,0,3,0,227,0,226,0
RIBL,314,0,0,0,90,0,0,0,5,0,0,0,20,0,114,0,21,0,2,0,1790,0,209,0,587,0,163,7,333,1401,41,0,0,74,0,99,0,150,0,989,157,235,0,356,0,8,95,16,0,22,0,528,0,531,0,722,0,0,0,0,0,4,237,214,376,762,0,364,0,270,0,80,158,0,158,324,1027,0,0,0,0,0,0,0,0,0,138,477,0,0,149,0,0,245,0,104,262,111,0,0,15,175,0,50,0,44,92,97,0,32,0,0,229,10,0,19,0,0,17,324,117,101,0,400,0,180,121,43,0,32,0,135,371,72,358,74,0,372,0,0,0,0,0,0,0,0,138,25,316,312,0,248,0,168,0,0,0,3,40,797,65,0,0,0,0,0,0,0,0,0,0,0,0,0,0,0,0,0,0,0,0,0,0,0,0,0,0,0,0,0,0,0,0,0
RIBR,0,297,0,0,9,266,0,0,0,9,0,0,0,0,0,137,0,44,0,16,161,1800,0,48,0,451,0,147,1246,528,72,0,0,0,91,0,98,0,89,16,933,0,204,0,345,42,1,4,2,0,50,0,390,0,579,0,732,0,0,0,0,313,38,632,409,0,842,2,532,0,213,143,7,294,7,1039,505,0,0,0,0,0,0,0,0,0,46,0,682,149,0,0,0,0,165,91,38,315,0,0,44,0,117,0,98,0,93,10,48,0,5,181,0,0,60,11,0,0,0,32,337,0,117,0,302,168,151,0,23,0,33,294,87,380,117,0,22,0,292,0,0,0,0,0,0,0,37,106,243,0,244,0,132,257,0,0,1,0,57,822,0,80,0,0,0,0,0,0,0,0,0,0,0,0,0,0,0,0,0,0,0,0,0,0,0,0,0,0,0,0,0,0,0,0
RIFL,145,0,0,0,0,0,2071,0,324,0,0,0,2906,0,11,0,407,0,1757,0,0,0,790,0,871,177,0,0,0,0,15,0,0,205,0,30,0,0,0,23,0,201,0,0,0,0,137,0,0,235,0,21,0,41,0,0,0,794,0,610,0,259,0,0,0,176,0,18,0,0,87,1242,204,1,443,155,1,1133,3042,5538,0,584,0,737,0,492,0,0,0,0,0,0,126,1,0,0,193,0,0,0,1,25,0,331,0,0,0,0,0,0,15,0,0,0,0,0,0,0,0,0,1,7,0,0,0,0,30,0,11,251,0,0,0,0,0,185,0,0,0,0,7,1547,0,0,1108,795,0,3,0,3,0,225,0,0,1116,0,0,0,35,0,1826,0,0,0,0,0,0,0,0,0,0,0,0,0,0,0,0,0,0,0,0,0,0,0,0,0,0,0,0,0,0,0,0,0
RIFR,0,55,0,20,0,0,0,1241,0,140,0,104,123,2486,0,2,0,318,0,2074,0,0,0,167,0,509,0,0,0,0,2,100,195,0,198,0,22,0,0,0,8,0,20,0,0,198,0,0,0,0,272,0,0,0,19,0,0,0,946,0,1476,0,157,0,0,0,211,0,50,0,0,121,1368,181,17,0,158,3920,1023,818,5244,0,1892,0,687,204,0,0,0,0,0,126,0,0,0,0,0,257,0,0,0,0,100,0,325,0,0,0,1,1,0,0,0,0,0,0,0,0,0,0,0,0,0,0,0,20,0,65,0,0,528,0,0,0,0,0,259,0,0,0,0,209,1214,0,611,813,0,0,0,0,172,0,60,0,0,2005,0,17,0,7,0,1547,0,0,0,0,0,0,0,0,0,0,0,0,0,0,0,0,0,0,0,0,0,0,0,0,0,0,0,0,0,0,0,0
RIGL,16,0,0,0,0,0,0,0,0,0,0,0,0,0,0,0,0,0,0,0,0,0,0,0,2,0,0,0,36,1097,44,0,27,115,0,4,0,157,0,395,0,284,0,359,0,1008,681,194,543,23,0,280,0,582,0,419,0,12,0,0,0,0,984,0,0,3,0,831,64,16,121,0,313,31,654,318,204,0,1,0,0,192,0,408,0,0,1258,185,0,245,0,1,0,0,559,69,291,145,0,0,604,99,0,3,0,77,0,0,397,0,0,0,0,0,0,0,0,0,94,593,0,133,0,73,0,224,31,551,38,243,96,4,0,20,0,19,0,301,0,453,1289,0,0,0,0,326,548,655,245,7,0,62,0,1862,0,0,0,0,22,5,303,0,0,0,0,0,0,0,0,0,0,0,0,0,0,0,0,0,0,0,0,0,0,0,0,0,0,0,0,0,0,0,0,0
RIGR,0,18,0,0,0,0,0,0,0,0,0,0,0,0,0,0,0,0,0,0,0,37,0,0,0,0,0,0,913,226,6,531,283,0,31,0,4,0,127,0,310,0,206,0,373,609,1343,750,55,0,11,0,684,0,282,0,483,0,1,0,0,772,8,13,0,0,0,85,720,191,1,155,0,566,0,78,238,0,0,0,0,210,13,0,188,0,1554,0,196,0,165,0,0,559,0,71,315,438,0,0,601,0,150,0,0,0,84,1155,0,0,0,0,2,0,0,0,0,0,142,0,260,0,46,7,0,3,147,76,500,77,300,0,13,58,20,0,4,0,132,770,533,0,0,0,0,0,809,448,866,0,1,0,0,1297,0,0,0,3,0,19,0,362,0,0,0,0,0,0,0,0,0,0,0,0,0,0,0,0,0,0,0,0,0,0,0,0,0,0,0,0,0,0,0,0
RIH,54,79,0,0,3,0,0,0,0,0,0,0,0,0,0,0,0,0,0,0,49,0,0,0,0,0,0,1,70,118,20,0,52,943,925,868,725,791,1036,29,0,615,544,779,586,0,0,15,0,0,0,34,109,344,136,114,561,0,32,0,0,0,0,5,28,263,227,214,361,0,0,5,0,0,0,20,81,0,147,0,0,47,0,0,9,0,1,232,226,104,91,0,0,69,71,0,4,1,771,970,444,41,0,0,0,32,88,72,74,2,1,0,0,10,0,333,270,383,423,0,0,0,0,0,0,0,0,45,0,24,5,0,3,9,0,48,49,125,22,0,0,0,0,0,18,28,11,0,49,20,216,82,0,18,0,0,30,3,0,33,0,0,0,0,0,0,0,0,0,0,0,0,0,0,0,0,0,0,15,0,0,0,0,0,0,0,0,0,0,0,0,0,0,0
RIML,42,0,0,0,1,0,0,0,1,0,0,0,212,0,27,0,8,0,7,0,164,0,7,0,37,0,77,0,0,64,173,0,0,0,0,0,0,0,12,25,1,0,0,0,0,1130,1588,884,1642,24,0,1,0,128,0,25,0,356,0,0,0,193,868,0,51,110,0,602,0,504,881,250,374,122,112,393,231,0,109,0,0,290,0,48,0,0,83,131,3,262,38,193,0,291,315,4,0,350,0,0,36,0,0,0,0,0,0,509,111,0,0,107,388,0,31,0,0,0,36,771,140,245,0,578,351,266,157,279,0,113,0,337,504,593,456,0,0,12,1,0,0,0,0,0,0,2,684,701,151,0,25,0,27,128,0,0,112,107,242,360,0,192,0,0,0,0,0,0,0,0,0,0,0,0,0,0,0,0,0,0,0,0,0,0,0,0,0,0,0,395,0,317,0,0
RIMR,0,50,0,0,0,1,0,0,0,4,0,0,0,311,0,29,0,3,0,3,0,196,0,13,0,68,0,58,56,9,77,0,0,0,0,0,0,0,40,17,2,0,0,0,0,1684,1097,1501,962,0,0,0,41,0,102,3,54,120,906,0,0,941,204,0,1,0,97,16,627,897,471,266,239,129,97,234,460,24,14,0,0,0,476,0,116,0,73,13,206,111,315,0,257,145,438,1,350,0,0,0,7,0,0,0,0,0,17,124,486,0,0,476,219,4,0,0,0,0,0,147,737,0,258,48,606,134,206,3,155,0,151,656,380,378,652,0,0,0,24,0,0,0,0,0,70,0,599,608,235,107,0,12,0,199,0,0,95,93,3,328,135,1,0,0,0,0,0,0,0,0,0,0,0,0,0,0,0,0,0,0,0,90,0,636,0,0,0,0,0,0,0,0,0,0
RIPL,0,0,0,0,0,0,0,0,0,0,0,0,0,0,0,0,0,0,0,0,0,0,0,0,0,0,0,0,0,0,0,0,0,4939,23,159,0,5008,0,0,0,1108,0,747,0,0,0,0,0,0,0,0,0,0,0,0,0,17,0,0,0,0,0,0,0,0,0,0,0,0,0,0,0,0,0,0,0,0,0,0,0,0,0,0,0,285,0,0,0,0,0,0,0,0,0,771,0,0,0,1927,0,3122,0,0,0,2541,0,0,0,167,54,0,0,140,53,636,758,537,813,0,0,0,0,0,0,0,0,0,12,8,0,0,0,0,0,5330,0,4444,0,0,0,0,0,0,0,0,0,0,0,331,0,37,0,0,0,0,56,8,0,0,0,0,778,722,0,0,0,0,0,0,0,0,0,0,0,0,0,0,1242,317,0,0,0,0,0,0,0,0,0,0,0,0,0,0
RIPR,0,0,0,0,0,0,0,0,0,0,0,0,0,0,0,0,0,0,0,0,0,0,0,0,0,0,0,0,0,0,4,0,0,456,3623,0,14,0,5226,0,0,0,1512,0,1217,0,0,0,0,0,0,0,0,0,0,0,120,0,1,0,0,0,0,0,0,0,0,0,0,0,0,0,0,1,12,0,0,0,0,0,1,0,0,0,0,673,0,0,0,0,0,0,0,0,0,970,0,0,1927,0,0,0,2556,0,0,0,2958,7,17,55,70,7,0,21,78,502,847,839,366,0,0,0,0,0,1,56,31,102,0,0,22,0,0,0,0,0,3776,0,5387,0,0,0,0,0,0,0,0,0,0,0,276,0,655,0,0,0,70,31,0,0,0,0,0,0,0,0,0,0,0,0,566,206,5,0,0,0,33,0,0,0,0,0,0,0,0,0,916,297,10,0,0,0,0,0
RIR,2113,1890,0,0,162,131,0,0,84,16,0,0,177,157,0,0,0,0,0,0,335,547,40,3,526,292,10,0,573,784,1037,0,0,0,0,0,0,66,1,0,0,0,0,77,71,0,1,0,67,0,0,1302,1251,4,0,122,150,10,1,31,43,60,159,0,1,420,363,691,838,113,220,274,318,26,146,109,222,0,23,0,0,269,39,2304,2064,0,19,215,173,15,44,1,0,604,601,444,36,7,0,0,0,0,0,0,0,18,0,161,657,0,0,0,0,0,0,0,0,0,114,15,14,6,0,23,58,144,114,16,12,98,31,9,0,0,0,0,0,39,10,0,0,0,0,0,1969,1851,6,0,90,0,0,1,0,32,0,8,0,0,61,26,2,0,0,0,0,0,0,0,0,0,0,0,0,0,0,0,0,0,0,0,0,0,0,0,0,0,0,0,0,0,0,0,0,0
IL1DL,5,0,57,0,125,0,4,0,31,81,0,0,108,0,27,0,102,0,90,0,179,0,0,0,3,0,64,42,78,48,0,0,0,4491,0,5,0,0,0,1314,9,3788,0,0,0,0,0,0,0,0,0,21,0,4665,0,0,0,57,0,42,0,30,0,97,98,106,0,99,0,2,0,0,0,112,162,8,72,122,0,96,0,0,0,0,0,369,8,6,0,175,0,25,0,99,0,41,0,0,3122,0,0,0,0,638,0,0,0,0,0,0,446,0,0,2159,0,590,700,12,632,0,0,0,0,0,0,6,0,0,24,0,0,0,35,141,1,4207,0,0,0,0,0,167,0,147,83,0,0,0,0,1577,0,0,0,3,87,0,10,1,0,0,0,0,510,381,19,0,0,0,0,0,0,0,0,0,0,0,0,0,0,0,0,0,0,0,0,0,0,0,0,0,0,0,0,0
IL1DR,0,7,0,125,0,131,0,19,81,24,0,0,0,51,0,39,0,206,0,44,0,201,0,8,0,18,92,48,103,146,0,0,0,0,4653,0,154,0,0,0,828,0,3547,0,0,0,0,0,0,0,0,0,49,0,4992,0,0,0,0,0,79,0,23,73,124,0,32,0,19,0,0,0,11,231,114,8,31,30,72,0,175,0,0,0,0,456,127,0,22,0,117,0,100,0,150,0,0,0,0,2556,0,0,0,0,614,0,0,0,14,568,0,0,0,0,2420,510,253,1082,377,0,0,0,0,0,0,0,4,50,0,0,0,3,0,0,40,0,5077,0,0,0,0,0,178,323,0,195,104,0,31,0,1373,0,0,51,0,73,13,0,0,0,0,0,0,0,0,0,0,0,0,0,1124,355,36,22,0,0,0,0,0,0,0,0,0,0,0,0,0,0,0,0,0,0,0,0
IL1L,0,0,291,0,19,0,148,0,0,22,0,0,0,0,97,0,277,0,32,0,42,0,0,0,0,0,71,22,27,0,0,0,0,0,0,3529,0,0,0,2440,0,0,0,0,0,0,98,66,0,3026,0,205,0,0,0,0,0,7,0,0,0,0,0,0,60,0,0,1,0,183,0,0,0,0,0,311,443,0,0,84,0,0,0,0,0,159,23,288,134,50,0,331,0,3,0,0,0,0,0,0,0,638,0,0,0,569,0,80,0,814,520,353,564,611,540,376,13,2444,64,0,1,201,0,8,0,46,0,0,0,232,0,0,2,85,0,867,0,1160,0,0,0,16,0,167,0,0,0,0,14,131,0,2,0,1,32,0,115,21,0,0,160,0,0,1401,0,191,0,0,0,0,0,0,0,0,0,0,0,0,0,1390,0,182,0,0,0,0,0,0,0,0,0,0,0,0
IL1R,0,0,0,51,0,8,0,589,12,8,0,0,0,0,0,66,0,292,0,176,0,40,0,16,0,0,129,33,0,0,0,0,0,0,0,0,3055,0,0,0,1996,0,0,0,17,18,0,0,52,0,2671,0,468,0,0,0,0,0,9,0,0,0,23,107,0,0,10,0,9,0,0,0,0,0,0,457,344,3,0,0,160,0,0,0,0,13,0,183,313,0,98,0,325,0,0,0,0,0,0,0,0,0,614,0,0,0,625,0,83,545,955,677,439,566,915,48,2663,62,174,0,0,0,41,0,20,0,20,0,0,0,109,43,0,0,56,0,651,0,1967,0,0,0,156,163,0,0,0,0,1,0,153,0,0,0,0,23,5,127,0,2,0,240,0,0,0,0,0,0,0,0,0,1776,0,29,0,0,0,0,0,0,0,0,0,0,0,0,0,1424,0,0,0,0,0,0
IL1VL,0,0,0,0,0,0,0,0,0,0,0,0,0,0,0,0,0,0,0,0,0,0,0,0,0,0,0,0,0,226,121,0,0,0,0,0,0,4765,0,1096,0,0,0,3242,0,25,0,0,0,9,0,167,0,0,0,4225,0,107,0,0,0,0,127,0,0,0,0,0,0,0,0,0,57,0,0,0,156,0,0,0,0,29,0,65,0,263,92,166,0,44,0,0,0,77,0,32,0,0,2541,0,18,0,0,569,0,0,0,0,14,2631,0,0,49,0,675,462,1470,0,414,182,0,133,0,271,0,64,53,37,0,83,0,22,0,0,0,0,0,2360,0,0,0,0,0,0,0,0,4,0,63,0,0,1113,0,25,0,0,148,55,54,0,0,0,0,0,0,0,0,0,0,0,0,0,0,0,0,0,0,0,520,128,0,0,0,0,0,0,0,0,0,0,0,0,0,0
IL1VR,0,0,0,0,0,0,0,0,0,0,0,0,0,0,0,0,0,0,0,0,0,0,0,0,0,0,0,0,186,0,86,0,0,0,0,0,17,0,3632,7,1165,0,0,0,3363,0,26,2,0,0,0,0,262,0,0,0,4774,0,158,0,0,94,0,0,0,0,0,0,0,0,0,0,0,0,0,92,0,0,0,0,0,0,0,0,0,33,0,0,190,92,93,0,0,0,84,88,0,17,0,2958,0,0,0,0,625,0,0,5,0,0,2610,0,0,588,0,892,13,2242,452,0,149,0,170,0,143,38,83,0,48,0,70,71,69,0,52,0,0,0,2312,0,0,0,0,0,0,0,3,18,153,0,0,0,1246,91,0,0,119,135,0,0,0,0,0,0,0,0,0,0,0,0,0,0,0,0,0,0,0,0,0,0,0,0,0,0,0,0,679,384,87,4,0,0,0,0
RIVL,0,0,0,0,8,0,0,0,0,1,0,0,0,1,0,0,0,0,0,0,82,0,0,0,0,0,0,0,177,219,123,194,0,0,112,81,0,0,37,26,0,0,18,0,99,1,1848,892,379,235,0,0,1,50,186,0,91,156,298,0,0,790,124,9,30,68,0,0,0,970,112,182,203,219,24,126,67,25,10,75,0,0,0,74,45,314,1,344,253,97,10,0,0,0,1155,72,509,124,0,7,161,0,0,80,0,0,5,0,2202,0,291,0,0,396,0,0,0,0,0,31,436,0,1157,1117,565,285,76,170,349,0,393,0,1290,677,40,21,234,0,22,0,0,0,0,0,170,4,511,156,118,12,62,0,33,376,0,0,822,690,396,301,0,182,0,0,0,0,6,0,240,0,5,0,69,0,32,0,1237,0,0,0,0,0,0,0,0,0,0,0,0,0,0,0,19,0
RIVR,0,0,0,0,0,15,0,158,3,0,0,0,0,6,0,0,0,0,0,0,0,31,0,0,0,0,1,0,75,145,46,358,0,3,87,0,136,2,0,0,9,0,64,0,0,1396,112,378,866,0,260,0,0,162,138,42,0,186,59,0,0,67,1021,37,0,0,113,14,1,335,525,475,203,166,359,87,190,147,7,232,0,0,0,35,85,580,62,448,176,0,48,0,1,397,0,74,111,486,0,17,657,0,14,0,83,14,0,2202,0,461,116,0,142,64,104,0,0,0,0,199,49,430,12,997,836,111,57,82,159,124,13,990,9,175,867,31,241,2,0,0,0,0,0,0,5,172,119,405,923,3,33,12,0,407,0,0,126,152,597,132,348,0,0,0,0,0,0,0,0,0,5,0,24,0,0,0,878,0,0,0,4,0,0,0,627,0,0,0,8,0,1,0,0,0
RMDDL,0,0,0,0,0,0,0,356,0,0,0,0,0,0,0,0,0,33,0,20,0,0,0,0,0,0,0,0,0,0,0,0,0,0,191,0,17,44,0,575,40,241,609,137,0,312,0,11,21,0,376,0,7,0,270,1053,0,7,10,0,0,0,0,0,0,0,0,0,0,143,72,0,0,0,1,0,325,0,0,0,0,0,0,0,0,0,0,1010,576,32,0,0,1,0,0,2,0,0,167,55,0,0,568,814,545,2631,0,0,461,0,311,261,909,166,2235,158,187,45,418,431,96,8,114,108,77,359,437,754,75,203,104,289,54,11,272,3,221,67,0,0,0,0,49,68,0,0,0,0,0,23,612,843,0,0,0,10,0,275,0,0,75,51,170,0,34,0,16,0,892,0,1075,746,1765,1573,1513,473,22,28,145,165,35,5,0,0,108,0,0,6,0,0,839,0,0,0
RMDDR,0,0,9,0,0,0,101,0,0,0,0,0,8,0,0,0,26,0,0,0,0,0,0,0,1,0,0,0,0,0,0,0,0,73,1,26,0,0,93,93,657,894,1,0,214,0,345,42,118,324,0,51,0,142,0,0,1027,11,0,0,0,3,0,0,0,0,0,0,0,161,72,0,0,2,0,256,0,0,0,0,0,0,0,0,0,17,0,686,1097,0,5,15,0,0,0,1,0,0,54,70,0,446,0,520,955,0,2610,291,116,311,0,670,513,2145,106,208,51,153,589,279,493,45,3,90,94,462,211,30,661,52,23,5,418,283,10,296,0,0,32,0,0,29,0,90,0,4,0,0,0,505,6,0,892,0,1,0,31,17,0,70,85,10,1438,935,1963,1252,939,673,0,79,387,2,218,3,11,63,0,0,0,0,0,0,1084,0,0,0,133,253,325,50,0,0,2861,0
RMDL,0,0,0,0,0,0,0,0,0,0,0,0,0,0,0,0,0,0,0,0,0,0,0,0,0,0,0,0,0,0,0,0,0,0,144,64,261,0,0,113,281,27,161,0,0,15,9,12,90,153,874,9,1,0,0,0,0,11,0,0,0,0,0,0,0,0,0,0,0,288,253,0,0,0,0,349,0,0,1,0,0,0,0,0,0,34,0,540,1117,0,181,0,0,0,0,0,107,476,0,7,0,0,0,353,677,0,0,0,0,261,670,0,1661,365,557,0,17,8,0,550,601,170,475,49,772,329,614,50,118,91,294,108,130,244,106,0,98,0,0,0,0,0,0,0,0,0,255,288,8,504,310,738,135,0,0,0,427,183,0,348,938,2688,0,234,0,485,0,1876,0,4,14,520,64,711,601,307,2107,171,0,319,0,1360,0,2097,0,3016,0,269,0,794,0,1682,0,401
RMDR,0,0,0,0,0,0,0,3,0,0,0,0,0,0,0,0,0,0,0,0,0,0,0,0,0,0,0,0,0,0,0,0,0,0,0,245,69,1,0,390,45,4,1,91,0,20,34,128,243,578,66,0,0,0,0,41,0,0,2,0,0,0,0,0,0,0,0,0,0,100,215,0,0,0,0,9,409,0,0,0,0,0,0,0,0,15,0,903,694,229,0,0,0,0,2,0,388,219,0,0,0,0,0,564,439,49,0,0,142,909,513,1661,0,667,493,0,6,6,0,724,431,858,11,873,1,671,214,56,46,250,0,386,131,222,214,0,0,0,0,0,0,0,0,0,0,0,99,301,0,133,448,308,810,0,0,0,403,73,0,369,1945,893,0,282,0,549,0,1477,0,5,0,155,0,781,0,1849,0,22,0,253,53,735,0,264,108,542,0,374,0,1685,16,1452,0,1203
RMDVL,0,0,0,0,0,0,0,0,0,0,0,0,0,0,0,0,0,0,0,0,0,0,0,0,0,0,0,0,0,0,48,0,0,74,13,0,25,0,165,646,10,187,19,0,906,0,257,226,71,0,4,0,0,655,0,0,465,0,3,0,0,0,1,0,0,0,0,0,0,189,122,2,2,0,10,64,278,0,0,0,0,0,0,0,0,2,0,1007,589,10,0,0,0,0,0,10,0,4,140,21,0,2159,0,611,566,0,588,396,64,166,2145,365,667,0,506,848,108,28,162,244,19,83,933,1,292,45,237,58,5,0,612,56,173,78,47,78,1,0,94,0,0,0,0,0,0,0,0,0,0,969,35,0,345,0,0,0,97,135,6,7,288,52,169,285,132,6,1358,0,0,0,0,19,0,18,90,117,352,1,303,1,469,0,2583,0,0,0,1192,1089,1882,1299,0,232,1757,0
RMDVR,0,0,0,0,0,0,0,0,0,0,0,0,0,0,0,0,0,0,0,0,0,0,0,0,0,0,0,0,0,1,57,0,0,0,158,6,22,66,0,32,726,40,304,864,0,348,0,31,207,0,0,0,0,0,720,436,0,34,4,0,0,0,0,0,0,0,0,0,0,69,184,7,0,33,0,318,39,5,0,0,0,0,0,15,0,0,0,594,940,0,60,0,0,0,0,0,31,0,53,78,0,0,2420,540,915,675,0,0,104,2235,106,557,493,506,0,802,50,42,172,166,177,839,49,320,14,491,85,58,47,501,0,94,5,48,133,0,134,86,0,0,0,0,0,0,0,0,0,0,0,51,946,261,0,0,0,0,85,210,0,1,180,528,0,13,0,0,81,65,1,3,252,229,97,47,1255,0,0,0,646,1063,1751,1484,165,851,1642,0,495,0,495,0,2816,0,0,0
RMED,0,0,0,0,0,0,0,0,0,0,0,0,0,0,0,0,0,0,0,0,0,0,0,0,0,0,0,0,0,0,0,0,0,549,683,533,989,768,665,281,212,546,618,47,357,0,0,0,0,0,0,0,30,271,256,481,514,0,0,0,0,0,0,0,0,0,0,0,0,0,0,0,0,0,0,0,53,0,0,0,0,0,0,0,0,0,0,4,15,19,11,0,0,0,0,333,0,0,636,502,0,590,510,376,48,462,892,0,0,158,208,0,0,848,802,0,1678,1926,1909,0,0,0,0,0,0,16,0,152,176,0,0,405,369,41,171,759,144,1370,1137,0,0,0,0,0,0,0,0,0,0,113,122,51,30,0,0,0,0,0,0,0,0,0,184,3,849,0,1674,0,1,0,315,0,654,0,1048,0,0,0,662,6,145,0,0,0,0,0,414,0,61,0,0,0,0,0
RMEL,0,0,0,0,0,0,0,0,0,0,0,0,0,0,0,0,0,0,0,0,0,0,0,0,0,0,0,0,0,0,0,0,0,749,301,0,4211,916,1455,0,461,224,4,832,13,0,0,0,0,0,13,0,0,243,134,634,161,0,0,0,0,0,0,0,0,0,0,0,0,0,0,0,0,0,0,0,0,0,0,0,0,0,0,0,0,0,0,0,0,0,0,0,0,0,0,270,0,0,758,847,0,700,253,13,2663,1470,13,0,0,187,51,17,6,108,50,1678,0,1518,2055,0,0,0,0,0,0,0,0,0,0,0,0,0,0,0,0,355,1606,520,2505,0,0,0,0,0,0,0,0,0,0,0,0,0,0,0,0,0,0,0,0,0,0,0,243,18,1,0,0,0,0,0,159,3116,19,0,0,0,0,0,37,44,0,0,0,0,0,0,69,2019,0,0,0,0,0,0
RMER,0,0,0,0,0,0,0,0,0,0,0,0,0,0,0,0,0,0,0,0,0,0,0,0,0,0,0,0,0,0,0,0,0,819,927,3911,73,882,1323,524,56,0,304,34,840,0,0,0,0,23,0,0,0,0,633,33,495,0,0,0,0,0,0,0,0,0,0,0,0,0,0,0,0,0,0,0,0,0,0,0,0,0,0,0,0,0,0,0,0,0,0,0,0,0,0,383,0,0,537,839,0,12,1082,2444,62,0,2242,0,0,45,153,8,6,28,42,1926,1518,0,2045,0,0,0,0,0,0,0,0,0,0,0,0,0,0,0,0,2022,337,1671,893,0,0,0,0,0,0,0,0,0,0,0,0,0,0,0,0,0,0,0,0,0,0,0,344,1971,43,0,0,0,0,0,26,16,0,0,0,0,0,0,275,1682,13,0,0,0,0,0,68,52,0,0,0,0,0,0
RMEV,4,0,0,0,6,0,0,0,0,0,0,0,138,0,0,0,0,0,0,0,277,0,0,0,0,0,1,11,0,0,0,0,0,628,490,1090,1070,659,430,237,210,143,250,734,138,0,0,0,0,0,0,0,0,308,224,158,151,0,0,0,0,0,8,24,71,408,0,3,18,0,0,119,0,0,0,0,0,0,0,0,0,0,0,0,0,0,54,32,0,17,0,0,0,94,142,423,36,0,813,366,114,632,377,64,174,414,452,0,0,418,589,0,0,162,172,1909,2055,2045,0,20,5,74,0,113,0,0,83,6,0,183,95,59,72,312,306,1222,646,700,953,0,0,0,0,0,0,0,19,10,91,26,14,59,28,7,0,0,0,0,137,29,0,0,1338,0,477,0,0,0,0,0,528,0,442,0,0,0,0,0,110,15,683,0,561,0,0,0,140,0,345,0,1608,0,25,0
SIADL,32,0,0,54,0,0,0,920,0,12,0,0,0,14,0,0,0,79,0,247,0,0,0,27,0,2,0,0,4,3,838,0,0,0,0,0,16,296,0,13,45,0,0,0,0,638,366,780,191,12,126,8,92,248,0,145,0,61,190,0,0,15,705,0,0,0,0,317,0,165,972,25,458,100,209,110,689,129,127,0,0,20,0,246,0,0,0,376,119,324,32,0,0,593,0,0,771,147,0,0,15,0,0,0,0,182,0,31,199,431,279,550,724,244,166,0,0,0,20,0,708,2412,172,2238,151,1085,446,3328,0,80,19,1024,146,1119,1110,0,0,254,0,141,468,0,139,249,0,169,537,438,0,0,4,0,0,166,0,56,771,59,71,10,21,470,0,0,0,0,0,0,0,0,0,0,0,0,0,0,0,0,0,0,0,0,0,0,0,0,0,0,0,0,0,0,0,0
SIADR,0,5,94,0,0,0,503,0,3,0,0,0,108,0,0,0,150,0,3,0,0,0,43,0,82,0,0,0,0,0,778,0,347,0,0,72,0,0,121,242,1,5,0,0,0,56,542,73,568,338,0,276,176,0,16,0,472,50,463,0,0,779,0,178,0,0,0,0,250,558,63,208,2,645,0,637,86,194,165,0,0,275,361,73,148,1,168,69,408,117,337,1,0,0,260,0,140,737,0,0,14,0,0,1,0,0,149,436,49,96,493,601,431,19,177,0,0,0,5,708,0,133,2595,154,1915,383,776,0,2567,111,66,78,1082,1094,1000,0,0,0,295,41,110,141,0,311,357,95,498,628,782,0,0,0,0,54,83,0,93,431,93,166,147,226,0,0,0,0,0,0,0,0,0,0,0,0,0,0,0,0,0,0,0,0,0,0,0,0,0,0,0,0,0,0,0,0
SIAVL,414,0,0,0,0,0,0,0,0,0,0,0,254,0,0,0,0,0,0,0,0,0,71,0,6,0,0,0,0,28,1948,0,0,0,0,90,0,105,0,43,0,0,0,145,0,295,88,69,311,1022,0,1,0,0,0,26,0,1219,0,1,0,0,195,0,0,1,0,7,0,395,134,9,973,0,475,47,506,0,469,351,0,614,0,540,0,0,0,116,343,101,0,7,0,133,0,0,245,0,0,0,6,0,0,201,0,133,0,0,430,8,45,170,858,83,839,0,0,0,74,2412,133,0,0,3987,137,1228,922,1894,63,2848,0,417,73,4,825,0,0,232,0,192,53,83,0,0,0,662,187,159,0,0,0,259,0,34,17,0,1904,392,772,0,445,0,0,0,0,0,0,0,0,0,0,0,0,0,0,0,0,0,0,0,76,77,0,208,2650,1523,0,0,0,0,443,0,0,0
SIAVR,0,422,0,0,0,0,0,6,0,0,0,0,0,177,0,0,0,0,0,0,0,0,0,453,0,22,0,0,1,0,1745,1,367,0,0,0,61,0,79,0,34,0,0,0,399,31,157,551,135,0,1060,0,26,0,0,0,93,0,960,0,0,146,0,0,0,0,8,0,15,21,308,279,47,311,0,607,67,180,0,0,84,805,1557,0,302,163,86,434,159,0,117,0,0,0,46,0,0,258,0,0,0,0,0,0,41,0,170,1157,12,114,3,475,11,933,49,0,0,0,0,172,2595,0,0,87,3881,1306,1828,2,1705,0,2584,60,133,754,28,0,0,0,170,5,251,0,10,0,270,0,235,347,147,0,0,0,214,6,0,7,399,1921,0,146,0,310,0,0,0,0,0,0,0,0,0,0,0,0,0,0,0,0,0,0,0,0,0,0,0,0,0,0,0,22,0,328,62,755
SIBDL,410,0,0,149,342,0,21,974,0,3,0,0,46,21,25,0,0,120,42,115,198,0,12,28,77,0,330,10,15,24,520,0,0,0,0,178,9,222,0,160,101,0,0,840,0,312,111,390,357,1224,232,2,82,102,252,285,0,678,289,0,0,56,18,34,17,356,0,370,0,241,459,283,477,107,468,6,27,154,18,15,0,131,0,90,54,68,0,107,21,400,0,0,0,73,7,0,578,48,0,0,23,0,0,8,0,271,0,1117,997,108,90,49,873,1,320,0,0,0,113,2238,154,3987,87,0,790,2532,786,2125,829,1545,0,337,8,92,87,0,24,211,0,0,0,0,131,176,0,66,0,32,0,0,18,226,0,0,0,22,1031,387,622,0,468,49,0,0,0,0,0,0,363,0,0,0,0,0,0,0,182,0,0,0,25,438,0,431,0,1041,0,0,0,0,38,0,0,0
SIBDR,0,101,52,0,0,230,1369,69,0,0,0,0,113,59,0,15,84,0,4,16,0,115,12,60,0,30,0,210,94,92,491,0,0,0,0,0,98,0,139,1,99,3,0,0,883,112,480,554,316,3,962,114,3,253,67,0,90,436,908,0,0,22,58,70,54,6,313,41,270,101,341,751,8,303,343,196,50,106,143,173,0,43,185,81,724,124,0,32,148,0,302,0,0,0,0,0,351,606,0,1,58,0,0,0,20,0,143,565,836,77,94,772,1,292,14,0,0,0,0,151,1915,137,3881,790,0,868,2602,340,2539,4,1365,100,511,148,245,0,80,0,222,0,0,133,0,122,122,259,52,2,11,6,8,0,285,0,10,1,485,929,66,16,43,620,0,0,0,0,0,0,94,0,0,0,0,0,0,0,0,0,0,0,0,0,0,0,0,0,0,0,0,58,0,1164,0,1060
SIBVL,76,0,3,0,0,0,62,513,0,0,0,13,63,96,0,0,0,0,0,0,0,0,0,0,0,0,0,0,112,166,1545,0,12,4,0,285,0,31,25,79,0,732,0,0,195,378,342,260,121,686,389,0,4,43,27,131,84,877,265,0,2,106,34,0,0,27,2,12,149,128,190,395,490,1097,310,16,336,172,101,0,438,381,618,328,300,483,0,63,11,180,168,0,20,224,3,0,266,134,0,56,144,6,0,46,0,64,38,285,111,359,462,329,671,45,491,16,0,0,0,1085,383,1228,1306,2532,868,0,2277,1034,1577,232,364,57,34,97,76,3,0,110,150,5,193,0,222,0,157,14,53,35,0,312,0,17,86,0,0,53,744,1397,1210,39,421,205,74,4,87,133,200,402,2016,135,0,0,0,0,0,0,0,0,0,0,0,0,0,0,0,0,0,0,0,0,0,0,0,0
SIBVR,0,193,24,0,0,0,282,40,0,0,13,0,7,203,0,0,5,0,0,0,0,0,2,224,0,0,0,0,128,199,1449,0,416,0,164,97,15,112,44,40,10,0,454,92,173,314,194,85,279,621,1235,0,17,11,7,303,80,463,636,27,0,43,111,0,0,0,26,48,6,278,168,321,137,163,1512,112,100,7,245,810,0,1024,393,93,514,66,34,3,53,121,151,30,0,31,147,0,157,206,0,31,114,0,4,0,20,53,83,76,57,437,211,614,214,237,85,0,0,0,83,446,776,922,1828,786,2602,2277,0,1207,1087,297,223,89,5,10,30,0,36,225,127,2,69,340,0,0,132,11,1,78,441,0,230,59,126,0,185,0,1046,561,2928,0,221,88,0,0,0,0,0,0,19,0,0,0,15,85,105,704,141,324,0,0,0,0,0,0,0,0,0,0,0,0,0,0,0,0
SMBDL,464,0,0,0,0,0,0,1093,0,0,0,0,0,2,0,0,0,10,0,0,0,0,3,0,2,0,0,0,14,8,517,0,219,0,134,4,0,13,0,0,0,0,866,0,0,770,86,309,337,242,615,0,44,138,0,151,0,396,184,0,0,0,238,0,0,0,0,753,169,114,540,0,206,6,325,97,187,21,290,0,7,416,0,23,0,21,294,90,0,43,0,0,65,551,76,45,279,3,0,102,16,0,50,0,0,37,0,170,82,754,30,50,56,58,58,152,0,0,6,3328,0,1894,2,2125,340,1034,1207,0,176,1776,76,418,0,40,16,0,227,29,0,0,357,0,37,0,0,219,329,282,0,19,271,0,0,130,0,0,302,159,79,0,331,10,71,0,2,0,433,0,2331,0,600,38,1156,416,2269,780,252,1660,0,0,0,0,0,0,0,0,0,0,0,0,0,0,0,0
SMBDR,0,434,1,0,0,0,987,0,0,0,0,0,4,21,0,0,53,0,0,0,0,0,0,13,0,9,0,0,31,40,423,0,588,49,0,2,0,0,47,25,0,1228,0,0,0,105,686,285,174,692,8,16,0,0,44,0,227,172,526,0,0,334,0,0,0,85,27,92,850,219,61,48,0,109,17,125,67,0,29,2,0,737,532,0,35,107,56,0,128,0,23,11,0,38,500,0,0,155,12,0,12,24,0,0,0,0,48,349,159,75,661,118,46,5,47,176,0,0,0,0,2567,63,1705,829,2539,1577,1087,176,0,242,1366,4,340,33,44,228,0,0,48,0,41,68,0,54,16,0,402,288,510,377,0,0,1,0,1,0,344,434,0,12,0,533,900,76,1332,460,1709,61,2772,1894,0,0,0,0,3,0,3,0,0,0,0,0,0,0,0,0,0,0,0,0,0,11,0,0
SMBVL,1068,0,908,0,0,0,3,0,117,0,0,0,1031,0,0,0,276,0,124,0,0,0,429,0,341,0,0,0,0,0,149,0,0,0,0,439,0,60,0,165,0,0,0,720,0,399,92,0,294,509,0,106,0,0,0,13,0,560,0,137,0,46,0,0,0,118,0,1136,280,0,1,258,77,0,317,64,15,0,294,172,0,287,0,158,0,20,13,132,16,32,0,251,0,243,77,24,113,0,8,0,98,0,0,232,0,83,0,0,124,203,52,91,250,0,501,0,0,0,183,80,111,2848,0,1545,4,232,297,1776,242,0,222,327,2,0,489,0,0,5,0,149,64,518,0,24,0,628,10,17,0,0,0,508,0,4,131,0,703,58,248,0,426,0,0,0,0,0,0,0,0,0,0,0,0,0,0,0,0,0,395,118,851,657,0,618,2573,1527,0,0,0,0,1198,0,0,0
SMBVR,0,1152,0,1218,0,17,0,184,0,72,0,19,0,1018,0,21,0,395,0,95,0,1,0,766,0,947,6,4,0,0,141,0,262,0,0,0,367,0,51,0,124,0,0,0,717,129,436,447,0,0,405,0,18,0,0,0,6,0,175,0,350,0,52,0,0,0,376,0,1328,0,0,53,234,162,0,15,66,428,0,0,72,46,395,0,91,127,22,26,158,0,33,0,528,96,300,5,0,151,0,22,31,0,0,0,109,0,70,393,13,104,23,294,0,612,0,0,0,0,95,19,66,0,2584,0,1365,364,223,76,1366,222,0,62,88,186,0,0,0,0,71,0,51,0,557,0,217,0,10,26,29,0,0,0,639,0,0,218,11,853,0,142,0,527,0,0,0,0,0,0,0,0,0,0,0,0,0,0,0,0,0,0,0,0,123,0,0,0,301,245,346,386,0,1844,824,1400
SMDDL,0,0,0,3,0,0,0,138,0,6,0,0,0,1,0,0,0,40,0,24,0,0,0,8,0,0,0,0,0,0,0,0,0,4,0,0,91,0,0,60,444,10,0,0,0,307,2,544,1796,17,350,0,30,26,816,47,0,95,40,0,0,5,435,0,0,0,0,23,0,260,1100,0,6,10,0,371,89,23,0,2,0,4,0,0,0,0,19,546,403,135,294,0,0,4,0,0,337,656,0,0,9,0,3,0,43,22,71,0,990,289,5,108,386,56,94,405,0,0,59,1024,78,417,60,337,100,57,89,418,4,327,62,0,234,179,2389,1,1,0,0,0,0,0,70,85,0,0,148,301,103,1,766,100,0,49,0,10,615,512,54,307,397,258,5,0,160,0,110,0,6,0,30,0,359,0,359,0,0,0,51,0,35,0,0,4,0,0,18,0,8,0,0,0,0,0
SMDDR,1,0,30,0,0,0,117,0,1,0,0,0,59,0,0,0,34,0,0,0,0,0,47,0,20,0,0,0,0,0,3,0,0,0,0,1,0,0,4,397,83,0,0,0,0,11,365,1545,406,94,0,116,0,659,26,0,35,74,67,0,0,611,0,5,0,0,0,0,18,1149,82,19,2,41,0,146,512,0,79,0,7,26,0,33,2,23,23,619,533,371,87,0,0,0,13,3,504,380,0,0,0,35,0,2,0,0,69,1290,9,54,418,130,131,173,5,369,0,0,72,146,1082,73,133,8,511,34,5,0,340,2,88,234,0,2139,335,0,0,0,1,0,0,68,0,71,31,42,131,200,82,790,53,0,61,7,18,0,313,349,105,610,134,476,171,0,586,0,1441,0,0,0,4,0,10,0,0,0,0,0,22,0,0,0,0,0,0,0,93,0,33,0,0,0,0,0
SMDVL,0,0,0,0,0,0,0,0,0,0,0,0,0,0,0,0,0,0,0,0,7,0,0,0,0,0,0,0,51,28,332,217,1,0,0,92,0,0,0,207,362,0,0,0,0,238,1352,737,291,174,0,0,0,85,0,0,435,0,338,0,0,64,119,5,5,0,0,32,0,334,350,1,31,265,16,451,0,50,0,0,34,0,0,0,30,25,127,540,529,72,380,0,0,20,58,9,593,378,0,0,0,141,0,85,0,0,0,677,175,11,283,244,222,78,48,41,0,0,312,1119,1094,4,754,92,148,97,10,40,33,0,186,179,2139,0,779,0,0,0,0,12,598,0,0,0,101,0,262,169,207,34,0,0,704,22,0,0,231,272,0,559,0,611,140,0,30,0,0,0,0,0,13,0,9,0,0,0,0,0,1,0,2,0,782,0,0,0,143,0,491,83,0,137,443,0
SMDVR,0,0,0,0,0,4,0,0,0,0,0,0,0,0,0,0,0,0,0,0,0,18,0,0,0,0,0,0,2,57,229,0,0,0,0,0,20,0,0,279,179,18,3,0,0,1051,91,389,922,0,16,0,1,7,115,322,0,443,0,0,0,179,22,22,0,0,6,0,40,188,701,18,0,105,47,8,466,0,0,250,0,0,0,124,0,0,1,651,442,358,117,0,0,0,20,0,456,652,0,0,0,1,40,0,56,0,52,40,867,272,10,106,214,47,133,171,0,0,306,1110,1000,825,28,87,245,76,30,16,44,489,0,2389,335,779,0,0,0,0,0,603,7,0,0,0,0,18,174,172,194,0,40,1055,0,57,3,0,292,187,0,375,497,0,2,0,0,0,0,0,0,0,45,0,207,0,0,0,0,0,90,0,601,21,0,408,0,0,75,0,308,0,587,0,0,0
URADL,0,0,32,0,3,0,0,0,0,24,0,0,49,0,40,0,75,0,28,0,36,0,0,0,0,0,38,50,74,18,0,0,0,7461,0,974,0,0,0,0,0,2049,0,0,0,0,0,0,2,0,0,167,0,2342,0,0,0,394,0,6,0,4,0,25,27,2,0,21,0,51,0,0,0,89,56,0,0,101,0,174,0,0,0,0,0,706,0,0,0,74,0,185,0,19,0,48,0,0,5330,0,0,4207,0,867,0,0,0,21,31,3,296,0,0,78,0,759,355,2022,1222,0,0,0,0,0,0,3,0,0,228,0,0,1,0,0,0,0,0,0,0,0,0,69,0,101,72,0,0,0,0,1382,0,0,0,0,19,0,161,141,48,0,0,0,2859,2682,19,0,0,0,0,0,0,0,0,0,0,0,0,0,0,0,0,0,0,0,0,0,0,0,0,0,0,0,0,0
URADR,0,0,0,59,0,30,0,0,25,15,0,0,0,51,0,61,0,38,0,54,0,1,0,4,0,15,86,31,2,56,0,0,0,0,7257,0,1024,0,0,0,0,0,1730,0,0,0,0,0,0,0,0,0,151,0,3439,0,0,0,20,0,72,0,13,35,29,0,0,0,0,0,92,57,155,186,317,0,0,360,223,152,481,0,0,0,0,436,10,0,0,0,22,0,259,0,4,49,0,0,0,3776,0,0,5077,0,651,0,0,234,241,221,0,98,0,1,134,144,1606,337,646,0,0,0,0,24,80,0,36,227,0,0,0,1,0,0,0,0,0,0,0,0,0,0,85,207,0,184,6,0,10,0,1552,0,0,15,0,66,186,177,0,0,0,0,0,0,0,0,0,0,0,0,4491,1765,48,0,48,0,2,0,0,0,0,0,0,0,0,0,0,0,0,0,0,0,0,0
URAVL,0,0,0,0,0,0,0,0,0,0,0,0,0,0,0,0,0,0,0,0,0,0,0,0,0,0,0,0,0,378,159,0,0,0,0,1013,0,8662,0,5,0,0,0,2133,0,13,0,0,0,93,0,357,0,0,0,1259,0,177,0,0,0,0,286,0,0,0,0,0,0,0,0,0,63,0,14,0,11,0,0,0,0,27,0,65,0,649,118,115,0,372,0,0,0,301,0,125,12,0,4444,0,39,0,0,1160,0,2360,0,0,2,67,0,0,0,0,86,1370,520,1671,700,254,0,232,0,211,0,110,225,29,0,5,0,0,0,0,0,0,0,0,0,0,0,0,0,0,0,0,0,0,162,0,0,453,0,20,0,0,106,121,53,1,0,0,0,0,0,0,0,0,0,0,0,0,0,0,0,0,0,0,4600,2471,0,1,0,0,0,0,0,0,0,0,0,0,0,0
URAVR,0,0,0,0,0,0,0,0,0,0,0,0,0,0,0,0,0,0,0,0,0,0,0,0,0,0,0,0,178,0,204,0,0,0,0,0,1217,0,6658,0,423,0,0,0,1622,0,48,8,0,0,0,0,363,0,0,0,1127,0,231,0,0,86,0,0,0,0,0,0,0,48,0,0,0,0,0,0,0,0,0,0,0,0,0,0,70,321,0,0,49,0,292,0,0,0,132,22,1,24,0,5387,10,0,0,0,1967,0,2312,22,0,0,32,0,0,94,0,1137,2505,893,953,0,295,0,170,0,222,150,127,0,48,0,71,0,1,0,0,0,0,0,0,0,0,0,0,0,0,0,2,2,35,0,0,0,620,91,0,0,101,117,0,0,0,0,0,0,0,0,0,0,0,0,0,12,0,0,0,0,0,0,0,0,0,0,0,0,0,0,5127,3961,8,0,0,0,0,9
ADEL,0,0,0,0,0,0,0,0,0,0,0,0,0,0,0,0,0,0,0,0,0,0,0,0,0,0,0,0,0,0,78,4789,2499,0,0,0,0,0,0,0,0,0,0,0,0,123,68,36,548,0,0,0,0,0,0,0,0,1160,160,0,0,14,60,0,0,0,0,0,0,1287,2156,1,2,28,285,34,84,0,0,562,0,0,0,266,415,0,747,0,0,0,0,0,0,453,770,0,0,0,0,0,0,0,0,0,0,0,0,0,0,0,0,0,0,0,0,0,0,0,0,141,41,192,5,0,0,5,2,0,0,149,0,0,0,12,603,0,0,0,0,0,11750,0,0,0,0,3,483,561,292,0,0,0,0,900,226,0,0,0,0,251,48,0,0,0,0,0,0,0,0,0,0,0,0,0,0,0,0,0,0,0,0,0,0,0,0,0,0,0,0,0,0,0,0,0
ADER,0,0,0,0,0,0,0,0,0,0,0,0,0,0,0,0,0,0,0,0,0,0,0,0,0,0,0,0,0,0,106,6432,4710,0,0,0,0,0,0,0,0,0,0,0,0,0,0,533,0,0,0,0,0,0,0,0,0,253,1679,0,0,9,0,0,0,0,0,0,0,1216,1070,0,60,190,206,21,253,0,7,381,0,1296,4,282,294,8,409,0,0,0,0,7,0,1289,533,0,0,0,0,0,0,0,0,0,0,0,0,0,0,0,0,0,0,0,0,0,0,0,0,468,110,53,251,0,0,193,69,357,41,64,51,0,0,598,7,0,0,0,0,11750,0,0,0,0,0,23,755,774,336,0,0,0,0,206,332,0,0,0,0,10,4,0,0,0,0,0,0,0,0,0,0,0,0,0,0,0,0,0,0,0,0,0,0,0,0,0,0,0,0,0,0,0,0,0
AIML,0,0,2,0,0,0,2027,0,167,0,4463,0,1038,8,87,0,4752,46,849,0,0,0,675,0,38,0,321,0,0,0,138,0,0,203,0,213,0,0,0,90,0,152,0,0,0,0,7,0,1,10,0,504,0,96,0,0,0,23,0,2501,0,161,0,14,0,159,0,78,0,8,10,0,14,172,239,258,0,185,98,687,0,10,0,4,0,25,0,0,0,0,0,1547,209,0,0,0,0,0,0,0,0,167,0,16,0,0,0,0,0,0,29,0,0,0,0,0,0,0,0,0,141,83,0,0,133,0,340,0,68,518,0,0,68,0,0,69,0,0,0,0,0,0,434,148,424,17,0,0,0,29,0,224,0,0,2698,180,13,0,359,0,971,0,0,0,0,0,0,0,0,0,0,0,0,0,0,0,0,0,0,0,0,0,0,0,0,0,0,0,0,0,0,0,0,0
AIMR,0,30,0,16,0,0,0,985,0,102,0,4301,8,780,0,111,118,4386,0,897,0,0,0,655,0,204,7,114,0,0,5,21,313,0,110,0,117,0,0,0,59,0,125,0,0,33,0,10,0,0,8,0,439,0,114,0,0,0,52,0,2754,0,83,0,0,0,13,0,55,0,0,0,3,2,168,0,284,79,136,15,417,3,190,0,0,85,0,0,0,0,0,0,1214,0,0,0,0,0,0,0,0,0,178,0,156,0,0,0,0,49,0,0,0,0,0,0,0,0,0,139,0,0,10,131,0,222,0,37,0,0,557,70,0,0,0,0,85,0,0,0,0,434,0,292,1,437,0,0,0,0,34,0,112,0,0,3021,0,263,0,39,0,900,0,0,0,0,0,0,0,0,0,0,0,0,0,0,0,0,0,0,0,0,0,0,0,0,0,0,0,0,0,0,0,0
ALA,0,0,2934,2793,0,0,304,377,209,270,0,0,37,84,379,0,1532,2393,1780,2325,0,0,62,759,86,61,260,63,0,0,0,0,0,163,165,422,210,0,0,179,76,423,398,0,0,4,0,0,0,113,189,252,305,263,235,0,0,0,0,130,50,174,252,0,0,0,0,0,0,0,0,0,0,251,250,358,193,204,284,0,0,0,0,0,0,0,0,0,0,0,0,0,0,0,0,0,0,0,0,0,0,147,323,167,163,0,0,0,0,68,90,0,0,0,0,0,0,0,0,249,311,0,0,176,122,0,0,0,54,24,0,85,71,0,0,101,207,0,0,0,0,148,292,0,160,178,0,0,0,149,28,0,0,0,2030,2535,0,0,0,0,0,0,0,0,0,0,0,0,0,0,0,0,0,0,0,0,0,0,0,0,0,0,0,0,0,0,0,0,0,0,0,0,0,0
AVHL,10,2207,129,321,0,233,1331,0,15,233,0,0,764,2228,162,0,118,0,17,0,0,61,35,1387,36,3338,0,3,131,0,961,78,1058,223,0,0,0,0,0,0,0,297,0,0,206,0,26,0,9,0,0,112,715,114,0,0,371,25,976,0,18,3,0,181,0,0,291,0,964,0,553,1808,1109,1164,0,351,0,3237,918,183,407,537,3478,433,5298,157,0,0,0,0,0,1108,611,0,0,18,0,70,0,0,1969,83,0,0,0,0,0,170,5,0,0,0,0,0,0,0,0,0,0,0,357,0,270,0,122,157,132,0,16,0,217,0,31,101,0,72,0,0,0,0,0,424,1,160,0,505,78,34,0,284,0,0,0,9,64,101,52,40,8,38,0,28,0,0,0,0,0,0,0,0,0,0,0,0,0,0,0,0,0,0,0,0,0,0,0,0,0,0,0,0,0,0,0,0
AVHR,2618,0,285,216,82,0,0,1151,171,0,0,0,1320,445,0,0,0,254,0,4,0,0,1187,161,3863,61,0,0,0,51,773,0,0,0,127,0,0,0,0,0,3,0,110,190,0,349,0,0,0,0,0,789,105,0,66,175,0,1053,0,113,0,12,0,0,74,177,0,1183,0,346,113,1132,1452,0,1876,0,255,338,2511,789,0,3034,0,4941,178,90,2,16,0,0,0,795,813,326,0,28,2,0,0,0,1851,0,195,0,0,0,0,4,172,0,4,0,0,0,0,0,0,0,0,169,95,662,0,66,259,14,11,219,0,628,0,0,42,0,18,0,184,0,0,3,23,17,437,178,505,0,34,80,0,0,139,0,0,17,58,250,231,0,633,0,71,0,0,0,0,0,0,0,0,0,0,0,0,0,0,0,0,0,0,0,0,0,0,0,0,0,0,0,0,0,0,0,0,0
AVKL,0,0,0,0,0,0,0,0,0,0,0,0,0,0,0,0,0,0,0,0,0,0,0,0,0,0,0,0,33,0,0,67,0,0,2,0,0,9,18,1,0,0,65,40,10,344,1125,137,154,1,0,0,1,51,91,127,41,1,30,0,0,477,543,0,0,1,0,80,135,147,143,197,84,70,28,756,781,0,47,0,1,16,27,111,405,0,2951,3,10,138,37,0,0,548,809,11,684,599,0,0,6,0,104,0,0,4,3,511,119,0,0,255,99,0,0,0,0,0,19,537,498,187,235,0,52,53,1,329,402,10,10,148,131,262,174,0,6,0,2,483,755,0,0,0,78,34,0,3936,2382,4,1,49,0,2170,0,0,3,63,0,940,492,578,0,0,0,0,0,0,0,0,0,0,0,0,0,0,0,0,0,0,0,0,0,0,0,0,0,0,0,0,0,0,0,0
AVKR,0,0,0,0,0,0,0,0,0,0,0,0,0,0,0,0,0,0,0,0,0,0,0,0,0,0,0,0,0,0,11,1,0,0,0,0,0,0,25,54,7,5,0,0,0,688,401,170,114,0,0,0,8,77,17,33,17,72,11,0,0,383,493,0,0,4,0,159,43,43,338,82,91,1,88,620,665,0,47,0,0,77,28,320,124,0,2514,56,3,25,106,3,0,655,448,0,701,608,0,0,0,0,0,0,0,0,18,156,405,0,0,288,301,0,0,0,0,0,10,438,628,159,347,32,2,35,78,282,288,17,26,301,200,169,172,0,0,0,2,561,774,0,0,0,34,80,3936,0,2728,0,69,0,49,2345,26,0,24,93,0,928,418,615,0,0,0,0,0,0,0,0,0,0,0,0,0,0,0,0,0,0,0,0,0,0,0,0,0,0,0,0,0,0,0,0
AVL,0,0,0,0,0,0,0,0,0,0,0,0,0,0,0,0,0,0,0,0,0,0,0,0,0,0,0,0,28,16,0,9,69,1,0,68,16,164,139,69,93,7,23,122,128,44,51,3,0,80,44,0,23,220,168,448,417,0,0,0,0,60,169,0,0,0,0,0,0,1,24,6,0,0,0,151,160,0,0,0,0,129,93,0,19,0,2813,0,0,316,243,0,0,245,866,49,151,235,0,0,90,0,31,14,1,63,153,118,923,0,0,8,0,0,0,0,0,0,91,0,782,0,147,0,11,0,441,0,510,0,29,103,82,207,194,0,10,162,35,292,336,0,0,0,0,0,2382,2728,0,0,0,9,7,1365,0,0,0,16,0,2039,75,196,0,0,0,0,0,0,0,0,0,0,0,0,0,0,0,0,0,0,0,0,0,0,0,0,0,0,0,0,0,0,0,0
CEPDL,0,0,102,0,65,0,1797,0,0,40,0,0,42,0,237,0,22,0,18,0,143,0,0,0,0,0,6,17,57,48,0,0,0,1563,0,0,0,0,0,874,0,1263,0,0,0,0,63,0,2,1090,0,1154,0,1278,0,0,0,427,0,0,0,0,0,143,34,4,0,0,0,143,0,14,0,207,184,37,765,88,0,154,0,0,0,0,0,1115,0,632,90,312,0,3,0,7,0,20,0,107,331,0,0,1577,0,131,0,0,0,12,3,23,505,504,133,969,51,113,0,0,26,0,0,0,0,0,6,312,0,19,377,0,0,1,790,34,0,1382,0,0,0,0,0,29,0,149,284,0,4,0,0,0,0,0,0,0,0,0,368,339,0,328,64,0,45,583,428,1459,3374,6890,2873,10220,0,0,0,0,0,0,0,0,0,0,0,0,0,0,0,0,0,0,0,0,0,0,0,0
CEPDR,0,0,0,0,0,3,0,975,0,0,0,0,0,3,0,0,0,25,0,0,0,130,0,0,0,0,8,0,0,48,0,0,0,0,1838,0,0,0,0,0,945,0,969,0,0,0,0,0,25,0,1668,0,1163,0,1738,0,0,0,169,0,0,26,0,44,95,0,0,0,0,5,31,0,16,175,140,544,17,25,72,0,111,0,0,0,0,792,24,54,604,0,244,0,172,0,1,216,25,0,0,276,0,0,1373,0,153,0,0,62,33,612,6,310,448,35,946,122,0,0,14,4,0,0,0,18,8,0,230,271,0,0,0,766,53,0,40,0,1552,0,0,0,0,0,34,28,0,139,1,69,0,0,0,0,0,21,0,0,298,275,0,272,0,0,0,0,587,0,959,0,0,0,521,399,1276,2189,3695,6039,5965,8924,0,0,0,0,0,0,0,0,0,0,0,143,0,0,0,0
CEPVL,0,0,0,0,111,0,1497,0,1,0,222,0,41,0,191,0,174,0,59,0,164,0,0,0,0,0,171,133,0,494,0,0,0,0,0,0,0,313,0,863,0,0,0,641,0,0,0,0,0,1338,0,304,0,0,0,1098,0,224,0,62,0,57,0,0,104,21,0,0,0,0,4,42,0,0,130,0,622,0,51,76,0,205,0,0,0,1179,10,591,183,248,0,225,0,62,0,82,0,12,37,0,1,0,0,2,0,1113,0,0,12,843,0,738,308,0,261,51,0,0,59,0,0,259,0,226,0,17,59,0,0,508,0,100,0,0,1055,0,0,453,0,0,0,224,0,0,0,0,49,0,9,0,0,0,0,0,240,0,660,503,126,251,179,0,0,0,0,867,0,0,0,0,0,0,0,0,0,0,0,0,426,236,1536,2370,0,1915,2924,4288,0,0,0,0,7867,0,0,0
CEPVR,0,16,0,38,0,40,0,1023,0,53,0,115,0,189,0,208,0,142,0,120,0,169,0,32,0,5,56,120,371,0,28,0,0,0,0,0,0,0,415,0,1145,0,0,0,1238,0,0,0,0,0,1189,0,43,0,0,0,836,0,431,0,89,0,33,52,0,0,58,0,7,0,0,12,82,296,0,621,0,123,0,0,549,0,278,0,0,1414,0,194,831,0,132,0,60,0,0,0,27,0,0,655,0,0,0,0,0,0,1246,33,0,0,892,135,810,345,0,30,0,0,28,0,0,0,214,0,285,86,126,0,1,0,639,0,61,704,0,0,0,0,620,0,0,0,112,0,0,0,0,49,7,0,0,0,0,0,0,112,686,651,0,311,0,53,0,0,0,0,0,0,0,0,0,0,0,1154,0,47,0,0,0,0,0,0,3186,0,0,0,415,163,2094,1788,0,1431,7935,12846
DVC,0,0,0,0,0,0,0,0,0,0,0,0,0,0,0,0,0,0,0,0,0,0,0,0,0,0,0,0,152,66,17,1080,283,0,10,3,3,17,160,169,98,10,135,237,317,561,174,147,82,12,29,1,96,145,166,307,256,0,110,0,0,383,970,0,0,0,0,371,90,526,372,54,110,39,12,169,171,0,0,0,0,0,0,29,348,0,3348,0,6,168,257,0,0,1862,1297,18,128,199,0,0,32,3,51,1,0,25,91,376,407,0,0,0,0,0,0,0,0,0,7,166,54,34,6,0,0,0,0,130,0,4,0,49,7,22,57,0,15,20,91,900,206,0,0,0,9,17,2170,2345,1365,0,21,0,0,0,0,0,2,22,0,127,65,88,0,0,0,0,0,0,0,0,0,0,0,0,0,0,0,0,0,0,0,0,0,0,0,0,0,0,0,0,0,0,0,0
PVQL,36,0,1183,0,0,0,4,0,827,0,142,0,916,0,8,0,4630,0,4825,0,0,0,1154,0,201,0,75,0,0,0,34,0,0,28,0,126,0,0,0,36,0,50,0,0,0,0,0,0,0,5,0,286,0,88,0,0,0,403,0,1234,0,371,0,0,0,36,0,2,0,0,111,14,0,14,299,14,1,12,20,488,0,23,0,14,0,0,0,0,0,0,0,1116,0,0,0,0,0,0,0,0,0,87,0,32,0,0,0,0,0,0,1,0,0,0,0,0,0,0,0,0,83,17,0,0,10,0,185,0,1,131,0,0,18,0,3,19,0,0,0,226,332,2698,0,2030,64,58,0,26,0,0,0,240,0,0,0,2,6,0,169,0,1683,0,0,0,0,0,0,0,0,0,0,0,0,0,0,0,0,0,0,0,0,0,0,0,0,0,0,0,0,0,0,0,0,0
PVQR,0,25,0,1088,0,0,0,86,0,365,0,328,135,1355,0,0,439,4960,419,4063,0,0,392,2367,0,300,0,20,1,0,51,5,51,0,44,0,44,0,0,0,25,0,131,0,0,0,0,0,0,0,16,0,171,0,136,0,0,0,245,82,1809,0,202,0,0,0,29,0,40,0,0,16,139,6,66,0,106,269,39,0,1135,0,54,0,63,150,0,0,0,0,0,0,2005,0,0,0,0,0,0,0,8,0,73,0,23,0,0,0,0,10,0,0,0,0,0,0,0,0,0,56,0,0,7,22,1,53,0,0,0,0,218,10,0,0,0,0,66,0,0,0,0,180,3021,2535,101,250,0,0,0,0,0,0,112,0,2,0,0,68,0,4,0,1782,0,0,0,0,0,0,0,0,0,0,0,0,0,0,0,0,0,0,0,0,0,0,0,0,0,0,0,0,0,0,0,0
RICL,0,0,0,0,0,0,0,229,0,0,190,0,28,29,0,0,0,0,0,0,0,0,4,0,0,0,0,0,0,0,604,4,0,194,211,56,33,190,110,27,0,652,494,520,122,98,174,364,384,1397,545,219,110,4,1,99,99,1122,1586,4,0,1,1,0,0,0,0,55,0,1064,868,58,94,451,472,25,100,205,60,16,72,156,5,297,40,348,0,5,39,0,1,0,0,0,0,30,112,95,56,70,0,10,13,115,5,148,119,822,126,0,31,427,403,97,85,0,0,0,0,771,93,1904,399,1031,485,744,1046,302,344,703,11,615,313,231,292,161,186,106,101,0,0,13,0,0,52,231,3,24,0,368,298,660,686,2,6,0,0,2724,1612,19,121,51,0,0,0,0,110,0,1920,0,9,0,6,0,103,0,1968,0,0,0,0,10,0,234,985,215,0,0,0,0,0,0,0,34
RICR,0,0,0,0,0,0,203,59,0,0,0,158,0,100,0,0,0,0,0,0,0,0,0,6,0,0,0,0,0,0,328,0,0,87,130,21,144,159,212,30,22,712,400,136,621,254,154,405,393,843,1409,184,176,1,111,110,2,1255,916,0,41,9,0,0,0,0,0,0,141,835,676,160,37,384,347,44,23,42,176,55,341,242,162,56,257,536,11,52,4,3,0,0,17,0,3,3,107,93,8,31,0,1,0,21,127,55,135,690,152,275,17,183,73,135,210,0,0,0,0,59,431,392,1921,387,929,1397,561,159,434,58,853,512,349,272,187,141,177,121,117,0,0,0,263,0,40,0,63,93,16,339,275,503,651,22,0,68,2724,0,353,114,143,218,0,0,1,0,377,0,5316,0,33,0,285,0,706,0,2124,0,0,0,0,22,0,60,52,0,0,0,0,3,0,0,146,194
RID,13,0,105,0,0,0,249,0,2,0,693,0,543,0,0,0,0,0,0,0,71,0,93,0,0,0,0,0,5,246,1186,0,0,0,0,0,0,22,0,0,0,10,0,37,0,83,61,0,240,528,0,0,0,375,0,226,0,822,0,140,0,0,123,60,46,0,0,517,0,698,0,1038,1766,1671,3691,263,0,1,2401,1108,0,5447,0,4478,0,230,0,0,0,40,57,35,0,22,0,0,242,3,0,0,61,0,0,0,0,54,0,396,597,0,0,0,0,6,0,0,0,0,137,71,93,772,0,622,66,1210,2928,79,0,248,0,54,105,0,0,48,0,53,0,0,0,359,0,0,8,633,0,0,0,0,0,126,0,0,169,0,1612,353,0,0,476,0,0,0,0,0,0,0,0,0,0,0,0,0,0,0,0,0,0,0,0,0,0,0,0,0,0,0,0,0,0,0,0,0
RIS,0,10,0,0,0,0,0,4,0,0,0,0,19,116,0,0,0,0,0,0,32,93,0,0,0,0,0,0,0,0,10,0,438,0,0,10,0,0,3,68,81,1,0,183,87,0,146,32,13,27,3,0,4,107,83,200,173,0,0,0,2,116,24,2,29,18,205,1,7,1,0,82,129,3,0,414,358,211,115,0,125,93,105,0,2,35,339,22,2,797,822,0,7,5,19,33,360,328,0,0,26,0,0,0,2,0,0,301,132,0,70,348,369,7,1,0,0,0,29,10,166,0,146,0,16,39,0,0,12,0,142,307,610,559,375,0,0,1,0,251,10,0,39,0,38,0,940,928,2039,328,272,251,311,127,0,4,19,114,0,0,213,236,0,0,0,0,0,0,0,0,0,0,0,0,0,0,0,0,0,0,0,0,0,0,0,0,0,0,0,0,0,0,0,0
RMGL,0,0,448,0,0,0,891,0,60,0,0,0,470,0,0,0,752,0,931,0,0,0,676,0,195,0,0,0,0,0,144,0,0,0,0,496,0,0,0,46,0,0,0,0,0,481,303,584,107,37,0,714,0,0,0,0,0,545,0,62,0,0,91,0,0,7,0,0,0,22,140,136,0,0,221,376,63,0,185,771,0,78,0,23,0,76,32,53,82,65,0,1826,0,303,0,0,0,135,0,0,2,0,0,160,0,0,0,0,348,75,85,938,1945,288,180,0,0,0,0,21,147,445,0,468,43,421,221,331,0,426,0,397,134,0,497,0,0,0,0,48,4,971,0,0,0,71,492,418,75,64,0,179,0,65,1683,0,121,143,476,213,0,0,0,36,0,38,0,1339,0,352,0,0,0,0,0,0,0,0,0,39,0,670,0,5443,0,2755,0,0,0,0,0,0,0,0
RMGR,0,0,0,158,0,0,0,583,0,5,0,55,0,384,0,0,0,518,0,621,0,0,0,208,0,774,0,0,0,0,182,0,0,0,0,0,405,0,0,0,36,0,0,0,0,341,510,199,419,0,69,0,512,0,0,0,0,0,310,0,122,258,1,0,0,0,0,0,8,143,163,61,168,147,0,78,256,306,0,0,1055,0,9,0,87,356,177,120,146,0,80,0,1547,0,362,0,192,1,0,0,0,0,0,0,240,0,0,182,0,51,10,2688,893,52,528,0,0,0,0,470,226,0,310,49,620,205,88,10,533,0,527,258,476,611,0,0,0,0,0,0,0,0,900,0,28,0,578,615,196,0,0,0,53,88,0,1782,51,218,0,236,0,0,0,0,0,0,0,0,0,0,0,2,0,0,0,0,0,0,0,0,0,0,0,0,0,0,0,76,0,1509,0,3829,0,493
BWM-DL01,0,0,0,0,0,0,0,0,0,0,0,0,0,0,0,0,0,0,0,0,0,0,0,0,0,0,0,0,0,0,0,0,0,97,0,0,0,0,0,0,0,30,0,0,0,0,0,0,0,0,0,0,0,1,0,0,0,0,0,0,0,0,0,0,0,0,0,0,0,0,0,0,0,0,0,0,0,0,0,0,0,0,0,0,0,21,0,0,0,0,0,0,0,0,0,0,0,0,778,0,0,510,0,0,0,0,0,0,0,170,1438,0,0,169,0,184,243,344,1338,0,0,0,0,0,0,74,0,71,900,0,0,5,171,140,2,2859,0,0,0,0,0,0,0,0,0,0,0,0,0,45,0,0,0,0,0,0,0,0,0,0,0,0,0,593,19001,0,5478,0,2907,0,2789,0,922,0,0,0,0,0,0,0,0,0,0,0,0,0,0,0,0,0,0,0,0,0
BWM-DL02,0,0,0,0,0,0,10,0,0,0,0,0,0,0,0,0,0,0,0,0,0,0,0,0,0,0,0,0,0,0,0,0,0,30,0,93,0,0,0,38,0,6,0,0,0,0,0,0,0,1955,0,0,0,0,0,0,0,0,0,0,0,0,0,0,0,0,0,0,0,0,0,0,0,0,0,0,0,0,0,0,0,0,0,0,0,6,0,0,0,0,0,0,0,0,0,0,0,0,722,0,0,381,0,1401,0,0,0,0,0,0,935,234,282,285,13,3,18,1971,0,0,0,0,0,0,0,4,0,0,76,0,0,0,0,0,0,2682,0,0,0,0,0,0,0,0,0,0,0,0,0,583,0,0,0,0,0,0,0,0,0,0,36,0,593,0,0,11421,0,12579,0,796,0,0,0,0,0,0,0,0,0,2402,0,386,0,0,0,0,0,0,0,0,0,0,0,0
BWM-DL03,0,0,0,0,0,0,0,0,0,0,0,0,0,0,0,0,0,0,0,0,0,0,0,0,0,0,0,0,0,0,0,0,0,0,0,0,0,0,0,0,0,0,0,0,0,0,0,0,0,0,0,0,0,72,0,0,0,0,0,0,0,0,0,0,0,0,0,0,0,0,0,0,0,0,0,0,0,0,0,0,0,0,0,0,0,64,0,0,2,0,0,0,0,0,0,0,0,0,0,0,0,19,0,0,0,0,0,0,0,34,1963,0,0,132,0,849,1,43,477,0,0,0,0,0,0,87,0,2,1332,0,0,160,586,30,0,19,0,0,0,0,0,0,0,0,0,0,0,0,0,428,587,0,0,0,0,0,0,1,0,0,0,0,19001,0,0,0,28581,0,7554,0,1853,0,2891,0,1432,0,0,0,0,0,0,0,0,0,0,0,0,0,0,0,0,0,0,0
BWM-DL04,0,0,0,0,0,0,126,0,0,0,0,0,0,0,0,0,0,0,0,0,0,0,0,0,0,0,0,0,0,0,0,0,0,0,0,51,0,0,0,2,0,14,0,0,0,0,0,0,0,2846,0,0,0,0,0,0,0,0,0,0,0,0,0,0,0,0,0,0,0,0,0,0,0,0,0,0,0,0,0,2,0,0,0,0,0,19,0,0,2,0,0,0,0,0,0,0,0,0,0,0,0,0,0,191,0,0,0,0,0,0,1252,485,549,6,0,0,0,0,0,0,0,0,0,0,0,133,0,0,460,0,0,0,0,0,0,0,0,0,0,0,0,0,0,0,0,0,0,0,0,1459,0,867,0,0,0,0,0,0,0,0,38,0,0,11421,0,0,0,15525,0,4379,0,0,0,0,0,0,0,0,0,2080,0,6361,0,0,0,29,0,0,0,0,0,0,0,0
BWM-DL05,0,0,0,0,0,0,0,0,0,0,0,0,0,0,0,0,0,0,0,0,0,0,0,0,0,0,0,0,0,0,0,0,0,0,0,0,0,0,0,0,0,0,0,0,0,0,0,0,0,0,0,0,0,48,0,0,0,0,0,0,0,0,0,0,0,0,0,0,0,0,0,0,0,0,0,0,0,0,0,0,0,0,0,0,0,58,0,173,220,0,0,0,0,0,0,0,0,0,0,0,0,0,0,0,0,0,0,6,0,16,939,0,0,1358,81,1674,0,0,0,0,0,0,0,0,0,200,0,433,1709,0,0,110,1441,0,0,0,0,0,0,0,0,0,0,0,0,0,0,0,0,3374,959,0,0,0,0,0,110,377,0,0,0,0,5478,0,28581,0,0,0,67171,0,0,0,20,0,0,0,0,0,0,0,0,0,0,0,0,0,0,0,0,0,0,0,0,0
BWM-DL06,0,0,0,0,0,0,0,0,0,0,0,0,0,0,0,0,0,0,0,0,0,0,0,0,0,0,0,0,0,0,0,0,0,0,0,0,0,0,0,0,0,0,0,0,0,0,0,0,0,1874,0,0,0,0,0,0,0,0,0,0,0,0,0,0,0,0,0,0,0,0,0,0,0,0,0,0,0,0,0,0,0,0,0,0,0,0,0,0,0,0,0,0,0,0,0,0,0,0,0,0,0,0,0,0,0,0,0,0,0,0,673,1876,1477,0,65,0,0,0,0,0,0,0,0,0,0,402,0,0,61,0,0,0,0,0,0,0,0,0,0,0,0,0,0,0,0,0,0,0,0,6890,0,0,0,0,0,0,0,0,0,0,1339,0,0,12579,0,15525,0,0,0,31235,0,0,0,0,0,0,0,0,0,0,0,0,0,0,0,0,0,0,0,0,0,0,0,0
BWM-DL07,0,0,0,0,0,0,0,0,0,0,0,0,0,0,0,0,0,0,0,0,0,0,0,0,0,0,0,0,0,0,0,0,0,0,0,0,0,0,0,0,0,0,0,0,0,0,0,0,0,0,0,0,0,0,0,0,0,456,0,0,0,0,0,0,0,0,0,0,0,840,0,0,0,0,0,0,0,0,0,0,0,0,0,0,0,40,0,0,0,0,0,0,0,0,0,0,0,0,0,0,0,0,0,0,0,0,0,240,0,892,0,0,0,0,1,1,0,0,0,0,0,0,0,363,94,2016,19,2331,2772,0,0,6,0,0,0,0,0,0,0,0,0,0,0,0,0,0,0,0,0,2873,0,0,0,0,0,0,1920,5316,0,0,0,0,2907,0,7554,0,67171,0,0,0,0,0,0,0,0,0,0,0,0,0,0,0,0,0,0,0,0,0,0,0,0,0,0,0
BWM-DL08,0,0,0,0,0,0,0,0,0,0,0,0,0,0,0,0,0,0,0,0,0,0,0,0,0,0,0,0,0,0,0,0,0,0,0,0,0,0,0,0,0,1022,0,0,0,0,0,0,0,634,0,0,0,0,0,0,0,0,0,0,0,0,0,0,0,0,0,0,0,0,0,0,0,0,0,0,0,0,0,0,0,0,0,0,0,47,0,0,0,0,0,0,0,0,0,0,0,0,0,0,0,0,0,0,0,0,0,0,0,0,79,4,5,0,3,0,0,0,0,0,0,0,0,0,0,135,0,0,1894,0,0,0,0,0,0,0,0,0,0,0,0,0,0,0,0,0,0,0,0,10220,0,0,0,0,0,0,0,0,0,0,352,0,0,796,0,4379,0,31235,0,0,0,0,0,0,0,0,0,0,0,0,0,0,0,0,0,0,0,0,0,0,0,0,0,0
BWM-DR01,0,0,0,0,0,0,0,0,0,0,0,0,0,0,0,0,0,0,0,0,0,0,0,0,0,0,0,0,0,0,0,0,0,0,357,0,0,0,0,0,0,0,68,0,0,0,0,0,0,0,0,0,0,0,4,0,0,0,0,0,0,0,0,0,0,0,0,0,0,0,127,0,0,0,0,0,0,0,0,0,0,0,0,0,0,27,0,0,0,0,0,0,0,0,0,0,0,0,0,566,0,0,1124,0,0,0,0,5,5,1075,387,14,0,0,252,315,159,26,528,0,0,0,0,0,0,0,0,600,0,0,0,30,4,13,45,0,4491,0,0,0,0,0,0,0,0,0,0,0,0,0,521,0,0,0,0,0,9,33,0,0,0,0,2789,0,1853,0,0,0,0,0,0,566,17395,2,2345,0,15886,0,0,0,0,0,0,0,0,0,0,0,0,0,0,0,0,0
BWM-DR02,0,0,0,0,0,0,0,5,0,0,0,0,0,0,0,0,0,0,0,0,0,0,0,0,0,0,0,0,0,0,0,0,0,0,0,0,448,0,0,0,246,0,15,0,0,0,0,0,0,0,1258,0,0,0,0,0,0,0,0,0,0,0,0,0,0,0,0,0,0,0,0,0,0,0,0,0,0,0,0,0,0,0,0,0,0,18,0,0,0,0,0,0,0,0,0,0,0,0,0,206,0,0,355,0,1776,0,0,0,0,746,2,520,155,19,229,0,3116,16,0,0,0,0,0,0,0,0,0,38,0,0,0,0,0,0,0,0,1765,0,12,0,0,0,0,0,0,0,0,0,0,0,399,0,0,0,0,0,0,0,0,0,0,2,0,0,0,0,0,0,0,0,566,0,0,13529,0,7714,0,1890,0,0,0,0,0,0,0,0,0,2957,0,566,0,0,0,0
BWM-DR03,0,0,0,0,0,0,0,0,0,0,0,0,0,0,0,0,0,0,0,0,0,0,0,0,0,0,0,0,0,0,0,0,0,0,0,0,0,0,0,0,4,0,0,0,0,0,0,0,0,0,0,0,0,0,35,0,0,0,0,0,0,0,0,0,0,0,0,0,0,0,208,0,0,0,0,0,0,0,0,0,0,0,0,0,0,4,0,0,0,0,0,0,0,0,0,0,0,0,0,5,0,0,36,0,0,0,0,69,24,1765,218,64,0,0,97,654,19,0,442,0,0,0,0,0,0,0,15,1156,0,0,0,359,10,9,207,0,48,0,0,0,0,0,0,0,0,0,0,0,0,0,1276,0,0,0,0,0,6,285,0,0,0,0,922,0,2891,0,20,0,0,0,17395,0,0,0,34293,0,17933,0,0,0,0,0,0,0,0,0,0,0,0,0,0,0,0,0
BWM-DR04,0,0,0,0,0,0,0,307,0,0,0,0,0,0,0,0,0,0,0,0,0,0,0,0,0,0,0,0,0,0,0,0,0,0,0,0,0,0,0,0,11,0,60,0,0,0,0,0,0,0,3559,0,0,0,0,0,0,0,0,0,0,0,0,0,0,0,0,0,0,0,0,0,0,0,0,0,0,0,0,0,7,0,0,0,0,534,0,0,0,0,0,0,0,0,0,0,0,0,0,0,0,0,22,0,29,0,0,0,0,1573,3,711,781,18,47,0,0,0,0,0,0,0,0,0,0,0,85,416,0,0,0,0,0,0,0,0,0,0,0,0,0,0,0,0,0,0,0,0,0,0,2189,0,1154,0,0,0,0,0,0,0,0,0,0,0,0,0,0,0,0,0,2,13529,0,0,0,20757,0,4408,0,0,0,0,0,0,0,0,0,10,0,4901,0,0,0,0
BWM-DR05,0,0,0,0,0,0,0,0,0,0,0,0,0,0,0,0,0,0,0,0,0,0,0,0,0,0,0,0,0,0,0,0,0,0,0,0,0,0,0,0,0,0,0,0,0,0,0,0,0,0,0,0,0,0,0,0,0,0,0,0,0,0,0,0,0,0,0,0,0,11,1191,0,0,0,0,0,0,0,0,0,0,0,0,0,0,0,0,26,84,0,0,0,0,0,0,0,0,0,0,0,0,0,0,0,0,0,0,32,0,1513,11,601,0,90,1255,1048,0,0,0,0,0,0,0,0,0,0,105,2269,3,0,0,359,0,0,0,0,48,0,0,0,0,0,0,0,0,0,0,0,0,0,3695,0,0,0,0,0,103,706,0,0,0,0,0,0,1432,0,0,0,0,0,2345,0,34293,0,0,0,32326,0,0,0,0,0,0,0,0,0,0,0,0,0,0,0,0,0
BWM-DR06,0,0,0,0,0,0,0,249,0,0,0,0,0,0,0,0,0,0,0,0,0,0,0,0,0,0,0,0,0,0,0,0,0,0,0,0,0,0,0,0,0,0,5,0,0,0,0,0,0,0,3681,0,0,0,0,0,0,0,0,0,0,0,0,0,0,0,0,0,0,0,0,0,0,0,0,0,0,0,0,0,0,0,0,0,0,419,0,0,0,0,0,0,0,0,0,0,0,0,0,0,0,0,0,0,0,0,0,0,0,473,63,307,1849,117,0,0,0,0,0,0,0,0,0,0,0,0,704,780,0,0,0,0,0,0,0,0,0,0,0,0,0,0,0,0,0,0,0,0,0,0,6039,0,47,0,0,0,0,0,0,0,0,0,0,0,0,0,0,0,0,0,0,7714,0,20757,0,0,0,52169,0,0,0,0,0,0,0,0,0,0,0,1138,0,0,0,0
BWM-DR07,0,0,0,0,0,0,0,0,0,0,0,0,0,0,0,0,0,0,0,0,0,0,0,0,0,0,0,0,0,0,0,0,0,0,0,0,0,0,0,0,0,0,0,0,0,0,0,0,0,0,0,0,0,0,0,0,0,0,0,0,0,0,0,0,0,0,0,0,0,424,2061,0,0,0,0,0,0,0,0,0,0,0,0,0,0,1000,0,0,0,0,0,0,0,0,0,0,0,0,0,33,0,0,0,0,0,0,0,1237,878,22,0,2107,0,352,0,0,0,0,0,0,0,0,0,182,0,0,141,252,3,0,0,0,0,0,0,0,2,0,0,0,0,0,0,0,0,0,0,0,0,0,5965,0,0,0,0,0,1968,2124,0,0,0,0,0,0,0,0,0,0,0,0,15886,0,17933,0,32326,0,0,0,0,0,0,0,0,0,0,0,0,0,0,0,0,0,0,0
BWM-DR08,0,0,0,0,0,0,0,0,0,0,0,0,0,0,0,0,0,0,0,0,0,0,0,0,0,0,0,0,0,0,0,0,0,0,0,0,0,0,0,0,0,0,149,0,0,0,0,0,0,0,536,0,0,0,0,0,0,0,0,0,0,0,0,0,0,0,0,0,0,0,0,0,0,0,0,0,0,0,0,0,0,0,0,0,0,0,0,0,0,0,0,0,0,0,0,0,0,0,0,0,0,0,0,0,0,0,0,0,0,28,0,171,22,1,0,0,0,0,0,0,0,0,0,0,0,0,324,1660,0,0,0,0,0,0,0,0,0,0,0,0,0,0,0,0,0,0,0,0,0,0,8924,0,0,0,0,0,0,0,0,0,0,0,0,0,0,0,0,0,0,0,0,1890,0,4408,0,52169,0,0,0,0,0,0,0,0,0,0,0,0,0,0,0,0,0,0
BWM-VL01,0,0,0,0,0,0,0,0,0,0,0,0,0,0,0,0,0,0,0,0,0,0,0,0,0,0,0,0,0,0,0,0,0,0,0,0,0,1110,0,0,0,0,0,274,0,0,0,0,0,0,0,0,0,0,0,63,0,0,0,0,0,0,0,0,0,0,0,0,0,0,0,0,0,0,0,0,0,0,0,0,0,0,0,0,0,21,0,0,0,0,0,0,0,0,0,15,0,0,1242,0,0,0,0,0,0,520,0,0,0,145,0,0,0,303,646,662,37,275,110,0,0,0,0,0,0,0,0,0,0,395,0,51,22,1,90,0,0,4600,0,0,0,0,0,0,0,0,0,0,0,0,0,426,0,0,0,0,0,0,0,0,0,0,0,0,0,0,0,0,0,0,0,0,0,0,0,0,0,0,0,1022,13706,2,0,0,0,0,3428,0,971,0,14,0,0,0
BWM-VL02,0,0,0,0,0,0,0,0,0,0,0,0,0,0,0,0,0,0,0,0,0,0,0,0,0,0,0,0,0,0,0,0,0,0,0,339,0,3,0,177,0,0,0,0,0,0,0,0,0,686,0,4,0,0,0,0,0,0,0,0,0,0,0,0,0,0,0,0,0,0,0,0,0,0,0,0,0,0,0,0,0,0,0,0,0,8,0,0,0,0,0,0,0,0,0,0,0,0,317,0,0,0,0,1390,0,128,0,0,0,165,0,319,253,1,1063,6,44,1682,15,0,0,0,0,0,0,0,0,0,0,118,0,0,0,0,0,0,0,2471,0,0,0,0,0,0,0,0,0,0,0,0,0,236,0,0,0,0,0,0,0,0,39,0,0,2402,0,2080,0,0,0,0,0,0,0,0,0,0,0,0,1022,0,0,10196,0,291,0,827,0,0,0,0,0,0,0,0
BWM-VL03,0,0,0,0,0,0,0,0,0,0,0,0,0,0,0,0,0,0,0,0,0,0,0,0,0,0,0,0,0,0,0,0,0,0,0,0,0,0,0,0,0,0,0,0,0,0,0,0,0,0,0,0,0,0,0,28,0,0,0,0,0,0,0,0,0,0,0,0,0,0,0,0,0,0,0,0,0,0,0,0,0,0,0,0,0,0,0,0,0,0,0,0,0,0,0,0,0,0,0,0,0,0,0,0,0,0,0,0,4,35,0,0,53,469,1751,145,0,13,683,0,0,76,0,25,0,0,0,0,0,851,0,35,0,2,601,0,0,0,0,0,0,0,0,0,0,0,0,0,0,0,0,1536,0,0,0,0,0,0,0,0,0,0,0,0,0,0,0,0,0,0,0,0,0,0,0,0,0,0,13706,0,0,0,0,0,3800,0,1055,0,2212,0,30818,0,0,0
BWM-VL04,0,0,0,0,0,0,3,0,0,0,0,0,0,0,0,0,0,0,0,0,0,0,0,0,0,0,0,0,0,0,0,0,0,0,0,49,0,0,0,0,0,0,0,0,0,0,0,0,0,1938,0,3,0,0,0,0,0,0,0,0,0,0,0,0,0,0,0,0,0,0,0,0,0,0,0,0,0,0,0,0,0,0,0,0,0,119,0,0,37,0,0,0,0,0,0,0,0,90,0,0,0,0,0,182,0,0,0,0,0,5,0,1360,735,0,1484,0,0,0,0,0,0,77,0,438,0,0,0,0,0,657,0,0,0,0,21,0,0,1,0,0,0,0,0,0,0,0,0,0,0,0,0,2370,0,0,0,0,10,22,0,0,670,0,0,386,0,6361,0,0,0,0,0,0,0,0,0,0,0,0,2,10196,0,0,0,22555,0,19506,0,0,0,0,0,0,0,0
BWM-VL05,0,0,0,0,0,0,0,0,0,0,0,0,0,0,0,0,0,0,0,0,0,0,0,0,0,0,0,0,0,0,0,0,0,0,0,0,0,0,0,0,0,0,0,0,0,0,0,0,0,0,0,0,0,0,0,0,0,0,0,0,0,0,0,0,0,0,0,0,0,0,0,0,0,0,0,0,0,0,0,0,23,0,0,0,0,7,0,0,130,0,0,0,0,0,0,0,0,0,0,0,0,0,0,0,0,0,0,0,0,0,1084,0,0,2583,165,0,0,0,561,0,0,0,0,0,0,0,0,0,0,0,123,0,0,782,0,0,0,0,0,0,0,0,0,0,0,0,0,0,0,0,0,0,3186,0,0,0,0,0,0,0,0,0,0,0,0,0,0,0,0,0,0,0,0,0,0,0,0,0,0,0,0,0,0,0,0,0,2040,0,37936,0,0,0,96002,0
BWM-VL06,0,0,0,0,0,0,0,0,0,0,0,0,0,0,0,0,0,0,0,0,0,0,0,0,0,0,0,0,0,0,0,0,0,0,0,0,0,0,0,0,0,0,0,0,0,33,0,0,42,148,0,0,0,0,0,0,0,0,0,0,0,0,0,0,0,0,0,0,0,0,3,0,0,0,0,0,0,0,0,0,0,0,0,0,0,227,0,0,166,0,0,0,0,0,0,0,0,636,0,0,0,0,0,0,0,0,0,0,0,0,0,2097,264,0,851,0,0,0,0,0,0,208,0,431,0,0,0,0,0,618,0,4,0,0,408,0,0,0,0,0,0,0,0,0,0,0,0,0,0,0,0,1915,0,0,0,0,234,60,0,0,5443,0,0,0,0,0,0,0,0,0,0,0,0,0,0,0,0,0,0,291,0,22555,0,0,0,48357,0,0,0,0,0,0,0,0
BWM-VL07,0,0,0,0,0,0,0,0,0,0,0,0,0,0,0,0,0,0,0,0,0,0,0,0,0,0,0,0,0,0,0,0,0,0,0,0,0,0,0,0,0,0,0,0,0,0,0,0,0,0,0,0,0,0,0,0,0,0,0,0,0,0,0,0,0,0,0,0,0,0,0,0,0,0,0,0,0,0,0,0,0,0,0,0,0,0,0,13,536,0,0,0,0,0,0,0,0,0,0,0,0,0,0,0,0,0,0,0,627,108,0,0,108,0,1642,0,0,0,0,0,0,2650,0,0,0,0,0,0,0,2573,0,0,0,0,0,0,0,0,0,0,0,0,0,0,0,0,0,0,0,0,0,2924,0,0,0,0,985,52,0,0,0,0,0,0,0,0,0,0,0,0,0,0,0,0,0,0,0,0,0,0,3800,0,0,0,0,0,0,0,0,0,37832,0,0,0
BWM-VL08,0,0,0,0,0,0,0,0,0,0,0,0,0,0,0,0,0,0,0,0,0,0,0,0,0,0,0,0,0,0,0,0,0,0,0,0,0,0,0,0,0,0,0,0,0,0,0,0,0,545,0,0,0,0,0,0,0,0,0,0,0,0,0,0,0,0,0,0,0,0,0,0,0,0,0,0,0,0,0,0,0,0,0,0,0,120,0,0,0,0,0,0,0,0,0,0,0,0,0,0,0,0,0,0,0,0,0,0,0,0,0,3016,542,0,0,0,0,0,0,0,0,1523,0,1041,0,0,0,0,0,1527,0,0,0,0,0,0,0,0,0,0,0,0,0,0,0,0,0,0,0,0,0,4288,0,0,0,0,215,0,0,0,2755,0,0,0,0,29,0,0,0,0,0,0,0,0,0,0,0,0,0,827,0,19506,0,48357,0,0,0,0,0,0,0,0,0,0
BWM-VR01,0,0,0,0,0,0,0,0,0,0,0,0,0,0,0,0,0,0,0,0,0,0,0,0,0,0,0,0,0,0,0,0,0,0,0,0,0,0,487,0,0,0,0,0,107,0,0,0,0,0,0,0,0,0,0,0,16,0,0,0,0,0,0,0,0,0,0,0,0,0,0,0,0,0,0,0,0,0,0,0,1,0,0,0,0,0,0,0,0,0,0,0,0,0,0,0,0,0,0,916,0,0,0,0,0,0,679,0,0,0,133,0,0,1192,495,414,69,68,140,0,0,0,0,0,0,0,0,0,0,0,301,18,93,143,75,0,0,0,5127,0,0,0,0,0,0,0,0,0,0,0,0,0,415,0,0,0,0,0,0,0,0,0,0,0,0,0,0,0,0,0,0,0,0,0,0,0,0,0,3428,0,1055,0,2040,0,0,0,0,1431,13503,0,0,0,117,0
BWM-VR02,0,0,0,0,0,0,0,0,0,0,0,0,0,0,0,0,0,0,0,0,0,0,0,0,0,0,0,0,0,0,0,0,0,0,0,0,192,0,422,0,111,0,0,0,2,0,0,0,0,0,160,0,0,0,0,0,0,0,0,0,0,0,0,0,0,0,0,0,0,0,0,0,0,0,0,0,0,0,0,0,0,0,0,0,0,0,0,0,0,0,0,0,0,0,0,0,0,0,0,297,0,0,0,0,1424,0,384,0,0,6,253,269,374,1089,0,0,2019,52,0,0,0,0,0,0,0,0,0,0,0,0,245,0,0,0,0,0,0,0,3961,0,0,0,0,0,0,0,0,0,0,0,0,0,163,0,0,0,0,0,0,0,0,76,0,0,0,0,0,0,0,0,0,2957,0,10,0,0,0,0,0,0,0,0,0,0,0,0,1431,0,0,10453,0,3847,0,5365
BWM-VR03,0,0,0,0,0,0,0,0,0,0,0,0,0,0,0,0,0,0,0,0,0,0,0,0,0,0,0,0,0,0,0,0,0,0,0,0,0,0,0,0,0,0,0,0,15,0,0,0,0,0,0,0,0,0,0,0,20,0,0,0,0,0,0,0,0,0,0,0,0,0,0,0,0,0,0,0,0,0,0,0,24,0,0,0,0,47,0,9,3,0,0,0,0,0,0,0,0,0,0,10,0,0,0,0,0,0,87,0,8,0,325,0,0,1882,495,61,0,0,345,0,0,0,0,0,0,0,0,0,0,0,346,8,33,491,308,0,0,0,8,0,0,0,0,0,0,0,0,0,0,0,0,0,2094,0,0,0,0,0,0,0,0,0,0,0,0,0,0,0,0,0,0,0,0,0,0,0,0,0,971,0,2212,0,37936,0,0,0,13503,0,0,0,0,9,20309,108
BWM-VR04,0,0,0,0,0,0,0,0,0,0,0,0,0,0,0,0,0,0,0,0,0,0,0,0,0,0,0,0,0,0,0,0,0,0,0,0,0,0,55,0,0,0,0,0,0,0,33,0,0,0,2586,0,0,0,0,0,0,0,0,0,0,0,0,0,0,0,0,0,0,0,0,0,0,0,0,0,0,0,0,0,0,0,0,0,0,20,0,35,0,0,0,0,0,0,0,0,395,0,0,0,0,0,0,0,0,0,4,0,0,0,50,794,1685,1299,0,0,0,0,0,0,0,0,22,0,58,0,0,0,0,0,386,0,0,83,0,0,0,0,0,0,0,0,0,0,0,0,0,0,0,0,143,0,1788,0,0,0,0,3,0,0,0,1509,0,0,0,0,0,0,0,0,0,566,0,4901,0,1138,0,0,0,0,0,0,0,0,0,0,0,10453,0,0,0,23116,0,19921
BWM-VR05,0,0,0,0,0,0,0,0,0,0,0,0,0,0,0,0,0,0,0,0,0,0,0,0,0,0,0,0,0,0,0,0,0,0,0,0,0,0,0,0,0,0,0,0,0,0,0,0,0,0,0,0,0,0,0,0,0,0,0,0,0,0,0,0,0,0,0,0,0,0,0,0,0,0,0,0,0,0,0,0,0,0,0,0,0,0,0,0,227,0,0,0,0,0,0,0,0,0,0,0,0,0,0,0,0,0,0,0,1,839,0,0,16,0,2816,0,0,0,1608,0,0,443,0,38,0,0,0,0,0,1198,0,0,0,0,587,0,0,0,0,0,0,0,0,0,0,0,0,0,0,0,0,7867,0,0,0,0,0,0,0,0,0,0,0,0,0,0,0,0,0,0,0,0,0,0,0,0,0,0,14,0,30818,0,0,0,37832,0,0,0,0,0,0,0,0,0
BWM-VR06,0,0,0,0,0,0,0,0,0,0,0,0,0,0,0,0,0,0,0,0,0,0,0,0,0,0,0,0,0,0,0,0,0,0,0,0,0,0,0,0,0,0,0,0,157,0,1,0,0,0,164,0,0,0,0,0,0,0,0,0,0,0,0,0,0,0,0,0,0,0,0,0,0,0,0,0,0,0,0,0,0,0,0,0,0,111,0,1,0,0,0,0,0,0,0,0,317,0,0,0,0,0,0,0,0,0,0,0,0,0,0,1682,1452,232,0,0,0,0,0,0,0,0,328,0,1164,0,0,0,11,0,1844,0,0,137,0,0,0,0,0,0,0,0,0,0,0,0,0,0,0,0,0,0,1431,0,0,0,0,0,0,0,0,3829,0,0,0,0,0,0,0,0,0,0,0,0,0,0,0,0,0,0,0,0,0,0,0,0,0,3847,9,23116,0,0,0,49071
BWM-VR07,0,0,0,0,0,0,0,0,0,0,0,0,0,0,0,0,0,0,0,0,0,0,0,0,0,0,0,0,0,0,0,0,0,0,0,0,0,0,0,0,0,0,0,0,0,0,0,0,0,0,0,0,0,0,0,0,0,0,0,0,0,0,0,0,0,0,0,0,0,0,0,0,0,0,0,0,0,0,0,0,342,0,0,0,0,440,0,73,226,0,0,0,0,0,0,0,0,0,0,0,0,0,0,0,0,0,0,19,0,0,2861,0,0,1757,0,0,0,0,25,0,0,0,62,0,0,0,0,0,0,0,824,0,0,443,0,0,0,0,0,0,0,0,0,0,0,0,0,0,0,0,0,0,7935,0,0,0,0,146,0,0,0,0,0,0,0,0,0,0,0,0,0,0,0,0,0,0,0,0,0,0,0,0,96002,0,0,0,117,0,20309,0,0,0,0,0
BWM-VR08,0,0,0,0,0,0,0,0,0,0,0,0,0,0,0,0,0,0,0,0,0,0,0,0,0,0,0,0,0,0,0,0,0,0,0,0,0,0,0,0,0,0,0,0,1454,0,0,0,0,0,2580,0,0,0,0,0,0,0,0,0,0,0,0,0,0,0,0,0,0,0,0,0,0,0,0,0,0,0,0,0,0,0,0,0,0,584,0,0,0,0,0,0,0,0,0,0,0,0,0,0,0,0,0,0,0,0,0,0,0,0,0,401,1203,0,0,0,0,0,0,0,0,0,755,0,1060,0,0,0,0,0,1400,0,0,0,0,0,0,0,9,0,0,0,0,0,0,0,0,0,0,0,0,0,12846,0,0,0,34,194,0,0,0,493,0,0,0,0,0,0,0,0,0,0,0,0,0,0,0,0,0,0,0,0,0,0,0,0,0,5365,108,19921,0,49071,0,0
