Unnamed: 1,ADF,ADL,AFD,ALM,ALN,AQR,ASE,ASG,ASH,ASI,ASJ,ASK,AUA,AVM,AWA,AWB,AWC,BAG,DVA,FLP,IL2D,IL2L/R,IL2V,OLL,OLQD,OLQV,PLN,SAAD,SAAV,SDQ,URB,URX,URYD,URYV,ADA,AIA,AIB,AIN,AIY,AIZ,AVA,AVB,AVD,AVE,BDU,DVC,PVC,PVP,PVR,PVT,RIA,RIB,RIF,RIG,RIH,RIM,RIP,RIR,IL1D,IL1L/R,IL1V,RIV,RMDD,RMDL/R,RMDV,RMED,RMEL/R,RMEV,RMF,RMH,SIAD,SIAV,SIBD,SIBV,SMBD,SMBV,SMDD,SMDV,URAD,URAV,ADE,AIM,ALA,AVF,AVH,AVJ,AVK,AVL,CEPD,CEPV,HSN,PVW,PVQ,RIC,RID,RIS,RMG,BWM01D,BWM01V,BWM02D,BWM02V,BWM03D,BWM03V,BWM04D,BWM04V,BWM05D,BWM05V,BWM06D,BWM06V,BWM07D,BWM07V,BWM08D,BWM08V
ADF,5.285178195976637,,6.5763351657932185,,,,6.20643971741297,5.087665381827243,6.308525424939247,,,,6.688571047136679,,6.596691936846263,6.647614645870644,4.254969701637909,,5.546034648928166,,,6.215919639952964,,,,5.1999791386598035,,,,,,6.377097461384701,,5.260877630015831,5.856590705236716,5.89549264069156,5.501058601120014,4.7631123188479885,6.1946873789584815,6.8725178789249215,5.048807350714214,5.934916442368096,5.111725652772544,,,,,4.471072624748287,,,6.56400799007618,5.6950907213463795,6.378159349661575,,5.335531592553559,5.281648366678618,5.630683032757183,6.529290907837847,,,,,,,,,,,,,,,,5.599819001115564,6.204749172781471,6.587872200646383,,,,,,6.731565671954918,,5.511808617998883,6.466998548130142,5.997911316412026,,,,,,,,,,,5.212763358528388,,,,,,,,,,,,,,,,
ADL,,5.747801341298601,,,,,6.472613630212227,,6.096658255633049,6.382821326427941,5.416000035507115,6.682950314094803,,,6.508655307293117,6.141601575708703,6.362738106240184,,,,,5.374515514327146,,5.521122427367768,5.271686580457339,,,,4.798592499267959,,,,5.120087612286674,,6.1430298246811255,6.225075360293933,6.541304213529876,,,,5.927360485750903,,6.313407609321886,,,,,,,,3.7620239522682475,,,,,,5.362167421141389,,4.985284037214927,5.281742032335861,,,,,,,,,,,,,,,,6.348334376650037,,,,,,5.486342967594975,6.476204189549665,5.763177850800898,5.4360002406278936,6.307374132889169,,,,,,,5.741574144095697,,,,5.6460714772316445,,,,,,,,,,,,,,,,
AFD,6.5763351657932185,,5.44252463877586,,,,6.881502488737957,,,5.792747141554126,,,6.807531320831079,,6.4590022139369685,5.872245237621043,6.3454775686058875,6.1408847804178945,,,3.6898597684392964,5.8711164826030116,,5.468835289125181,,,,,,,,5.72357390765015,,,,5.300136383823428,6.420557953025596,6.986632214849364,7.124428415430565,6.356961972441269,,,,,,,,,,,3.6821910658873356,4.43471251244202,4.141046554552797,,4.286875850500808,,,5.72024394686983,,,,4.985547126196997,,,,,,,,,,,5.331423702364471,,,,,,,,,,,,,,,,4.039998161837873,,,,,,5.572167943742215,,,,,,,,,,,,,,,,,,
ALM,,,,,,,,,,,4.235658892589712,,,6.444722977068284,,,,,,,,,,,,,,5.911995394756324,,6.35714816354334,4.694856300075711,5.585681350191017,,,6.278166139238795,,,5.612672997281403,,,,5.895421205790213,6.456189566598753,5.493332013875393,6.109477380081921,,6.04421953943523,,6.320510711504493,,,,5.238038619219196,,,,5.776820722582642,,,5.342913260853268,,,,,,,,,,,6.230272727818758,,5.775705038477162,5.635199622231454,5.988888391275874,,3.9602772926597596,,,,5.77681507998125,5.747692901827402,,,5.864489177280736,6.151715788381742,,,6.00889415552023,6.259844792304169,,6.7160432124451575,,5.251197818914476,5.153412461463952,,5.5967879246031,,,,,,,,,,,,,,,,
ALN,,,,,,,,,,,,,,,,,,,,,,,,5.4916618621221716,,,,6.141185539620152,6.537365654302383,,5.227137552789735,,,,,,,,,,5.437960572444125,,,,,,,,,,,,,6.243967831711639,,5.753616131871579,,,,,,5.729404651212607,5.300006617029362,5.825004002314529,4.792967621943483,,,,6.122102069461498,6.602536766212162,6.265422261976852,,5.980513523028001,5.679411326105911,6.364900535249389,5.246988199719583,6.437105725841324,6.055340759993406,,,5.772279110738627,,,,,,5.541301761294449,,4.798261188136337,,,,,4.194601803287487,,,6.6720428337852065,,,,,,,,,,,,,,,,
AQR,,,,,,,,,,,,,,,,,,6.570310824692144,6.713981842828122,5.012041996727901,,,,,,,,,,,,5.958581975617289,,,5.80727129514815,,5.43674149262232,,5.793754521996114,,6.626684087964708,6.422124083908631,5.633849391545419,,,5.88418238982856,6.6231849723281755,6.819819264350049,,5.692228384947772,5.641216924117487,,,5.796041832255725,,,,6.231942409208927,,,,,,,,,,,,,,5.193450735772905,5.636346309424629,6.183059413277516,,,,,,,5.742207887446327,,,,6.255876170437932,4.677689072490861,5.674124723057248,,,,,,,6.1088616643826805,5.80932916415935,,,,,,,,,,,,,,,,,,
ASE,6.20643971741297,6.472613630212227,6.881502488737957,,,,5.714039393412231,6.203596222171541,5.963814260456659,6.218534756406879,5.9997007798552415,6.195301937326285,5.238956694983891,,7.112139483422507,6.3255178397172385,6.928401452491403,6.143999946759847,,,,4.583226305633718,,,,,,,5.699454360210937,,,4.464139723054589,4.506023630506366,,5.1612138973494135,6.492055363485098,7.007888356544846,6.675343770317826,7.016142677010936,6.430176780312517,5.109058468383972,,,,,,,,,,5.835675946156818,,5.268113750285156,,,,5.599512484011449,6.040627945771644,4.372210058438864,4.949235328940311,,5.192936911672273,,,,,,,4.602854966524072,,,,,,,,,,,,,5.798393190014724,,4.050746469012154,,4.95660015904985,,,,,,,5.859190246019153,,4.7563702471463065,,,,,,,,,,,,,,,,,,
ASG,5.087665381827243,,,,,,6.203596222171541,,,7.0788360056981725,6.532645919462119,6.043312221797341,,,5.714350903130289,,6.802910305341307,,,,,,,,,,,,4.915133203279569,,,,,,,6.420925923853303,5.680171862049023,5.336815337032765,4.852779057990663,5.815544048763949,,5.098343798169257,,,,,,,,,,,,,,,,,,,,,,,,,,,,,,,,,,,,,,,,6.933564928675971,5.559544546215595,,,,,,,5.45767335824365,,,,5.368442789472816,,,,,,,,,,,,,,,,,,,
ASH,6.308525424939247,6.096658255633049,,,,,5.963814260456659,,5.654853142453397,,,5.424557655799117,,,6.60343601142976,6.196061724980683,,,,,3.7381173584936467,,,,,,,,,,,6.019014285376641,4.526520393632931,,6.748045972958322,6.60691742198021,6.340239195142888,,5.165909402975198,6.151803099260422,6.435573510679462,6.348224498905679,6.497961834051186,4.94099070212962,6.45072541840527,,,,,,5.1759888458387655,,6.911097078696698,,5.326572060691601,5.539800927038996,6.639544667487765,,,,,,,,,,,,,,,,3.78063900857137,,,6.1417808766262,,,,,,6.246270597117079,,5.969550358153234,5.841666439985535,6.5350519734254435,,,,,,5.571524306529845,5.367517160633277,5.887862239751937,5.721820691485358,5.228302125794595,5.97932700685535,,,,,,,,,,,,,,,,
ASI,,6.382821326427941,5.792747141554126,,,,6.218534756406879,7.0788360056981725,,5.079554198159401,6.356767269879338,6.041009710463033,,,6.216001826291982,5.915785365594124,7.132418238201403,5.104900697578413,,,4.543213780137725,5.358189864881157,,5.354878324582269,5.385552904325517,,,,5.327771084860994,,,4.372062547727336,4.966785465347319,,,6.348981040070016,5.782073855805784,6.1420552170670355,5.198812317024607,4.173357847820232,,,,,,,,,,,5.296385308245018,5.529729302496098,,,,4.979999792640736,,,4.999022094392845,5.370986361808164,,4.001193947292614,,,,,,,,,,,,,,,,,,,,,5.93198878679567,,,5.471037947498691,,,,5.85569326305954,,,,,,,,,,,,,,,,,,,,,,,
ASJ,,5.416000035507115,,4.235658892589712,,,5.9997007798552415,6.532645919462119,,6.356767269879338,5.7261391215820625,6.7401644878075695,,,5.727900739081104,5.416035857870497,,,,,,5.3400487826180365,,5.158391450076389,5.079838097791403,,,,5.133138059682511,,5.025531969685518,5.405956074227532,4.955431775258304,,,6.070361535112518,,4.121628715031132,,,,,5.411579645776622,5.062940112516194,4.4661651833793785,,,,,,,5.196241234941731,,,,,5.482075327406342,,4.870870986454356,5.134747366280646,,,,,,,,,,,,,5.196163809265155,,,,4.466352714829639,,4.443267632117027,,,6.615242723759194,6.57235705042189,6.406243816313019,5.5828148069704255,5.484172905127128,,,,5.608645692368075,,,6.868565589521843,,,,,,,,,,,,,,,,,,,,
ASK,,6.682950314094803,,,,,6.195301937326285,6.043312221797341,5.424557655799117,6.041009710463033,6.7401644878075695,5.784596494522233,,,5.823847829773308,,6.033560068905806,,,,,,,,,,,,5.061334759187481,,,,,,5.53674542191589,6.859677887844327,6.140230571124288,5.073695116377217,,,,,,,5.250088256210375,,,,,,,,4.862381056585563,,,,6.564807022660492,,,,,,,,,,,,,,,,,,,,,,,,,6.43585328430084,6.843726121987554,5.532635095183763,,5.853751730806823,,,,3.67415763730839,,,6.8326538230804985,,,,4.723904990973181,,,,,,,,,,,,,,,,
AUA,6.688571047136679,,6.807531320831079,,,,5.238956694983891,,,,,,5.436103258306766,,,5.281220192022864,5.215436682181733,6.291750057753333,6.156180104029796,,5.616560805109953,6.4749748530574704,,,4.430762363761019,5.219140411099802,,,,,,6.849332895882685,5.11905210823346,5.101154485468942,,,5.991739877838356,6.9176602982817785,6.7370061214120875,6.014462830673842,6.557500304647552,5.020448453069117,5.708094135795659,6.1781368921714055,,4.509470889141181,,,,,6.474796283991744,7.049613552909527,,5.13570293265781,,5.782608564488576,,5.810022946174833,5.488541745272965,,,5.794989823195586,,,,,,5.6398763166893255,,,,,5.665594169205922,,,,,5.198395503120985,,,,,,,,,,,5.363541674769145,5.260533127085153,,,,,5.4697293103082325,,,,,,,,,,,,,,,,,,
AVM,,,,6.444722977068284,,,,,,,,,,,,,,,4.78349107254233,5.717246323087224,,,,,,,,,,,,,,,,,,,5.034770226967937,,,6.473938207136375,6.401337757467183,,5.6965176275015645,,6.715285750135725,5.220999709630821,6.370148769512332,,,,5.38820649440209,,,5.41665534156752,,,,,,,,,,,,,,,,,,6.097155245294619,,,,,,,,,,,5.453501032728151,6.8289547624375215,,,,4.768731156929068,,6.823396282411611,,5.457427871905257,5.450361371728068,6.09365302716015,5.02384087008119,,,,,,,,,,,,,,,,
AWA,6.596691936846263,6.508655307293117,6.4590022139369685,,,,7.112139483422507,5.714350903130289,6.60343601142976,6.216001826291982,5.727900739081104,5.823847829773308,,,5.072298024125694,6.96667705153008,6.061055574210016,,,,,,,,,,,,,,,,,,4.996419991750745,6.280907143131205,5.68440589318902,,6.54413820653036,6.530877899773377,,5.483204317256823,,,5.411719432191128,,,,,,,4.554030000150445,6.385920604542911,,,,6.283107402785254,5.579148981054448,,,,,,,,,,,,,,,,,,5.32043451140167,,,,,,5.186867634690029,4.97953397077774,6.209509042531526,5.0191284179433096,6.042967082618344,,,,,,,6.0803859343880085,,,,,,,,,,,,,,,,,,,,
AWB,6.647614645870644,6.141601575708703,5.872245237621043,,,,6.3255178397172385,,6.196061724980683,5.915785365594124,5.416035857870497,,5.281220192022864,,6.96667705153008,5.080166780325034,5.512993535791073,,5.287302902314482,,,,,,,,,,,,,,,,6.0008587314578605,6.09240753912706,5.8421489846528125,,6.085465602296904,6.454175211799268,4.810710735310827,,4.56356971022291,,,,,,,,4.952577727571183,5.952660780254455,6.223861168414932,,,,5.546784224008543,,,,,,,,,,,,,,,,,,5.417159252984178,6.336906945692355,,,,,,6.292627661172662,,6.171855313790057,5.504732295497933,5.899851650860195,,,,,,,,,,,5.414051192278841,,,,,,,,,,,,,,,,
AWC,4.254969701637909,6.362738106240184,6.3454775686058875,,,,6.928401452491403,6.802910305341307,,7.132418238201403,,6.033560068905806,5.215436682181733,,6.061055574210016,5.512993535791073,6.8818908091408915,6.306277400311827,,,5.187989480652414,5.0987814987433735,,4.700494112505051,5.457874290554041,,,,4.285016289907939,,,,5.295798527335204,,5.0676676194953485,6.876347193078228,6.940598025676579,6.367431141979154,6.9202448366882905,6.491175388587316,4.764979203215774,,,,,,,,,,5.275077349644281,5.683263989607565,,,5.397417948910594,5.190398104824127,,6.0234134775189085,5.286112099949974,4.686132742906897,,4.690010093046555,,,,,,,,,,,5.81714446786437,,,,,,,,,5.745709080391243,,,,5.006673315194061,,,,5.670135968875086,,,,,,,,,,,,,,,,,,,,,,,
BAG,,,6.1408847804178945,,,6.570310824692144,6.143999946759847,,,5.104900697578413,,,6.291750057753333,,,,6.306277400311827,6.4556569302453255,5.911474060924417,,5.455834230887638,4.734450468395736,4.711047717418231,,5.535410230818265,5.2154629590456585,,,5.5032526912411734,,,4.769465673833046,5.045571953422108,4.581047958370035,,,5.804408792371267,6.472282656661984,6.422691219794596,5.660204458403078,6.656848957941353,5.89082141977633,6.415215109438626,6.61831183339635,,6.026660890408898,,,,,6.740490641585882,6.972372287048683,,6.505005803645364,6.038536535714261,5.405308271450768,,6.311503873493617,5.2564319305330836,,,5.743782258065825,,,5.130100773069916,,,5.218152397049611,6.573030140979967,,4.3769014028069995,4.518675979961448,5.465813139327864,5.633231289102312,,,,5.663600485347467,,,,,,,,,,,,6.023514548798851,,,,,6.571605915097866,,,,,,,,,,,,,,,,,,
DVA,5.546034648928166,,,,,6.713981842828122,,,,,,,6.156180104029796,4.78349107254233,,5.287302902314482,,5.911474060924417,,5.579916208401315,5.040768122683144,5.795985164298973,5.523048634082855,,,4.882028099146169,4.855577650779824,5.46047542675138,5.4823546152620315,6.1778187380919976,4.691116983724725,5.563825229513327,5.663508113837008,5.316346547492729,6.402659023737809,,6.207473287777286,,6.289631314270871,6.724904733948629,6.267786775034701,6.444413513759034,6.413096749484759,6.747751908617943,,4.3549295087479925,5.9079723876397265,6.675677861972218,,,4.727032096002137,5.610912832783246,5.016045679920805,4.933596381065796,5.685178453807481,6.029793875258231,,6.422244120921309,,,5.239618537699135,,,,5.123856140879735,,,,,4.649570688090173,6.421251145702506,6.774532730670244,6.036989409528922,6.797919625548954,6.208969957753635,5.941603330733314,,6.15827832545601,,5.241950665935087,5.472935131097287,,,,6.434389904315542,,,,,,,5.5104796427422045,,6.183543876046708,6.4387364168665115,,4.927206960633751,,,,,,,,,,,,,,,,
FLP,,,,,,5.012041996727901,,,,,,,,5.717246323087224,,,,,5.579916208401315,6.305126380304429,,,,,,,,,,6.247988795151528,,,,,5.841514386207755,,5.939800116374962,,4.901260617938869,,6.622323754182965,6.144872054968931,5.826565257237982,5.853048511338328,,4.531095210908586,6.351456486527025,,,,4.835261909374727,,,,4.960014839842024,5.815680850352936,,,,,,5.646299895668027,,,,,,,5.434245554571858,,,5.666218867891238,,5.080346619536479,5.953546627186841,4.852256536081946,,,,,6.495987112080801,,,,,4.860832743929475,,,,,,,,,,5.742048235684739,,,,,,,,,,,,,,,,,
IL2D,,,3.6898597684392964,,,,,,3.7381173584936467,4.543213780137725,,,5.616560805109953,,,,5.187989480652414,5.455834230887638,5.040768122683144,,,5.666768793123794,,,6.55922959346248,,,,5.796460150416998,,,6.080407457168701,6.514713534984799,,5.588833399652831,,,5.304752351884985,,5.007652446273062,5.797886469577622,5.646652239422294,6.097721028107155,5.075550968667926,4.889018769902709,5.991804666606037,4.811078461153399,,4.443026268306512,5.1589688719142215,,4.4387731511323,4.7229904180658195,6.011355170765626,6.434269870198886,,6.678729987729568,,6.750757546637151,,,5.774356969849399,5.0592002072927675,,4.828542468107577,5.994814756564608,6.357208622155242,5.700447505272408,4.170909025541415,5.170758274717521,,,4.882721776157234,4.926250956622672,5.460987860623806,,5.1048204011387295,4.881744287169675,6.683001418426027,,,3.6008680259796595,5.0420865423816394,,5.412644439558778,5.702918600171048,4.979922800891122,5.2836085547578024,6.52855241852702,,,5.670797562693238,,5.7889169846270425,5.130226566071203,5.312805887088687,,4.641047393566992,,,,,,,,,,,,,,,
IL2L/R,6.215919639952964,5.374515514327146,5.8711164826030116,,,,4.583226305633718,,,5.358189864881157,5.3400487826180365,,6.4749748530574704,,,,5.0987814987433735,4.734450468395736,5.795985164298973,,5.666768793123794,,5.792137321673433,6.6540126063652165,6.109994587799302,6.196387261674173,,5.147128394127656,,,6.666070414146415,6.687755721043235,4.876375228567249,5.373870021938502,5.3600224319931895,,,5.512371611697939,6.151547446570096,5.48729223316909,,,,5.246322873635933,,5.959573422897916,,,,,5.088076494535112,6.128031740427368,,,6.567617480819294,,4.7970689940448,6.175388408431886,4.877308698533644,6.666225111172271,4.807914802286898,5.749439726989448,,,,5.899523952623075,6.782914342445178,5.960545007091454,,5.795094254120421,,,,5.36222055574008,,5.75020699545225,,5.125433761127675,5.912124705035083,5.8066013955869735,6.284761728863209,5.5077630636767525,5.779460212799681,5.81608239897783,4.780901311197783,,,,,,,,3.380211241711606,,,,5.275787634382635,,,,,,,,,,,,,,,,
IL2V,,,,,,,,,,,,,,,,,,4.711047717418231,5.523048634082855,,,5.792137321673433,,,,6.432400429866962,,5.587009007940665,,,,4.94588347358821,,6.331315798769538,5.322046548722452,,4.907112839590258,,,,5.153906735537556,5.377094061120981,5.60432847562144,,,6.387125405077271,,,,5.460696993939261,5.65474824477889,5.293754924648141,,6.05393785974083,6.286561533109546,4.896331597947847,6.4484128059369175,4.817744721465359,,,6.601401216018047,,4.673718565261822,,,5.875464390682542,6.3980506587425205,5.8854769947224,4.280411365065737,4.949685195110308,5.227492417338076,5.010360898147525,5.155465317443976,5.617052130140344,4.82269497909813,,,,,6.661501069648719,,,,,,,4.573074792569801,5.1658463842493445,,6.546764254483503,,,,5.498588757396239,,,,,4.966839583390453,,,,,,,,,,,,,,
OLL,,5.521122427367768,5.468835289125181,,5.4916618621221716,,,,,5.354878324582269,5.158391450076389,,,,,,4.700494112505051,,,,,6.6540126063652165,,5.822650423520734,6.162473223297873,6.497264912840104,,6.298607393270951,5.071795827206677,,6.785167284177199,5.5568649899770115,5.179886940285727,5.364178808901195,4.868700730582221,,,5.400002961842007,,,,,5.260400233460498,6.92947388829014,,5.329809861826732,,,,5.376245330548071,,6.548542403549962,,6.536018455801838,4.363524268036843,4.7452625242312925,,,6.7256212699703175,6.597312299644922,6.696304389735553,,6.784342974176351,5.95838467364159,6.724246897110203,6.543915971884123,6.735612729223869,6.55421940566088,6.22815598094343,5.271590989727695,,5.400187163189777,5.3369275870848805,5.281161005045657,,5.556878650738079,6.43792820386534,6.474354094445741,,4.897966318300516,,4.986111556558131,5.317851034155996,5.276810138083687,,5.473928094499399,4.346169948627732,,6.442015234751074,6.525705863807158,,,,4.610782700670282,,4.1940485251627315,4.899470911835973,,,,,,,,,,,,,,,,
OLQD,,5.271686580457339,,,,,,,,5.385552904325517,5.079838097791403,,4.430762363761019,,,,5.457874290554041,5.535410230818265,,,6.55922959346248,6.109994587799302,,6.162473223297873,,,,,,,,,6.8586729606938945,,3.21817435627043,4.962754793453699,,5.683559290086248,,,4.123375516375738,,5.600408309384424,5.713046080930969,,5.354158760587166,,,5.570771924874886,5.573035316953601,,5.811079028539075,,5.924310733501073,6.476851891227007,,6.057782535934973,,6.779848815437259,,,,6.6247311556935555,,6.008000174538665,6.13682875488614,6.48350110908778,5.290020363172535,4.592889309023305,6.1528325476490835,5.285537686510717,,,6.4794584985461805,6.637950316298171,,5.284599753229602,,6.024681823706373,,,4.994946043313554,5.169112584752553,5.20417736488092,5.276665711634407,4.190616176247634,5.13168806755439,5.105495252590817,6.335167636471767,,,,,6.284065339301481,5.167131048493339,5.424358677773932,,,,,,,,,,,,,,,,,
OLQV,5.1999791386598035,,,,,,,,,,,,5.219140411099802,,,,,5.2154629590456585,4.882028099146169,,,6.196387261674173,6.432400429866962,6.497264912840104,,,5.419697914272184,,,,5.832615135799581,5.448798088277159,,6.445341896573695,5.525296452909248,,,4.488851091022479,,,,,5.278997787098231,5.563913680089786,,5.535657426103576,,,,5.864603365386235,4.860357623502427,6.106230195390396,,6.043222244618572,6.694815749481795,,6.0677324745538685,5.224639127669525,,,6.532186920879231,,5.762617844309491,4.518735255929506,6.5451339282526755,5.134976770113912,6.413824895846655,5.684441286506694,5.433117126798358,6.2057814961262485,,5.222161955678196,6.469803888558094,,,6.360601538301677,,,,6.184415082461,,5.42807241660239,,,5.0906117324415066,5.250917559815167,5.864570088352921,5.498360065269196,,6.066707205890612,,,,6.128292688646688,,5.84633059639659,,,,,,,,,,,,,,,,,
PLN,,,,,,,,,,,,,,,,,,,4.855577650779824,,,,,,,5.419697914272184,,6.633760295707653,6.051015317766203,,,,,,,,,,,,,,,,,,,,,,,,,6.015397762832726,,5.397319710913973,,,,,,5.904662346763968,,5.569003066803646,6.347863159586538,,,,6.1420374434705485,6.521391218440037,,6.601958809363236,6.368858428761459,5.602442770834904,,6.894148258181153,5.364514858451225,6.234275579470122,,,,,,,,,5.32809727019614,,,5.703470735452185,,,,6.38995952926039,4.530807608301167,4.786932225968088,6.62285717899774,,,,,,,,,,,,4.776551824950412,,,,4.956645431724112
SAAD,,,,5.911995394756324,6.141185539620152,,,,,,,,,,,,,,5.46047542675138,,,5.147128394127656,5.587009007940665,6.298607393270951,,,6.633760295707653,6.112930164078969,6.065366398946931,6.152006830814763,5.778952618480901,4.267898773812287,,5.783641452949567,5.872220933706539,,6.134294756786372,,,4.8103489754444775,6.483945234457681,,5.388470520254994,5.652745597961548,,5.867430030362228,,,,,5.976353945310244,,,6.362847850980722,,7.107711132432587,,5.275103481131613,,4.647854481185195,,6.792331739894404,6.142057913629258,5.111748294426913,5.97105794721001,,,,6.899151063359814,5.930811885168882,6.0591466254198165,,5.327556066944838,6.009249827244144,6.400109422140633,7.0112069248124,6.53374165345204,6.95368318403263,,,6.285777602280564,,,,,,5.8600071117831485,4.788813665534508,,,,5.244597981617506,,5.589421238416262,,6.220764245999896,6.286840232063288,,,,,,,,,,,,4.1409233180940275,,5.179248173310198,,
SAAV,,4.798592499267959,,,6.537365654302383,,5.699454360210937,4.915133203279569,,5.327771084860994,5.133138059682511,5.061334759187481,,,,,4.285016289907939,5.5032526912411734,5.4823546152620315,,5.796460150416998,,,5.071795827206677,,,6.051015317766203,6.065366398946931,6.025664483751362,5.7671355807482625,,,5.572505836153876,,5.846024651449273,,5.586248387545865,,,,7.065425494143027,5.082159386537296,4.516613434870986,4.451286768472219,,,,,,,6.308580633967465,,,5.659161950863197,,7.107086821000007,,,,4.331124539011186,,6.338371152049677,,4.498312940898483,6.025165288960186,,,,6.843938575311035,6.15014842050681,5.72390183070467,5.615559615578999,5.790036256341492,5.0525230195746005,6.698231583273906,6.406652223353206,7.142027065730102,6.682566559195287,,,6.0181011324106555,,,,4.195338756991533,,4.8886070126412635,,,,,,,5.587158654966518,5.570420978488593,,5.771750165259054,,,,,,,4.45289439994912,,,,4.965631197491831,,,,,
SDQ,,,,6.35714816354334,,,,,,,,,,,,,,,6.1778187380919976,6.247988795151528,,,,,,,,6.152006830814763,5.7671355807482625,6.531734474782485,,,,,5.525388536434325,,6.475127649659462,,,,6.476453662301328,6.540449421488532,,5.6667088231298735,5.764127478117696,,,,5.468265916199581,,5.886883959488561,,5.407512949506106,,,6.101675681992625,4.921508980822108,,,5.2572879875249034,,6.6450192458907855,,,6.128624203876761,,,,6.087692963753173,6.3722929965645925,5.7133836711562145,5.722060943213363,,5.847148371832183,5.584899355102024,,5.813370225424774,6.0681186669735645,,,5.430659382904518,,,,5.7031746989184215,5.103599400818923,,5.339547037846139,,5.551466140609951,,6.434984168621235,,6.520581671995536,5.469350972611243,5.7110550861231175,,,,,,,,,,,,,,,,,
URB,,,,4.694856300075711,5.227137552789735,,,,,,5.025531969685518,,,,,,,,4.691116983724725,,,6.666070414146415,,6.785167284177199,,5.832615135799581,,5.778952618480901,,,,5.613834362446815,,5.252957066617578,5.922759759064879,,,,,,,6.008627913558711,5.745942606572896,,,,,,,4.340482439138537,,,,,,,4.6212654981258785,,6.133183030516046,6.719174184807308,6.0747639866798275,,5.7712287141133105,6.4838278653186405,,,6.196740457985515,,6.006736996868579,6.5317324241168455,,5.251232236255954,5.955648083020907,5.910903724215328,6.110256259632261,5.554317748975653,5.702818449432137,,5.936568110245364,5.869870937950413,6.591178976431226,5.822684974699539,5.037373958396658,5.385002002104532,,5.376829213766594,,,6.375809337115798,6.083951428728949,,4.935362764476113,,6.413772208664888,,,4.3925606379116475,,,,,,,,,,,,,,,,
URX,6.377097461384701,,5.72357390765015,5.585681350191017,,5.958581975617289,4.464139723054589,,6.019014285376641,4.372062547727336,5.405956074227532,,6.849332895882685,,,,,4.769465673833046,5.563825229513327,,6.080407457168701,6.687755721043235,4.94588347358821,5.5568649899770115,,5.448798088277159,,4.267898773812287,,,5.613834362446815,,5.631366173348908,5.368617560713864,6.310574327151476,,,5.594175507280276,5.593959892049555,4.624844048079127,5.079486393013112,4.202376733208559,5.243225758989557,5.905353489442059,,5.43293994155943,4.813100453442387,6.3425213076679485,,,6.78137501663127,5.500908014849792,4.633783984906887,6.184476708655404,6.475663588179226,,,6.4715146938057915,,5.905850268753089,,,,4.185852543357036,,,,,,,5.170621285133392,,5.230643586789282,4.9138416596156995,,5.307581166246858,4.8001013469223395,,5.495734529909605,,,5.575401522039741,5.4723403620563005,5.659524986064951,6.3183282933824465,5.632720320184596,,,6.560767509920439,5.576647557445376,,,,6.207062518113587,,,6.311107979012582,,,,,,,,,,,,,,,,
URYD,,5.120087612286674,,,,,4.506023630506366,,4.526520393632931,4.966785465347319,4.955431775258304,,5.11905210823346,,,,5.295798527335204,5.045571953422108,5.663508113837008,,6.514713534984799,4.876375228567249,,5.179886940285727,6.8586729606938945,,,,5.572505836153876,,,5.631366173348908,,,5.6916650802405115,4.729246832396078,5.283232321607005,5.44090441361742,4.231106278968867,5.2720795110762495,5.865760254657588,5.816040854096716,5.975500523264086,6.18165531237399,,6.000596586088423,,,,5.148329746985675,,6.3139577445628055,,5.425968995045086,6.58399365886178,5.159167699148455,,,6.597366786571173,,,5.20887194380176,5.696743803328569,,6.337997433465439,5.814074107418243,4.884397393532272,,4.508173664666654,,5.113528640518417,,5.347871875359779,4.986099271140428,4.876013970586015,,5.838008437990422,4.241606869456316,6.586474179950597,,,5.178604307150835,5.095214502080878,4.880807297860438,5.558445009798294,5.538956802806979,5.16663138375104,5.2259755906710454,5.548992441822905,,,,,5.522124799341333,4.428905237174605,5.755853904424586,,,,,,,,,,,,,,,,,
URYV,5.260877630015831,,,,,,,,,,,,5.101154485468942,,,,,4.581047958370035,5.316346547492729,,,5.373870021938502,6.331315798769538,5.364178808901195,,6.445341896573695,,5.783641452949567,,,5.252957066617578,5.368617560713864,,,5.313066812665306,,,5.281675414653783,,,5.953373783007166,5.923164694034436,5.736318686702842,6.291263213181973,,6.134793717272983,,,,5.899591538939064,5.3006275418051105,6.4016498609184795,,5.984094009755016,6.539227967912662,4.372399221632143,,5.429945059439411,,,6.506063755514767,,6.5749338323856845,,5.84351804427516,,5.137738109280247,5.74848743103767,5.439976241261028,,5.336663387607945,4.174812901847917,5.344730017388312,5.640308033428721,5.406829734815797,,,5.651623870364381,,6.223442691169219,,5.515471096401268,,,5.1841796926754435,5.290195540847933,5.668491128016881,5.751262069227668,,5.478278771633993,,,,5.6532060337784005,,6.057973406536404,,,,,,,,,,,,,,,,,
ADA,5.856590705236716,6.1430298246811255,,6.278166139238795,,5.80727129514815,5.1612138973494135,,6.748045972958322,,,5.53674542191589,,,4.996419991750745,6.0008587314578605,5.0676676194953485,,6.402659023737809,5.841514386207755,5.588833399652831,5.3600224319931895,5.322046548722452,4.868700730582221,3.21817435627043,5.525296452909248,,5.872220933706539,5.846024651449273,5.525388536434325,5.922759759064879,6.310574327151476,5.6916650802405115,5.313066812665306,5.120644619203049,6.390275455884992,5.957687091444762,,,5.07865823809556,6.750388625301951,6.793282547978137,6.239906703929335,5.380606738131956,5.266290951080427,,4.686755045683115,5.975348404290408,5.385420963646243,,5.435090934766556,,6.382691241860538,,,6.795609034837913,5.143957103400663,,,,4.688792207052665,5.802146030997382,3.8923701107775277,,,,,,,4.285784736870838,5.385450282434095,5.843982659741532,6.0064169941965675,6.023385440284506,6.106143625350508,5.595596194906077,5.588963443578777,5.824451258473779,,5.020064469807276,5.9883337993582755,4.957722917477452,,5.680379883624741,6.087040471951245,6.1304047607693954,,,5.794398741258443,5.372381167981746,,5.131046555704752,5.552710541866329,6.883656100938026,4.011984219344133,,6.023910574035891,,,,,,,,,,,,,,,,
AIA,5.89549264069156,6.225075360293933,5.300136383823428,,,,6.492055363485098,6.420925923853303,6.60691742198021,6.348981040070016,6.070361535112518,6.859677887844327,,,6.280907143131205,6.09240753912706,6.876347193078228,,,,,,,,4.962754793453699,,,,,,,,4.729246832396078,,6.390275455884992,5.725456031353367,7.016728232243268,5.715219866834583,5.675296844695903,6.468869034925224,,,5.757025836573352,,6.073699698410999,,,,,,,,6.483779144132939,,,4.241808490975762,6.320396133271676,4.979549793649798,,,,,,,,,,,,,,,,,,5.8035249310041195,,,,,,6.982683802101654,5.914599099580009,5.182316715552142,3.7152477348003203,4.939381341914795,,,,,,,6.3542744283872965,5.129466608036714,,,4.612062111712464,,,,,,,,,,,,,,,,
AIB,5.501058601120014,6.541304213529876,6.420557953025596,,,5.43674149262232,7.007888356544846,5.680171862049023,6.340239195142888,5.782073855805784,,6.140230571124288,5.991739877838356,,5.68440589318902,5.8421489846528125,6.940598025676579,5.804408792371267,6.207473287777286,5.939800116374962,,,4.907112839590258,,,,,6.134294756786372,5.586248387545865,6.475127649659462,,,5.283232321607005,,5.957687091444762,7.016728232243268,5.6426936314367175,6.118274367920633,6.077338551691304,6.727848421579105,6.563030443310988,6.5446061362344246,6.288707083436177,6.3990163614845175,,6.597154216732719,,6.14807212509978,,6.240190262284716,5.226845814632235,6.335812217231175,5.672740004879988,6.5800547881044835,,6.945426397275753,5.7362873795756135,5.691852308488379,,,4.754054975628034,6.22251605784376,,,,5.506578076792263,,5.697636415230138,6.5294318342689195,5.908928724256338,6.3515640522102474,4.66382116100465,5.826768847426833,5.732547883031823,5.886478934597679,,6.502368162101976,6.217208156588128,,5.081477290838056,,6.214434283373517,,,,4.7664228477559485,6.699361590806177,5.628027740140648,,,,,,5.704534118632652,5.372536057570083,6.078547058020444,5.694866907913533,,,,,,,,,,,,,,,,
AIN,4.7631123188479885,,6.986632214849364,5.612672997281403,,,6.675343770317826,5.336815337032765,,6.1420552170670355,4.121628715031132,5.073695116377217,6.9176602982817785,,,,6.367431141979154,6.472282656661984,,,5.304752351884985,5.512371611697939,,5.400002961842007,5.683559290086248,4.488851091022479,,,,,,5.594175507280276,5.44090441361742,5.281675414653783,,5.715219866834583,6.118274367920633,5.931137370810503,5.822695669831165,4.97100363574457,5.732736116540505,,5.523605055290429,,,,,,,,5.5287118856645945,6.552069088624652,,4.615446938044742,5.482329779817849,5.366073605997292,,,5.505503174639645,4.863561021890443,,5.415682582967679,,,,,,,6.093947461264427,,4.431923259708849,,5.294495546218732,,,,,4.187131756049552,,,4.7735584430803,,4.40364033614262,,5.8170682299397525,6.100850284300893,,,4.721725704543626,5.4860808362060745,,,,,6.728827665847221,,,,,,,,,,,,,,,,,,
AIY,6.1946873789584815,,7.124428415430565,,,5.793754521996114,7.016142677010936,4.852779057990663,5.165909402975198,5.198812317024607,,,6.7370061214120875,5.034770226967937,6.54413820653036,6.085465602296904,6.9202448366882905,6.422691219794596,6.289631314270871,4.901260617938869,,6.151547446570096,,,,,,,,,,5.593959892049555,4.231106278968867,,,5.675296844695903,6.077338551691304,5.822695669831165,6.23219153741866,6.919591735528214,,5.853221224605668,4.398597503177823,5.280306768057282,,,4.0918956093709395,,,,6.671288325098071,6.786619326503867,5.532762003278393,5.522541517987292,6.523724425048073,6.033521122769613,,6.501982974732051,,,,,,,,,,,,,,,5.870369129317434,,3.7714351700223623,5.817398248746245,,,,,,5.396753548440887,,,,6.028097629044988,,,,,,,,,,6.098629648544413,,,,,,,,,,,,,,,,,
AIZ,6.8725178789249215,,6.356961972441269,,,,6.430176780312517,5.815544048763949,6.151803099260422,4.173357847820232,,,6.014462830673842,,6.530877899773377,6.454175211799268,6.491175388587316,5.660204458403078,6.724904733948629,,5.007652446273062,5.48729223316909,,,,,,4.8103489754444775,,,,4.624844048079127,5.2720795110762495,,5.07865823809556,6.468869034925224,6.727848421579105,4.97100363574457,6.919591735528214,5.948974492401518,5.1587280862490985,6.048664498771777,5.415756073951312,6.865375727993734,,5.8748027122293935,,5.509104016357206,,,7.0538147923092716,6.631995877906927,5.678793459083519,6.81358450662649,6.7521505302908436,6.863736133794965,3.809644214664626,6.591682880029903,,,,,,,,,,,,,5.857158105304443,,5.83098508495508,,6.772389342412638,6.965472262571932,,4.347826262313976,,,,6.217297150456363,,,5.106147992516913,5.332193049523086,5.84249124109355,,,,,,,5.784437732345185,5.668220907135482,,,,,,,,,,,,,,,,,,
AVA,5.048807350714214,5.927360485750903,,,5.437960572444125,6.626684087964708,5.109058468383972,,6.435573510679462,,,,6.557500304647552,,,4.810710735310827,4.764979203215774,6.656848957941353,6.267786775034701,6.622323754182965,5.797886469577622,,5.153906735537556,,4.123375516375738,,,6.483945234457681,7.065425494143027,6.476453662301328,,5.079486393013112,5.865760254657588,5.953373783007166,6.750388625301951,,6.563030443310988,5.732736116540505,,5.1587280862490985,6.04014785787285,6.719814700862968,6.167272034935013,5.908698666684034,,6.236052961370283,6.351363095087499,6.181529407634025,,,6.616185228941929,6.028777267428009,4.724794336545981,5.597827357466329,,6.929668564966104,,5.605405562354519,,,,6.150420230527895,,,5.536963208588438,,,,6.167700287381244,6.227472287384704,6.097452396692449,5.798981081292223,5.9412840501284805,4.380069423374977,5.896166625874368,5.37034778871399,6.623734687522511,6.689589645028693,,3.930046431809307,6.460457021125582,6.36674142611269,,,6.267300324170207,6.262278853701923,6.126554815779509,,,,,,,6.645062156193834,5.6465253857153614,,5.4640161211927625,,,,,,,,,,,,,,,,
AVB,5.934916442368096,,,5.895421205790213,,6.422124083908631,,5.098343798169257,6.348224498905679,,,,5.020448453069117,6.473938207136375,5.483204317256823,,,5.89082141977633,6.444413513759034,6.144872054968931,5.646652239422294,,5.377094061120981,,,,,,5.082159386537296,6.540449421488532,6.008627913558711,4.202376733208559,5.816040854096716,5.923164694034436,6.793282547978137,,6.5446061362344246,,5.853221224605668,6.048664498771777,6.719814700862968,6.299919602647045,6.610178835922604,6.207271203518103,5.641306783440055,,7.095132589681081,6.75138633518738,6.471078421387524,,,6.097938350661621,6.520746022789659,6.289375147385013,,6.760380896264057,6.375961083935262,,,,,5.839900220389226,,,,,,,5.37236848033164,4.381519655002255,4.593443713400672,5.766169340586134,6.023609909006695,6.501215465667627,5.4877354898023825,5.006037068791615,,,4.929298200513787,4.7296793733806775,,5.711134465018929,,,6.56103954157309,6.920372465673957,,,5.230565770806226,5.99526840034837,,6.04771319955183,,7.010173376752797,6.207000564145645,5.981016833860124,5.73308520560921,,,,,,,,,,,,,,,,
AVD,5.111725652772544,6.313407609321886,,6.456189566598753,,5.633849391545419,,,6.497961834051186,,5.411579645776622,,5.708094135795659,6.401337757467183,,4.56356971022291,,6.415215109438626,6.413096749484759,5.826565257237982,6.097721028107155,,5.60432847562144,5.260400233460498,5.600408309384424,5.278997787098231,,5.388470520254994,4.516613434870986,,5.745942606572896,5.243225758989557,5.975500523264086,5.736318686702842,6.239906703929335,5.757025836573352,6.288707083436177,5.523605055290429,4.398597503177823,5.415756073951312,6.167272034935013,6.610178835922604,5.2889773340583455,6.110051953106416,,,6.4402019844218765,5.6709641684982115,5.756518918399614,,,5.715191534921115,5.088963811955928,5.903781278301224,4.56385438755109,5.901042946612406,5.002546716976643,,5.222024812583251,,,5.258996176485414,,,,,,,,,5.5588113245864905,4.900169045413455,5.793090186532489,6.352861330910947,5.4699898233358475,5.3960638495195274,4.759682318973361,,,,5.153640167272712,6.029309356516989,5.088662165352113,5.367165520741101,6.168626290718328,6.704401193632837,,,5.08295322269169,4.868837691607619,,5.512187794584712,,6.310839646412165,6.543531664850441,,5.549629219310375,,,,,,,,,,,,,,,,
AVE,,,,5.493332013875393,,,,,4.94099070212962,,5.062940112516194,,6.1781368921714055,,,,,6.61831183339635,6.747751908617943,5.853048511338328,5.075550968667926,5.246322873635933,,6.92947388829014,5.713046080930969,5.563913680089786,,5.652745597961548,4.451286768472219,5.6667088231298735,,5.905353489442059,6.18165531237399,6.291263213181973,5.380606738131956,,6.3990163614845175,,5.280306768057282,6.865375727993734,5.908698666684034,6.207271203518103,6.110051953106416,,4.877695333809791,5.234659213091548,5.885311130881651,5.797141492762552,,,5.495489493160278,6.829550728988767,5.21674126211605,6.238159188814547,5.407470857078626,6.6240727271685,,5.632998194545407,,5.846929403390791,,5.5854159948398205,6.056649304969838,6.082359469024309,6.048579320060797,5.279928727629158,5.298426316101184,5.50425781533322,4.927994978145889,4.977357225059603,6.052807137288958,6.198860152869545,4.947888166384588,5.1545514817108415,5.529819030811993,5.840154839377978,6.303737016693081,6.3104158878683405,,,5.030956146541106,5.838721020919536,5.76805516860442,5.25947658670101,5.346689941300796,5.368249017661846,6.697017437072106,,6.199749720406344,6.329114454630257,,4.536728585561782,,5.291437237527931,5.035027117897756,6.511066176783754,6.023657882852515,,,,,,,,,,,,,,,,
BDU,,,,6.109477380081921,,,,,6.45072541840527,,4.4661651833793785,5.250088256210375,,5.6965176275015645,5.411719432191128,,,,,,4.889018769902709,,,,,,,,,5.764127478117696,,,,,5.266290951080427,6.073699698410999,,,,,,5.641306783440055,,4.877695333809791,5.552077969522465,,,,4.603119600640546,,,,6.8053948032190705,,,5.817290612768118,6.560203721688826,,4.746607938080658,,,,,,,,,,,,,,,4.370230232424585,,,,,5.052666038600262,,,5.351174584323282,,6.576480268656193,5.807601766270249,6.391198507097193,,,4.993339616369507,5.5597599357139025,,7.061649731063247,6.435277965366226,,,,6.13910732852307,,,,,,,,,,,,,,,,
DVC,,,,,,5.88418238982856,,,,,,,4.509470889141181,,,,,6.026660890408898,4.3549295087479925,4.531095210908586,5.991804666606037,5.959573422897916,6.387125405077271,5.329809861826732,5.354158760587166,5.535657426103576,,5.867430030362228,,,,5.43293994155943,6.000596586088423,6.134793717272983,,,6.597154216732719,,,5.8748027122293935,6.236052961370283,,,5.234659213091548,,,,,,6.835660267666906,5.488132979059466,6.642129172990447,,6.84847364687688,6.197458452309026,5.22290021078555,,4.732858291091646,4.6700628395552615,,5.05377259869634,5.770510295387036,,4.349572144403143,,5.478729010567267,5.346693921127925,,6.1732701649140544,,,,,,,,,,,5.752928530400726,,,,,,,6.843306953423863,5.495395260696404,,5.041258594556137,,,,,5.469965334035149,,,,,,,,,,,,,,,,,,
PVC,,,,6.04421953943523,,6.6231849723281755,,,,,,,,6.715285750135725,,,,,5.9079723876397265,6.351456486527025,4.811078461153399,,,,,,,,,,,4.813100453442387,,,4.686755045683115,,,,4.0918956093709395,,6.351363095087499,7.095132589681081,6.4402019844218765,5.885311130881651,,,5.4797900312581085,6.39102479349856,,,,,5.132080415547768,,,,4.269840094315406,4.54182799809079,,,,4.850369058032892,,,,,,,,,,5.008465880606966,5.5439777363104,5.94131869728167,4.439909366072043,,,,,,,4.158362492095249,,,6.45817665126487,6.642449096605176,,,,,,5.119507205524358,,6.0437741468772606,6.2232605847275835,,5.226453859774818,,,,,,,,,,,,,,,,
PVP,4.471072624748287,,,,,6.819819264350049,,,,,,,,5.220999709630821,,,,,6.675677861972218,,,,,,,,,,,,,6.3425213076679485,,,5.975348404290408,,6.14807212509978,,,5.509104016357206,6.181529407634025,6.75138633518738,5.6709641684982115,5.797141492762552,,,6.39102479349856,,,,4.020443137182865,,6.551685114187653,6.277054595531655,,5.149807365675452,,6.292211229678439,,,,,,,,,,,,,5.141376937284486,,,,,,,,,,,,,,6.738538983236872,5.54046071042993,5.759889147255965,,,,,,,4.7629151092443704,5.3715349196154465,,,,,,,,,,,,,,,,,,
PVR,,,,6.320510711504493,,,,,,,,,,6.370148769512332,,,,,,,4.443026268306512,,,,5.570771924874886,,,,,5.468265916199581,,,,,5.385420963646243,,,,,,,6.471078421387524,5.756518918399614,,4.603119600640546,,,,,,,,,,,,6.420636297574411,,6.027606864625425,,5.687393291609023,5.571989230472833,,5.217502447405977,,,,,,,,,,5.611542572127164,4.653382073570854,,,,5.347308426386313,5.2889497357715785,5.516940222126293,,,,5.463560505088197,5.697846038090616,,,6.524117076383184,6.6364390250621526,,6.648567047199627,,6.115046159356024,,,,,4.986499167117135,,,4.521041653446015,,4.925695170787576,4.780598716728409,4.418057739522897,3.8435344382609835,4.799230954803851,4.258765385731585,4.491832129855454,,5.023977690482098,
PVT,,,,,,5.692228384947772,,,,,,,,,,,,,,,5.1589688719142215,,5.460696993939261,5.376245330548071,5.573035316953601,5.864603365386235,,,,,4.340482439138537,,5.148329746985675,5.899591538939064,,,6.240190262284716,,,,,,,,,6.835660267666906,,,,,,5.879880451661241,,6.582389351904365,4.821813573931412,4.82384325062291,,,4.959247352374333,,5.182881527012245,5.688412884661015,,5.08867719798353,,5.727958011096739,6.033848401993428,6.101005587684386,6.751435333754565,4.571180002615478,4.704027845071296,,,,,,,,,5.090447767629391,,,,,,,7.08411638105694,6.520376631731305,,,,,,,4.903834915046418,4.780221631493944,,,,,,,,,,,,,,,,,
RIA,6.56400799007618,3.7620239522682475,3.6821910658873356,,,5.641216924117487,5.835675946156818,,5.1759888458387655,5.296385308245018,,,6.474796283991744,,,4.952577727571183,5.275077349644281,6.740490641585882,4.727032096002137,4.835261909374727,,5.088076494535112,5.65474824477889,,,4.860357623502427,,5.976353945310244,6.308580633967465,5.886883959488561,,6.78137501663127,,5.3006275418051105,5.435090934766556,,5.226845814632235,5.5287118856645945,6.671288325098071,7.0538147923092716,6.616185228941929,,,5.495489493160278,,5.488132979059466,,4.020443137182865,,,6.954883818405996,6.632408141708294,5.053140322189957,5.9306402538307275,6.6104389018601735,6.208337052476686,,6.225943978537615,,6.135975116397966,,6.538398219971906,7.271710232552517,7.2229968806247555,7.213410013800606,,,,5.6287482605588615,,6.482966605397354,6.516270043480162,5.68784418110626,5.8452878099379015,6.053219515545423,6.1080921687667304,7.144394846086563,7.208674006383846,,,5.2492769834563395,,,,,,,,6.381090420423409,6.557757696589103,,,,,,,,,,,,,,,3.9373010051933206,,,,,,,,
RIB,5.6950907213463795,,4.43471251244202,,,,,,,5.529729302496098,5.196241234941731,,7.049613552909527,,4.554030000150445,5.952660780254455,5.683263989607565,6.972372287048683,5.610912832783246,,4.4387731511323,6.128031740427368,5.293754924648141,6.548542403549962,5.811079028539075,6.106230195390396,,,,,,5.500908014849792,6.3139577445628055,6.4016498609184795,,,6.335812217231175,6.552069088624652,6.786619326503867,6.631995877906927,6.028777267428009,6.097938350661621,5.715191534921115,6.829550728988767,,6.642129172990447,,,,5.879880451661241,6.632408141708294,5.589452918219574,,5.753300601608417,6.1195956570693,6.5173854274836005,,4.177598377329252,5.252477236320645,5.626856285423718,,4.89984846731105,,5.691679273060977,4.8719917986827985,6.358111982235805,6.462894757998579,6.379628562685443,4.714086427807185,,5.711632939433447,5.391410745000219,6.082135092971658,6.0578198499350755,3.999326262591848,,6.412844778930797,6.417071106390054,,5.7670713564927505,,,,,,,4.672382024731504,5.81375421848757,5.4951768806789865,6.018698847882434,,,,,6.25302573739049,6.746576267705636,,,,,,,,,,,,,,,,,
RIF,6.378159349661575,,4.141046554552797,5.238038619219196,,,5.268113750285156,,6.911097078696698,,,4.862381056585563,,5.38820649440209,6.385920604542911,6.223861168414932,,,5.016045679920805,,4.7229904180658195,,,,,,,,,5.407512949506106,,4.633783984906887,,,6.382691241860538,6.483779144132939,5.672740004879988,,5.532762003278393,5.678793459083519,4.724794336545981,6.520746022789659,5.088963811955928,5.21674126211605,6.8053948032190705,,5.132080415547768,6.551685114187653,,,5.053140322189957,,5.222560325470254,,,6.84563934309746,5.816661565760278,5.337841060054664,4.775486148592755,,,,,,,,,,,,,,3.0651153527828066,,,5.941199382129761,,,5.191053046603457,,4.59493140874637,6.069841742893765,,6.299617475367132,6.482772195724748,6.5360885808062035,,,5.23870079487422,5.254524688353292,,6.605636239645531,5.72150040438752,,,,6.312493322407346,,,,,,,,,,,,,,,,
RIG,,,,,6.243967831711639,5.796041832255725,,,,,,,5.13570293265781,,,,,6.505005803645364,4.933596381065796,,6.011355170765626,,6.05393785974083,6.536018455801838,5.924310733501073,6.043222244618572,6.015397762832726,6.362847850980722,5.659161950863197,,,6.184476708655404,5.425968995045086,5.984094009755016,,,6.5800547881044835,4.615446938044742,5.522541517987292,6.81358450662649,5.597827357466329,6.289375147385013,5.903781278301224,6.238159188814547,,6.84847364687688,,6.277054595531655,,6.582389351904365,5.9306402538307275,5.753300601608417,,6.207904079093562,5.815130676188001,6.280315770557647,,6.327986087390381,5.392853272630256,,4.984083787186308,5.917954157151899,,,,5.533938269643966,5.709170079995033,5.903025480438994,6.803565745021402,6.335349444183805,6.0557846730289215,,,5.747233289509896,6.282757177633837,6.183834646720616,,4.862572208765582,,5.427584433731835,6.456206554836997,,,,4.623658105850697,,6.806222596390797,6.207902018323366,,,,,,,6.3227678427993865,5.870256991386431,5.284912372585167,,,,,,,,,,,,,,,,
RIH,5.335531592553559,,4.286875850500808,,,,,,5.326572060691601,,,,,,,,5.397417948910594,6.038536535714261,5.685178453807481,4.960014839842024,6.434269870198886,6.567617480819294,6.286561533109546,4.363524268036843,6.476851891227007,6.694815749481795,,,,,,6.475663588179226,6.58399365886178,6.539227967912662,,,,5.482329779817849,6.523724425048073,6.7521505302908436,,,4.56385438755109,5.407470857078626,,6.197458452309026,,,,4.821813573931412,6.6104389018601735,6.1195956570693,,5.815130676188001,,5.833142227499523,6.5995263142716505,6.4397086946832145,4.507579661400624,,6.117480619065325,,,,,6.201568776844546,6.48682019835525,6.410628734094935,,,,,5.464785235279225,4.644082593812819,4.208626117570673,5.5466195086917205,,,5.671173879565111,5.692339147697251,,,,,,,,4.724298835364489,6.273205446436491,6.722655090150951,,,,,,6.163760683614043,4.30528658107874,,,,,,,,,,,,,,,,
RIM,5.281648366678618,,,,5.753616131871579,,,,5.539800927038996,4.979999792640736,,,5.782608564488576,5.41665534156752,,,5.190398104824127,5.405308271450768,6.029793875258231,5.815680850352936,,,4.896331597947847,4.7452625242312925,,,5.397319710913973,7.107711132432587,7.107086821000007,6.101675681992625,,,5.159167699148455,4.372399221632143,6.795609034837913,4.241808490975762,6.945426397275753,5.366073605997292,6.033521122769613,6.863736133794965,6.929668564966104,6.760380896264057,5.901042946612406,6.6240727271685,5.817290612768118,5.22290021078555,,5.149807365675452,,4.82384325062291,6.208337052476686,6.5173854274836005,6.84563934309746,6.280315770557647,5.833142227499523,5.833500469930281,,,,,,6.322449558885107,,7.167223868520906,,5.3731070095216324,,5.906652793493383,6.766419347742308,3.8236073165133377,6.283425286738352,6.089434329657085,6.3683233127771475,6.131844105147704,5.579287760162143,5.211384524132768,7.023404269276391,6.959809017793248,,,,,,,5.833514820295048,5.781476198641285,6.803067996129726,4.70903253356146,5.0481559821891295,5.078076509785428,,5.609851642850024,,6.300354437925531,4.30114992706014,6.634253366820897,5.455728581386071,,,,,,,5.373303353388384,5.83585587646316,,,5.719890482373419,5.619914936541643,,,,4.535953134776508
RIP,5.630683032757183,5.362167421141389,,5.776820722582642,,,5.599512484011449,,6.639544667487765,,5.482075327406342,6.564807022660492,,,6.283107402785254,5.546784224008543,,,,,6.678729987729568,4.7970689940448,6.4484128059369175,,6.057782535934973,6.0677324745538685,,,,4.921508980822108,4.6212654981258785,,,,5.143957103400663,6.320396133271676,5.7362873795756135,,,3.809644214664626,,6.375961083935262,5.002546716976643,,6.560203721688826,,4.269840094315406,,6.420636297574411,,,,5.816661565760278,,6.5995263142716505,,,,6.452267701423611,,6.461751515757734,,4.3263346454502445,,4.326364373126836,5.756718806886938,6.539458764946165,5.610746165476634,,,,,,,,,,,6.528961352278105,6.54900006634892,,5.174624694609052,,6.713649582253077,5.972303717599772,6.45870307798594,,,5.369341215044737,5.776588123505078,,6.163461870482576,6.656827524638364,5.396879309853207,,,5.270833627584404,4.71244775762197,5.057125613031271,,5.179254196939504,,,,,,,,,,,,
RIR,6.529290907837847,,5.72024394686983,,,6.231942409208927,6.040627945771644,,,,,,5.810022946174833,,5.579148981054448,,6.0234134775189085,6.311503873493617,6.422244120921309,,,6.175388408431886,4.817744721465359,,,5.224639127669525,,5.275103481131613,,,,6.4715146938057915,,5.429945059439411,,4.979549793649798,5.691852308488379,,6.501982974732051,6.591682880029903,5.605405562354519,,,5.632998194545407,,4.732858291091646,4.54182799809079,6.292211229678439,,,6.225943978537615,4.177598377329252,5.337841060054664,6.327986087390381,6.4397086946832145,,,,,,,6.093145945129795,4.924555552647015,,,,,4.891529650320155,,,,,,,,5.459381191296306,,,,,,4.414947581887572,,,6.598714454671047,4.663238384866539,,5.553752374806116,,,,,,,,5.085043267148927,,,,,,,,,,,,,,,,,
IL1D,,4.985284037214927,,,,,4.372210058438864,,,4.999022094392845,4.870870986454356,,5.488541745272965,,,,5.286112099949974,5.2564319305330836,,,6.750757546637151,4.877308698533644,,6.7256212699703175,6.779848815437259,,,,,,6.133183030516046,,6.597366786571173,,,,,5.505503174639645,,,,,5.222024812583251,,4.746607938080658,4.6700628395552615,,,6.027606864625425,4.959247352374333,,5.252477236320645,4.775486148592755,5.392853272630256,4.507579661400624,,6.452267701423611,,4.350028333727328,5.87215677259045,5.653087433601311,,5.737750956350662,,7.048618840604309,6.0739777749420085,6.566569542007795,5.722742790091634,,6.339595821835549,,,,,5.856429819324018,,6.017614081845984,5.415098259050624,6.522014937197004,5.459352121811528,4.009041483435767,4.768796417693321,5.142909232883523,4.500119521746329,5.009987971544911,,4.868608944758322,5.14758662879525,6.1066868982907865,,,5.619981413641301,,,,5.024843718330147,,5.915243785189365,,5.6964640370219195,,5.001610000282298,,4.281803341450119,,,,,,,,,
IL1L/R,,5.281742032335861,,5.342913260853268,,,4.949235328940311,,,5.370986361808164,5.134747366280646,,,,,,4.686132742906897,,,,,6.666225111172271,,6.597312299644922,,,,4.647854481185195,4.331124539011186,5.2572879875249034,6.719174184807308,5.905850268753089,,,,,,4.863561021890443,,,,,,5.846929403390791,,,,,,,6.135975116397966,5.626856285423718,,,,,,,5.87215677259045,,5.678894406485948,5.785890161458205,6.799099584538443,6.8421816516315,6.7903808932604806,,5.028736751658119,,6.048459410968767,6.8348392938859766,,5.686821569613575,5.27361388107749,5.386998527157161,,5.780592788516759,,5.762284339363812,,5.080160578767056,6.38336276911032,,5.495246678637886,,,,,,5.55816462522624,5.319650406714218,,5.368971720545244,,6.415036767024449,,5.941464606858752,5.419905023690215,,,5.093797435005371,5.586014846710885,,,,,,,,,,,,
IL1V,,,,,,,,,,,,,,,,,,,5.239618537699135,,,4.807914802286898,6.601401216018047,6.696304389735553,,6.532186920879231,,,,,6.0747639866798275,,,6.506063755514767,4.688792207052665,,4.754054975628034,,,,,,,,,5.05377259869634,,,5.687393291609023,5.182881527012245,,,,4.984083787186308,6.117480619065325,,6.461751515757734,,5.653087433601311,5.678894406485948,4.300877043233247,,7.048024001606227,,5.838458265991632,5.599783753357085,6.497686145453279,6.1214747927730455,,6.297305243818073,5.079612194832069,5.03938028064885,5.197942416392339,5.119439785804634,,5.606605098014454,5.133904915700975,5.673642821385461,4.585124916073957,6.356551301915523,,,,,,,,,,6.566481112742079,,,,5.227025503604833,,,,,5.953117411099114,,5.606837378616301,,4.955831259675748,,,,,,,,,,
RIV,,,4.985547126196997,,5.729404651212607,,5.192936911672273,,,4.001193947292614,,,5.794989823195586,,,,4.690010093046555,5.743782258065825,,5.646299895668027,5.774356969849399,5.749439726989448,,,,,5.904662346763968,6.792331739894404,6.338371152049677,6.6450192458907855,,,5.20887194380176,,5.802146030997382,,6.22251605784376,5.415682582967679,,,6.150420230527895,5.839900220389226,5.258996176485414,5.5854159948398205,,5.770510295387036,4.850369058032892,,5.571989230472833,5.688412884661015,6.538398219971906,4.89984846731105,,5.917954157151899,,6.322449558885107,,6.093145945129795,,5.785890161458205,,6.535097238024682,6.337499636938655,6.498741910208395,6.128049475510044,5.42460859606151,,,6.363979720110579,6.26648489371481,5.291536858405455,6.481322789215661,6.343767125026095,4.665008508761744,6.169529004046514,5.447792464795246,6.8758275525097865,6.793564459062046,,,6.398034557151694,,,,5.5873680185719365,5.217857448125258,6.16953472473847,5.748272642643734,5.312712058553651,5.4689627991786445,,,,6.515126932146608,5.408152855777661,5.838509679754005,5.239396387455252,,,,,,5.254107059590184,,4.659807798210372,,5.680418844934775,,4.704930719103616,,6.059903630237101,,4.285815100611715
RMDD,,,,,5.300006617029362,,,,,,,,,,,,,,,,5.0592002072927675,,4.673718565261822,6.784342974176351,6.6247311556935555,5.762617844309491,,6.142057913629258,,,5.7712287141133105,,5.696743803328569,6.5749338323856845,3.8923701107775277,,,,,,,,,6.056649304969838,,,,,,,7.271710232552517,,,,,,4.3263346454502445,4.924555552647015,5.737750956350662,6.799099584538443,7.048024001606227,6.337499636938655,6.183701068804552,6.583304038987165,7.326049620104953,5.916721209137765,5.471781587940055,6.35679756673916,5.198382084300753,6.161854734906629,6.312702182430466,5.547146941659605,5.29299619816,6.4912582491248765,6.817157601317703,5.532530867116789,6.197285654350964,6.286484448838432,6.422106749064813,6.021152226273153,,,,,,,,5.256079083980047,6.399297263173685,6.480437002704395,,,,5.848200882325301,,4.951193422065784,6.433178852642135,6.356756788261269,5.667666573894149,6.261197263683315,5.812907267670479,6.5001895352774435,5.2192310817507765,6.437820946498522,4.43771595163417,6.325173203244984,5.124588266351449,5.344839976746428,,5.308703177067878,,,
RMDL/R,,,,,5.825004002314529,,,,,,,,,,,,,,,,,,,5.95838467364159,,4.518735255929506,5.569003066803646,5.111748294426913,4.498312940898483,,6.4838278653186405,4.185852543357036,,,,,,,,,,,,6.082359469024309,,4.349572144403143,,,5.217502447405977,5.08867719798353,7.2229968806247555,5.691679273060977,,,,7.167223868520906,,,,6.8421816516315,,6.498741910208395,6.583304038987165,6.6907642414470105,6.704486768373939,,6.602612877155633,,7.102310623322687,6.943537735963559,6.481239916983402,6.332272586788842,6.556084017170061,6.666760061144437,,5.35442165925497,6.308371889880456,6.168897069167745,,,6.402645979325823,,,,,,6.886184404340921,,6.249132859090804,6.600317462095066,,,,5.274156232052576,,6.67694284956708,6.9287484353388775,,,5.927564983869201,5.9822787239726525,,,6.3079287783406635,6.332999289823159,,,5.719558936097049,5.848512649996793,,,4.797396540175332,4.933556049559826
RMDV,,,,,4.792967621943483,,,,,,,,,,,,,5.130100773069916,5.123856140879735,,4.828542468107577,,,6.724246897110203,6.008000174538665,6.5451339282526755,6.347863159586538,5.97105794721001,6.025165288960186,6.128624203876761,,,6.337997433465439,5.84351804427516,,,,,,,5.536963208588438,,,6.048579320060797,,,,,,,7.213410013800606,4.8719917986827985,,,,,4.326364373126836,,7.048618840604309,6.7903808932604806,5.838458265991632,6.128049475510044,7.326049620104953,6.704486768373939,6.233545123110134,6.509887814901166,5.589401481057107,6.142916226993369,5.606035603528686,6.108115135436948,6.017444061339529,6.463204710799599,5.950335996693929,6.351560608183796,5.274398990655588,6.705576560115677,5.857151017785664,6.002461593360639,5.870603416077555,6.45676741813384,,,,,,,,,6.525925107259873,5.869392390505541,,,,5.313924562624664,,5.053716665983469,6.6303920167454224,5.752273004688984,6.296277580250351,5.7374726739136035,6.3147455248954705,4.93316240436447,6.526452772938414,4.747805994972971,6.4277741824673,5.297133239120407,6.417469924227557,,5.607461741099963,5.117241039879188,5.091282342262871,,
RMED,,,,,,,,,,,,,,,,,,,,,5.994814756564608,5.899523952623075,5.875464390682542,6.543915971884123,6.13682875488614,5.134976770113912,,,,,,,5.814074107418243,,,,5.506578076792263,,,,,,,5.279928727629158,,5.478729010567267,,,,5.727958011096739,,6.358111982235805,,5.533938269643966,6.201568776844546,5.3731070095216324,5.756718806886938,,6.0739777749420085,,5.599783753357085,5.42460859606151,5.916721209137765,,6.509887814901166,,6.733748907212925,6.808893334143001,4.219986966880387,,,,,,6.176241760923314,,6.81447371337928,5.927160844503533,6.4130589008809435,6.374149165717715,,,,,,,,5.471806335007464,,,,,,,5.893761915033193,6.324867074901543,,5.463404910992286,5.9796966386101,,,5.927429283577646,5.858406191210332,,,5.738805673876023,4.148936715416492,,,5.361713400363489,,,
RMEL/R,,,,,,,,,,,,,,,,,,,,,6.357208622155242,6.782914342445178,6.3980506587425205,6.735612729223869,6.48350110908778,6.413824895846655,,,,,6.196740457985515,,4.884397393532272,5.137738109280247,,,,,,,,,,5.298426316101184,,5.346693921127925,,,,6.033848401993428,,6.462894757998579,,5.709170079995033,6.48682019835525,,6.539458764946165,,6.566569542007795,5.028736751658119,6.497686145453279,,5.471781587940055,6.602612877155633,5.589401481057107,6.733748907212925,6.384599564439113,6.746422437922778,4.939602452207798,6.402620992691378,,,,,,,4.661948833032148,5.3533464607909345,6.787708836985957,6.763922509880762,6.673856045720979,,,,,,4.518678992942725,6.058231759554659,,,,,,,,6.475865315442377,,5.1657346340805015,5.034935718962796,6.806932882353319,6.757388958990286,,,5.868924694777366,5.836570602333133,,,,,,,,
RMEV,,,,,,,,,,,,,5.6398763166893255,,,,,5.218152397049611,,,5.700447505272408,5.960545007091454,5.8854769947224,6.55421940566088,5.290020363172535,5.684441286506694,,,,,,,,5.74848743103767,,,5.697636415230138,,,,,,,5.50425781533322,,,,,,6.101005587684386,,6.379628562685443,,5.903025480438994,6.410628734094935,5.906652793493383,5.610746165476634,4.891529650320155,5.722742790091634,,6.1214747927730455,,6.35679756673916,,6.142916226993369,6.808893334143001,6.746422437922778,,,,4.885879024662489,,5.170490588782363,,,6.198668705345596,6.105069950822373,6.725524937826866,6.191061053533208,6.492079256801817,,,,,,,,6.106732637740589,,6.109603209672457,,,,,,6.567319954308076,,5.891357864206864,5.446670098948576,,3.6460464335885434,5.626613382956184,5.9682312325472076,,,4.708549048089818,5.70391240961531,,,,,,
RMF,,,,,6.122102069461498,,4.602854966524072,,,,,,,,,,,6.573030140979967,,5.434245554571858,4.170909025541415,,4.280411365065737,6.22815598094343,4.592889309023305,5.433117126798358,6.1420374434705485,6.899151063359814,6.843938575311035,6.087692963753173,6.006736996868579,,4.508173664666654,5.439976241261028,,,6.5294318342689195,6.093947461264427,,,6.167700287381244,5.37236848033164,,4.927994978145889,,6.1732701649140544,,,,6.751435333754565,5.6287482605588615,4.714086427807185,,6.803565745021402,,6.766419347742308,,,,6.048459410968767,,6.363979720110579,5.198382084300753,7.102310623322687,5.606035603528686,4.219986966880387,4.939602452207798,,5.632984531257591,6.850907925238519,5.413915518867715,5.059972539002004,,4.7606290729578085,5.37464458301898,5.753833318130385,,5.503924772572365,,,6.252292934229533,,,,,,6.935384077639789,6.014595051439961,6.352069584169986,5.95130065258493,,,,5.702028700310664,,6.021727878782163,6.869451112670465,,,5.911841176798272,6.066032369319379,,,6.013739025839002,6.053273308117802,,,4.956352249284784,5.169275195734933,,,,
RMH,,,,,6.602536766212162,,,,,,,,,,,,,,4.649570688090173,,5.170758274717521,5.795094254120421,4.949685195110308,5.271590989727695,6.1528325476490835,6.2057814961262485,6.521391218440037,5.930811885168882,6.15014842050681,6.3722929965645925,6.5317324241168455,,,,4.285784736870838,,5.908928724256338,,,,6.227472287384704,4.381519655002255,,4.977357225059603,,,,,,4.571180002615478,,,,6.335349444183805,,3.8236073165133377,,,6.339595821835549,6.8348392938859766,6.297305243818073,6.26648489371481,6.161854734906629,6.943537735963559,6.108115135436948,,6.402620992691378,,6.850907925238519,5.996731606154673,5.25211529554664,6.3103150291126875,6.519001728009704,6.375171032197348,5.5926302626757005,5.733510084511153,6.435422578116726,6.111335732624302,5.860162909011707,5.991938273044608,6.5240277387709,,,,,,5.756281238621607,,6.3562628602742635,6.19759006900351,,,,7.064584670632704,,,6.544292946713914,,,5.94302646883508,5.787747893948592,,,5.224025228478396,5.001781068948957,,,,,,,,
SIAD,,,,6.230272727818758,6.265422261976852,,,,,,,,,,,,,4.3769014028069995,6.421251145702506,,,,5.227492417338076,,5.285537686510717,,,6.0591466254198165,5.72390183070467,5.7133836711562145,,5.170621285133392,5.113528640518417,5.336663387607945,5.385450282434095,,6.3515640522102474,4.431923259708849,,5.857158105304443,6.097452396692449,4.593443713400672,5.5588113245864905,6.052807137288958,,,,5.141376937284486,,4.704027845071296,6.482966605397354,5.711632939433447,,6.0557846730289215,,6.283425286738352,,,,,5.079612194832069,5.291536858405455,6.312702182430466,6.481239916983402,6.017444061339529,,,4.885879024662489,5.413915518867715,5.25211529554664,5.767992673907531,6.480822134142428,6.5853592022624765,6.386399433289458,6.778616709948371,5.338107813422858,6.538246110394231,6.7681011251973615,,5.159123165324062,5.2086007617348224,5.359837115540768,,,5.037012148072183,,6.5412713242224365,5.896886357243823,5.589190716684094,,,,,6.332402047677949,,5.222269692475225,5.730419800701607,,,,,,,,,,,,,,,,
SIAV,,,,,,5.193450735772905,,,,,,,,,,,,4.518675979961448,6.774532730670244,5.666218867891238,,,5.010360898147525,5.400187163189777,,5.222161955678196,6.601958809363236,,5.615559615578999,5.722060943213363,5.251232236255954,,,4.174812901847917,5.843982659741532,,4.66382116100465,,,,5.798981081292223,5.766169340586134,4.900169045413455,6.198860152869545,,,5.008465880606966,,,,6.516270043480162,5.391410745000219,,,,6.089434329657085,,,,5.686821569613575,5.03938028064885,6.481322789215661,5.547146941659605,6.332272586788842,6.463204710799599,,,,5.059972539002004,6.3103150291126875,6.480822134142428,,6.826997514183726,6.716120388603969,6.528960052694695,6.463882818701204,5.0956386553794735,6.201025558915867,,5.123236322653523,,,,5.2251736670408215,5.40203139785783,4.916007352526527,6.322277271492893,,4.857617292605268,5.70535965539684,,,4.50113098832897,6.693127310196769,5.654778375664283,,5.458938170764315,,,,,,,,,,,,,,,,
SIBD,,,5.331423702364471,5.775705038477162,5.980513523028001,5.636346309424629,,,3.78063900857137,,5.196163809265155,,5.665594169205922,,,,5.81714446786437,5.465813139327864,6.036989409528922,,4.882721776157234,,5.155465317443976,5.3369275870848805,,6.469803888558094,6.368858428761459,5.327556066944838,5.790036256341492,,5.955648083020907,5.230643586789282,5.347871875359779,5.344730017388312,6.0064169941965675,,5.826768847426833,5.294495546218732,5.870369129317434,5.83098508495508,5.9412840501284805,6.023609909006695,5.793090186532489,4.947888166384588,,,5.5439777363104,,,,5.68784418110626,6.082135092971658,3.0651153527828066,,5.464785235279225,6.3683233127771475,,,,5.27361388107749,5.197942416392339,6.343767125026095,5.29299619816,6.556084017170061,5.950335996693929,,,5.170490588782363,,6.519001728009704,6.5853592022624765,6.826997514183726,5.348405678649453,6.742625015481377,6.780756957884802,6.366661726363268,6.291557247747186,5.848682506907051,,5.116133885824828,5.681153124604051,5.552988124603001,4.743753285026223,5.215952215986855,5.705310807891519,4.281374709728996,,,4.421663457859132,5.43949135158685,,,,6.504271708634093,5.104528557523664,,5.9716352560739905,,,,,,,,5.195019747600166,,,,5.0675677672066435,,,,4.286250973256277
SIBV,5.599819001115564,,,5.635199622231454,5.679411326105911,6.183059413277516,,,,,,,,6.097155245294619,,,,5.633231289102312,6.797919625548954,5.080346619536479,4.926250956622672,5.36222055574008,5.617052130140344,5.281161005045657,6.4794584985461805,,5.602442770834904,6.009249827244144,5.0525230195746005,5.847148371832183,5.910903724215328,4.9138416596156995,4.986099271140428,5.640308033428721,6.023385440284506,,5.732547883031823,,,,4.380069423374977,6.501215465667627,6.352861330910947,5.1545514817108415,4.370230232424585,,5.94131869728167,,5.611542572127164,,5.8452878099379015,6.0578198499350755,,5.747233289509896,4.644082593812819,6.131844105147704,,,,5.386998527157161,5.119439785804634,4.665008508761744,6.4912582491248765,6.666760061144437,6.351560608183796,,,,4.7606290729578085,6.375171032197348,6.386399433289458,6.716120388603969,6.742625015481377,6.385864849057981,6.8603714113190435,5.862237277799124,5.015000141575316,5.113516360123952,,5.364238027848813,5.578195311903261,,,5.33928448795587,5.387568826711699,,,5.443830205943455,5.38820724865744,5.226269854510156,,5.608624075924939,,6.85313202646212,6.289380921546068,5.182598160599276,6.418123244060705,,,,,,,5.2999716550757485,,,,5.098276263491834,,,,4.4694813633422825,
SMBD,6.204749172781471,,,5.988888391275874,6.364900535249389,,,,,,,,,,,5.417159252984178,,,6.208969957753635,5.953546627186841,5.460987860623806,,4.82269497909813,,6.637950316298171,,,6.400109422140633,6.698231583273906,5.584899355102024,6.110256259632261,,4.876013970586015,5.406829734815797,6.106143625350508,,5.886478934597679,,3.7714351700223623,6.772389342412638,5.896166625874368,5.4877354898023825,5.4699898233358475,5.529819030811993,,,4.439909366072043,,4.653382073570854,,6.053219515545423,3.999326262591848,,6.282757177633837,4.208626117570673,5.579287760162143,,,5.856429819324018,,,6.169529004046514,6.817157601317703,,5.274398990655588,6.176241760923314,,,5.37464458301898,5.5926302626757005,6.778616709948371,6.528960052694695,6.780756957884802,6.8603714113190435,5.833211047147366,7.331539711619303,4.935440691201102,5.052206643371022,4.773845226255687,,5.862638948430297,,,,,,6.513017368681571,5.792392898984843,6.581702356103623,,,,,6.509668704328699,,,5.770083063608632,5.9073905383411605,,5.473916133765473,,6.133226698242879,,5.893014070173952,,6.3347165149370674,,5.56662652751887,,6.138632596545687,,5.081876515596011,
SMBV,6.587872200646383,6.348334376650037,,,5.246988199719583,,,,6.1417808766262,,,,,,5.32043451140167,6.336906945692355,,,5.941603330733314,4.852256536081946,,5.75020699545225,,5.556878650738079,,6.360601538301677,6.894148258181153,7.0112069248124,6.406652223353206,,5.554317748975653,5.307581166246858,,,5.595596194906077,5.8035249310041195,,,5.817398248746245,6.965472262571932,5.37034778871399,5.006037068791615,5.3960638495195274,5.840154839377978,,,,,,,6.1080921687667304,,5.941199382129761,6.183834646720616,5.5466195086917205,5.211384524132768,,5.459381191296306,,5.780592788516759,5.606605098014454,5.447792464795246,5.532530867116789,5.35442165925497,6.705576560115677,,,6.198668705345596,5.753833318130385,5.733510084511153,5.338107813422858,6.463882818701204,6.366661726363268,5.862237277799124,7.331539711619303,5.237703169544491,5.402210559569781,5.767955585878801,,5.280515227678556,5.207540694147567,5.9862783038507095,,5.892615882088635,5.794139677314292,5.51525756188521,6.064482283589082,,,6.544300791184163,,,,6.435622657466806,5.4916390408344435,6.02474888577115,6.027028254988994,,5.915577894866911,,5.166233703968023,,5.993672003865938,,5.660640180263702,,6.247574089793673,,5.616897518960804,,5.946590097885177,,5.311906964243374
SMDD,,,,3.9602772926597596,6.437105725841324,,,,,,4.466352714829639,,,,,,,,,,5.1048204011387295,,,6.43792820386534,5.284599753229602,,5.364514858451225,6.53374165345204,7.142027065730102,5.813370225424774,5.702818449432137,4.8001013469223395,5.838008437990422,,5.588963443578777,,6.502368162101976,,,,6.623734687522511,,4.759682318973361,6.303737016693081,,,,,,,7.144394846086563,6.412844778930797,,,,7.023404269276391,,,6.017614081845984,,5.133904915700975,6.8758275525097865,6.197285654350964,6.308371889880456,5.857151017785664,6.81447371337928,4.661948833032148,6.105069950822373,,6.435422578116726,6.538246110394231,5.0956386553794735,6.291557247747186,5.015000141575316,4.935440691201102,5.402210559569781,6.001979280001113,7.2259446619253636,5.508726447456841,6.146982943235024,5.920331642516871,4.89385310851029,,5.062220402878065,4.12191396601466,,6.27526835511452,,6.4513779786420615,,,4.652958431329532,,6.693222778171493,,6.863648393118251,5.597808654511773,5.582562915125429,5.464522162239381,,,5.874407346954979,5.049355166495931,5.0522655271478705,,5.935664477362612,,4.6893644324726855,,,,,
SMDV,,,,,6.055340759993406,,,,,,,,5.198395503120985,,,,,5.663600485347467,6.15827832545601,,4.881744287169675,5.125433761127675,,6.474354094445741,,,6.234275579470122,6.95368318403263,6.682566559195287,6.0681186669735645,,,4.241606869456316,5.651623870364381,5.824451258473779,,6.217208156588128,4.187131756049552,,4.347826262313976,6.689589645028693,,,6.3104158878683405,,,,,,,7.208674006383846,6.417071106390054,,4.862572208765582,,6.959809017793248,,,5.415098259050624,5.762284339363812,5.673642821385461,6.793564459062046,6.286484448838432,6.168897069167745,6.002461593360639,5.927160844503533,5.3533464607909345,6.725524937826866,5.503924772572365,6.111335732624302,6.7681011251973615,6.201025558915867,5.848682506907051,5.113516360123952,5.052206643371022,5.767955585878801,7.2259446619253636,6.346621356339561,6.105542680884707,5.150617189762495,5.945266062344243,,,,5.63678550425085,3.9169327806527607,6.207396513740872,5.695673322991717,,6.347237470037407,,,,6.427431706001092,5.077423336492483,6.792093985166317,5.639254664513008,5.35486077067914,5.223056015763036,,,4.6961069711533945,5.732083701995343,,3.90495310318974,,5.044164945558841,,4.595002279684585,,,,
URAD,,,,,,,,,,,4.443267632117027,,,,,,,,,,6.683001418426027,5.912124705035083,,,6.024681823706373,,,,,,5.936568110245364,5.495734529909605,6.586474179950597,,,,,,,,,4.929298200513787,,,5.052666038600262,,,,5.347308426386313,,,,5.191053046603457,,5.671173879565111,,6.528961352278105,,6.522014937197004,,4.585124916073957,,6.422106749064813,,5.870603416077555,6.4130589008809435,6.787708836985957,6.191061053533208,,5.860162909011707,,,,,4.773845226255687,,5.508726447456841,6.105542680884707,,5.964230882686825,,5.043870553385155,4.503752951241886,5.25729819211773,5.4581250543478435,5.113907372886971,,,6.549440163801019,,,5.583062801746457,,5.5721108209892956,,,,6.649081935439767,,6.299189602900614,,5.50253450514765,,4.629907298741276,,,,,,,,,
URAV,,,,,,,,,,,,,,,,,,,5.241950665935087,,,5.8066013955869735,6.661501069648719,4.897966318300516,,6.184415082461,,,,,5.869870937950413,,,6.223442691169219,5.020064469807276,,5.081477290838056,,,,3.930046431809307,4.7296793733806775,,,,5.752928530400726,,,5.2889497357715785,5.090447767629391,,5.7670713564927505,,5.427584433731835,5.692339147697251,,6.54900006634892,,5.459352121811528,5.080160578767056,6.356551301915523,,6.021152226273153,,6.45676741813384,6.374149165717715,6.763922509880762,6.492079256801817,,5.991938273044608,5.159123165324062,5.123236322653523,5.116133885824828,5.364238027848813,,5.280515227678556,6.146982943235024,5.150617189762495,5.964230882686825,,,,,,,,4.643260406453412,4.813826750983767,,6.231634603934803,,,,5.237846068337305,,,,,6.592322315695445,,6.536277208066296,,5.324736389125102,,4.443833355208682,,,,,,,,
ADE,,,,5.77681507998125,5.772279110738627,5.742207887446327,,,,,,,,,,,,,5.472935131097287,6.495987112080801,,6.284761728863209,,,,,,6.285777602280564,6.0181011324106555,5.430659382904518,6.591178976431226,,,,5.9883337993582755,,,4.7735584430803,,,6.460457021125582,,5.153640167272712,5.030956146541106,,,,,5.516940222126293,,5.2492769834563395,,4.59493140874637,6.456206554836997,,,,,4.009041483435767,6.38336276911032,,6.398034557151694,,6.402645979325823,,,6.673856045720979,,6.252292934229533,6.5240277387709,5.2086007617348224,,5.681153124604051,5.578195311903261,5.862638948430297,5.207540694147567,5.920331642516871,5.945266062344243,,,6.647634294793647,,,5.680888569542689,5.465032644166079,4.940332191393708,5.984927652659223,5.680036704634407,5.039608667067019,5.42566023393259,,5.906250099660331,,,,5.773112808236938,,,,,,,,4.81201099231382,5.288880050509914,,,,,,,,
AIM,6.731565671954918,5.486342967594975,,5.747692901827402,,,5.798393190014724,6.933564928675971,6.246270597117079,,6.615242723759194,6.43585328430084,,,5.186867634690029,6.292627661172662,5.745709080391243,,,,3.6008680259796595,5.5077630636767525,,4.986111556558131,4.994946043313554,5.42807241660239,,,,,5.822684974699539,5.575401522039741,5.178604307150835,5.515471096401268,4.957722917477452,6.982683802101654,6.214434283373517,,5.396753548440887,6.217297150456363,6.36674142611269,5.711134465018929,6.029309356516989,5.838721020919536,5.351174584323282,,4.158362492095249,,,,,,6.069841742893765,,,,5.174624694609052,4.414947581887572,4.768796417693321,,,,,,,,,,,,5.359837115540768,,5.552988124603001,,,5.9862783038507095,4.89385310851029,,5.043870553385155,,,5.169023744828167,5.7397110760619405,6.592847935940721,6.155081243446889,6.205063920577904,,,4.798844893769798,,,4.752398619599336,6.1497167530205274,5.902121587973177,5.289507616462053,,6.375952600073744,,,,,,,,,,,,,,,,
ALA,,6.476204189549665,,,,,,5.559544546215595,,5.93198878679567,6.57235705042189,6.843726121987554,,,4.97953397077774,,,,,,5.0420865423816394,5.779460212799681,,5.317851034155996,5.169112584752553,,,,,,5.037373958396658,5.4723403620563005,5.095214502080878,,,5.914599099580009,,4.40364033614262,,,,,5.088662165352113,5.76805516860442,,,,,,,,,,,,,,,5.142909232883523,5.495246678637886,,,,,,,,,,,,,4.743753285026223,,,,,,4.503752951241886,,,5.7397110760619405,,5.5127016220660225,6.000029576539809,5.900015446268967,,,,,,,6.457040728635936,,,,,,,,,,,,,,,,,,,,
AVF,5.511808617998883,5.763177850800898,,,,,4.050746469012154,,5.969550358153234,,6.406243816313019,5.532635095183763,,,6.209509042531526,6.171855313790057,,,,,,5.81608239897783,,5.276810138083687,5.20417736488092,,,,,,5.385002002104532,5.659524986064951,4.880807297860438,,5.680379883624741,5.182316715552142,,,,,,,5.367165520741101,5.25947658670101,6.576480268656193,,,,,,,,6.299617475367132,,,,6.713649582253077,,4.500119521746329,,,,,,,,,,,,,5.2251736670408215,5.215952215986855,5.33928448795587,,5.892615882088635,5.062220402878065,,5.25729819211773,,5.680888569542689,6.592847935940721,5.5127016220660225,6.662940250153036,5.872353573881163,5.851080893851358,,,4.844503788280517,5.582564383324322,,6.318888388052442,6.824927205605046,,5.249300527576637,,6.704347460211281,,,,,,,,,,,,,,,,
AVH,6.466998548130142,5.4360002406278936,,5.864489177280736,,6.255876170437932,,,5.841666439985535,,5.5828148069704255,,,5.453501032728151,5.0191284179433096,5.504732295497933,,,6.434389904315542,,5.412644439558778,4.780901311197783,,,5.276665711634407,5.0906117324415066,,,4.195338756991533,5.7031746989184215,,6.3183282933824465,5.558445009798294,5.1841796926754435,6.087040471951245,3.7152477348003203,,5.8170682299397525,,5.106147992516913,6.267300324170207,6.56103954157309,6.168626290718328,5.346689941300796,5.807601766270249,,6.45817665126487,6.738538983236872,5.463560505088197,,,,6.482772195724748,4.623658105850697,,5.833514820295048,5.972303717599772,6.598714454671047,5.009987971544911,,,5.5873680185719365,,,,,,,,,5.037012148072183,5.40203139785783,5.705310807891519,5.387568826711699,,5.794139677314292,4.12191396601466,5.63678550425085,5.4581250543478435,,5.465032644166079,6.155081243446889,6.000029576539809,5.872353573881163,4.460532921732749,6.904465905346837,5.3982830654838585,,5.525566684224234,,,5.676240446601244,,5.574544479533493,5.171718046927218,,,,,,,,,,,,,,,,,,
AVJ,5.997911316412026,6.307374132889169,,6.151715788381742,,4.677689072490861,4.95660015904985,,6.5350519734254435,5.471037947498691,5.484172905127128,5.853751730806823,,6.8289547624375215,6.042967082618344,5.899851650860195,5.006673315194061,,,4.860832743929475,5.702918600171048,,,5.473928094499399,4.190616176247634,5.250917559815167,,,,5.103599400818923,5.376829213766594,5.632720320184596,5.538956802806979,5.290195540847933,6.1304047607693954,4.939381341914795,4.7664228477559485,6.100850284300893,6.028097629044988,5.332193049523086,6.262278853701923,6.920372465673957,6.704401193632837,5.368249017661846,6.391198507097193,,6.642449096605176,5.54046071042993,5.697846038090616,,,,6.5360885808062035,,,5.781476198641285,6.45870307798594,4.663238384866539,,,,5.217857448125258,,,,,,,,,,4.916007352526527,4.281374709728996,,,5.51525756188521,,3.9169327806527607,5.113907372886971,,4.940332191393708,6.205063920577904,5.900015446268967,5.851080893851358,6.904465905346837,5.295386114368701,,,5.107276912538837,,,6.618281529641176,4.82062591835318,6.0648163865735425,5.802744345097147,5.634782994328142,5.7368762304977645,,,,,,,,,,,,,,,,
AVK,,,,,5.541301761294449,5.674124723057248,,,,,,,,,,,,,,,4.979922800891122,,4.573074792569801,4.346169948627732,5.13168806755439,5.864570088352921,5.32809727019614,5.8600071117831485,4.8886070126412635,,,,5.16663138375104,5.668491128016881,,,6.699361590806177,,,5.84249124109355,6.126554815779509,,,6.697017437072106,,6.843306953423863,,5.759889147255965,,7.08411638105694,,4.672382024731504,,6.806222596390797,,6.803067996129726,,,4.868608944758322,,,6.16953472473847,,6.886184404340921,,,4.518678992942725,,6.935384077639789,5.756281238621607,6.5412713242224365,6.322277271492893,,,6.513017368681571,6.064482283589082,6.27526835511452,6.207396513740872,,4.643260406453412,5.984927652659223,,,,5.3982830654838585,,6.814996529102526,6.9372389058101716,,,,,,5.948874901826625,,6.810978219842944,5.8472287006618044,,,,,,,,,,,,,,,,
AVL,,,,,,,,,,,,,,,,,,,,,5.2836085547578024,,5.1658463842493445,,5.105495252590817,5.498360065269196,,4.788813665534508,,5.339547037846139,,,5.2259755906710454,5.751262069227668,,,5.628027740140648,,,,,,,,,5.495395260696404,,,,6.520376631731305,,5.81375421848757,,6.207902018323366,4.724298835364489,4.70903253356146,,5.553752374806116,5.14758662879525,,,5.748272642643734,5.256079083980047,,,5.471806335007464,6.058231759554659,6.106732637740589,6.014595051439961,,5.896886357243823,,,5.443830205943455,5.792392898984843,,,5.695673322991717,,4.813826750983767,5.680036704634407,,,,,,6.9372389058101716,,,,,,,,,6.659219972486901,,,,,,,,,,,,,,,,,
CEPD,,,4.039998161837873,6.00889415552023,4.798261188136337,,,,,,,,5.363541674769145,,,,,,,,6.52855241852702,,,6.442015234751074,6.335167636471767,,,,,,6.375809337115798,6.560767509920439,5.548992441822905,,5.794398741258443,,,4.721725704543626,,,,5.230565770806226,5.08295322269169,6.199749720406344,4.993339616369507,,,,6.524117076383184,,6.381090420423409,5.4951768806789865,5.23870079487422,,6.273205446436491,5.0481559821891295,5.369341215044737,,6.1066868982907865,5.55816462522624,,5.312712058553651,6.399297263173685,6.249132859090804,6.525925107259873,,,,6.352069584169986,6.3562628602742635,5.589190716684094,4.857617292605268,4.421663457859132,5.38820724865744,6.581702356103623,,6.4513779786420615,,6.549440163801019,,5.039608667067019,4.798844893769798,,4.844503788280517,5.525566684224234,5.107276912538837,,,,,,5.647520182882128,,6.505198745084898,,6.3936445906620145,6.207323688782798,5.9750551307360835,,,,5.776658760121968,,5.846812464130799,5.410188484799764,6.0996005734259215,,5.934237067641296,,6.097569091281533,,6.116194389700335,
CEPV,,,,6.259844792304169,,,,5.45767335824365,,5.85569326305954,5.608645692368075,3.67415763730839,5.260533127085153,4.768731156929068,,,5.670135968875086,6.023514548798851,,,,,6.546764254483503,6.525705863807158,,6.066707205890612,5.703470735452185,,,5.551466140609951,6.083951428728949,5.576647557445376,,5.478278771633993,5.372381167981746,,,5.4860808362060745,,,,5.99526840034837,4.868837691607619,6.329114454630257,5.5597599357139025,5.041258594556137,,,6.6364390250621526,,6.557757696589103,6.018698847882434,5.254524688353292,,6.722655090150951,5.078076509785428,5.776588123505078,,,5.319650406714218,6.566481112742079,5.4689627991786445,6.480437002704395,6.600317462095066,5.869392390505541,,,6.109603209672457,5.95130065258493,6.19759006900351,,5.70535965539684,5.43949135158685,5.226269854510156,,6.544300791184163,,6.347237470037407,,6.231634603934803,5.42566023393259,,,5.582564383324322,,,,,,6.206769764419689,,5.8208744987192285,5.462774725642394,6.669567811532523,,6.463839587460384,5.930947989783346,,6.255127352976314,,4.98743484981535,,5.78260196008029,,5.888824110623165,,6.110537810100655,,5.700685068351285,,5.762446106304568,,5.860946736518284
HSN,,,,,,,,,,,,,,,,,,,,,,,,,,,,,,,,,,,,,,,,,,,,,,,,,,,,,,,,,,,,,,,,,,,,,,,,,,,,,,,,,,,,,,,,,,,,,,,,,,,,,,,,,,,,,,,,,
PVW,,,,6.7160432124451575,,,,,5.571524306529845,,,,,6.823396282411611,,,,,5.5104796427422045,,5.670797562693238,,,,,,,5.244597981617506,,6.434984168621235,4.935362764476113,,,,5.131046555704752,,,,,,,6.04771319955183,5.512187794584712,4.536728585561782,7.061649731063247,,5.119507205524358,,6.648567047199627,,,,6.605636239645531,,,5.609851642850024,6.163461870482576,,5.619981413641301,5.368971720545244,,,,,,,,,,,,,,5.608624075924939,,,4.652958431329532,,5.583062801746457,,5.906250099660331,4.752398619599336,,6.318888388052442,5.676240446601244,6.618281529641176,,,5.647520182882128,5.8208744987192285,,6.999973810474256,,5.854850661428327,,,6.517484091381179,,,,,,,4.439581714311967,,,,4.041698640920591,,,,,
PVQ,,5.741574144095697,,,,,5.859190246019153,,5.367517160633277,,6.868565589521843,6.8326538230804985,,,6.0803859343880085,,,,,,,3.380211241711606,,,,,,,,,,,,,5.552710541866329,6.3542744283872965,,,,,,,,,6.435277965366226,,,,,,,,5.72150040438752,,,,6.656827524638364,,,,,,,,,,,,,,,4.50113098832897,,,,,,,,,,6.1497167530205274,6.457040728635936,6.824927205605046,,4.82062591835318,,,,5.462774725642394,,,,,,,6.458045748385975,,,,,,,,,,,,,,,,
RIC,,,,5.251197818914476,4.194601803287487,6.1088616643826805,,5.368442789472816,5.887862239751937,,,,,5.457427871905257,,,,,6.183543876046708,,5.7889169846270425,,5.498588757396239,4.610782700670282,6.284065339301481,6.128292688646688,6.38995952926039,5.589421238416262,5.587158654966518,6.520581671995536,6.413772208664888,6.207062518113587,5.522124799341333,5.6532060337784005,6.883656100938026,5.129466608036714,5.704534118632652,,,5.784437732345185,6.645062156193834,7.010173376752797,6.310839646412165,5.291437237527931,,,6.0437741468772606,4.7629151092443704,6.115046159356024,,,,,,,6.300354437925531,5.396879309853207,,,6.415036767024449,5.227025503604833,6.515126932146608,5.848200882325301,5.274156232052576,5.313924562624664,,,,5.702028700310664,7.064584670632704,6.332402047677949,6.693127310196769,6.504271708634093,6.85313202646212,6.509668704328699,6.435622657466806,6.693222778171493,6.427431706001092,5.5721108209892956,5.237846068337305,,5.902121587973177,,,5.574544479533493,6.0648163865735425,5.948874901826625,,6.505198745084898,6.669567811532523,,5.854850661428327,,6.866590665110878,6.440217292514171,5.755264987058219,6.296486335818803,,,,,,,,,3.433792430783115,,,,,,,
RID,,,5.572167943742215,5.153412461463952,,5.80932916415935,4.7563702471463065,,5.721820691485358,,,,5.4697293103082325,5.450361371728068,,,,6.571605915097866,6.4387364168665115,,5.130226566071203,,,,5.167131048493339,,4.530807608301167,,5.570420978488593,5.469350972611243,,,4.428905237174605,,4.011984219344133,,5.372536057570083,6.728827665847221,,5.668220907135482,5.6465253857153614,6.207000564145645,6.543531664850441,5.035027117897756,,5.469965334035149,6.2232605847275835,5.3715349196154465,,4.903834915046418,,6.25302573739049,,6.3227678427993865,,4.30114992706014,,,,,,5.408152855777661,,,,5.893761915033193,,,,,,5.654778375664283,5.104528557523664,6.289380921546068,,5.4916390408344435,,5.077423336492483,,,,5.289507616462053,,5.249300527576637,5.171718046927218,5.802744345097147,,,,,,,,6.440217292514171,,,5.86423139653926,,,,,,,,,,,,,,,,
RIS,,,,,,,,,5.228302125794595,,,,,6.09365302716015,,,,,,5.742048235684739,5.312805887088687,,,4.1940485251627315,5.424358677773932,5.84633059639659,4.786932225968088,6.220764245999896,,5.7110550861231175,,,5.755853904424586,6.057973406536404,,,6.078547058020444,,6.098629648544413,,,5.981016833860124,,6.511066176783754,,,,,,4.780221631493944,,6.746576267705636,,5.870256991386431,6.163760683614043,6.634253366820897,,5.085043267148927,5.024843718330147,5.941464606858752,,5.838509679754005,4.951193422065784,6.67694284956708,5.053716665983469,6.324867074901543,6.475865315442377,6.567319954308076,6.021727878782163,,5.222269692475225,,,5.182598160599276,,6.02474888577115,6.863648393118251,6.792093985166317,,,5.773112808236938,,,,,5.634782994328142,6.810978219842944,6.659219972486901,6.3936445906620145,6.463839587460384,,,,5.755264987058219,,,,,,,,,,,,,,,,,,,
RMG,5.212763358528388,5.6460714772316445,,5.5967879246031,6.6720428337852065,,,,5.97932700685535,,,4.723904990973181,,5.02384087008119,,5.414051192278841,,,4.927206960633751,,,5.275787634382635,,4.899470911835973,,,6.62285717899774,6.286840232063288,5.771750165259054,,4.3925606379116475,6.311107979012582,,,6.023910574035891,4.612062111712464,5.694866907913533,,,,5.4640161211927625,5.73308520560921,5.549629219310375,6.023657882852515,6.13910732852307,,5.226453859774818,,,,,,6.312493322407346,5.284912372585167,4.30528658107874,5.455728581386071,5.270833627584404,,,5.419905023690215,,5.239396387455252,6.433178852642135,6.9287484353388775,6.6303920167454224,,,,6.869451112670465,6.544292946713914,5.730419800701607,5.458938170764315,5.9716352560739905,6.418123244060705,5.770083063608632,6.027028254988994,5.597808654511773,5.639254664513008,,,,6.375952600073744,,6.704347460211281,,5.7368762304977645,5.8472287006618044,,6.207323688782798,5.930947989783346,,6.517484091381179,6.458045748385975,6.296486335818803,5.86423139653926,,,,,4.417670565531078,4.841849606257132,,,6.1453457890329375,6.179945912610595,,,6.390468059162733,6.432821237466805,,,6.402062653362908,6.273253875256297
BWM01D,,,,,,,,,,,,,,,,,,,,,4.641047393566992,,,,,,,,,,,,,,,,,,,,,,,,,,,,,,,,,,,,4.71244775762197,,5.915243785189365,,,,6.356756788261269,,5.752273004688984,5.463404910992286,5.1657346340805015,5.891357864206864,,,,,,,5.9073905383411605,,5.582562915125429,5.35486077067914,6.649081935439767,,,,,,,,,,5.9750551307360835,,,,,,,,,5.980386958005798,,6.647571572450491,,7.138051018252072,,,,5.166026739677115,,,,,,,
BWM01V,,,,,,,,,,,,,,,,,,,,,,,4.966839583390453,,,,,,,,,,,,,,,,,,,,,,,,,,4.986499167117135,,,,,,,,5.057125613031271,,,,5.953117411099114,,5.667666573894149,,6.296277580250351,5.9796966386101,5.034935718962796,5.446670098948576,,,,,,,,5.915577894866911,5.464522162239381,5.223056015763036,,6.592322315695445,,,,,,,,,,6.255127352976314,,,,,,,,,6.2781998070031335,,6.850457306602358,,7.148963134146672,,5.14686182527939,,5.509160145407532,,,,,,5.374917985619121
BWM02D,,,,,,,,,,,,,,,,,,,,,,,,,,,,,,,,,,,,,,,,,,,,,,,,,,,,,,,,,,,5.6964640370219195,5.093797435005371,,,6.261197263683315,5.927564983869201,5.7374726739136035,,6.806932882353319,,5.911841176798272,5.94302646883508,,,,,5.473916133765473,,,,6.299189602900614,,,,,,,,,,,,,,,,,,4.417670565531078,6.647571572450491,,,7.080658406558271,5.030582108857928,,7.122979758911243,5.714748879963209,,,4.884286484318797,,,,4.079578802932186,
BWM02V,,,,,,,,,,,,,,,,,,,,,,,,,,,,,,,,,,,,,,,,,,,,,,,,,,,,,,,,,5.179254196939504,,,5.586014846710885,5.606837378616301,,5.812907267670479,5.9822787239726525,6.3147455248954705,,6.757388958990286,3.6460464335885434,6.066032369319379,5.787747893948592,,,,,,5.166233703968023,,,,6.536277208066296,,,,,,,,,,4.98743484981535,,,,,,,4.841849606257132,,6.850457306602358,7.080658406558271,,,5.073600916371713,5.716185341244276,7.095482126849255,,,,5.057417231216147,,,,4.16413283436954
BWM03D,,,,,,,,,,,,,,,,,,,,,,,,,,,,,,,,,,,,,,,,,,,,,,,,,4.521041653446015,,,,,,,,,,5.001610000282298,,,,6.5001895352774435,,4.93316240436447,5.927429283577646,,5.626613382956184,,,,,,,6.133226698242879,,5.874407346954979,4.6961069711533945,5.50253450514765,,,,,,,,,,5.776658760121968,,,,,,,,,7.138051018252072,,5.030582108857928,,6.1510927902568495,,,,6.88444218146961,,,,4.295343413928638,,,
BWM03V,,,,,,,,,,,,,,,,,,,,,,,,,,,,,,,,,,,,,,,,,,,,,,,,,,,,,,,,,,,,,4.955831259675748,5.254107059590184,5.2192310817507765,,6.526452772938414,5.858406191210332,,5.9682312325472076,,,,,,,,5.993672003865938,5.049355166495931,5.732083701995343,,5.324736389125102,,,,,,,,,,5.78260196008029,,,,,,,,,7.148963134146672,,5.073600916371713,,6.1801356748439185,,,,6.965815361756917,,,,,,
BWM04D,,,,,,,,,,,,,,,,,,,,,,,,,,,,,4.45289439994912,,,,,,,,,,,,,,,,,,,,4.925695170787576,,,,,,,5.373303353388384,,,4.281803341450119,,,,6.437820946498522,6.3079287783406635,4.747805994972971,,5.868924694777366,,6.013739025839002,5.224025228478396,,,,5.2999716550757485,5.893014070173952,,5.0522655271478705,,4.629907298741276,,4.81201099231382,,,,,,,,5.846812464130799,,,4.439581714311967,,,,,6.1453457890329375,,,7.122979758911243,5.716185341244276,,,,6.484112620785582,,,6.907858907129452,,,,5.923120496433718,
BWM04V,,,,,,,,,,,,,,,,,,,,,,,,,,,,,,,,,,,,,,,,,,,,,,,,,4.780598716728409,,3.9373010051933206,,,,,5.83585587646316,,,,,,4.659807798210372,4.43771595163417,6.332999289823159,6.4277741824673,,5.836570602333133,,6.053273308117802,5.001781068948957,,,5.195019747600166,,,5.660640180263702,,3.90495310318974,,4.443833355208682,5.288880050509914,,,,,,,,5.410188484799764,5.888824110623165,,,,,,,6.179945912610595,,5.14686182527939,5.714748879963209,7.095482126849255,,,6.484112620785582,,,,4.769208843619448,6.900910335624133,,,,5.436104540239012
BWM05D,,,,,,,,,,,,,,,,,,,,,,,,,,,,,,,,,,,,,,,,,,,,,,,,,4.418057739522897,,,,,,,,,,,,,,6.325173203244984,,5.297133239120407,5.738805673876023,,4.708549048089818,,,,,,,6.3347165149370674,,5.935664477362612,,,,,,,,,,,,6.0996005734259215,,,,,3.433792430783115,,,,5.166026739677115,,,,6.88444218146961,,,,5.4266128602018044,,,,6.484944878018084,,,
BWM05V,,,,,,,,,,,,,,,,,,,,,,,,,,,,,,,,,,,,,,,,,,,,,,,,,3.8435344382609835,,,,,,,,,,,,,5.680418844934775,5.124588266351449,,6.417469924227557,4.148936715416492,,5.70391240961531,,,,,,,,6.247574089793673,,5.044164945558841,,,,,,,,,,,,6.110537810100655,,,,,,,,,5.509160145407532,,,,6.965815361756917,,,,4.748066140332068,,,,6.360657770759334,,
BWM06D,,,,,,,,,,,,,,,,,,,,,,,,,,,,,4.965631197491831,,,,,,,,,,,,,,,,,,,,4.799230954803851,,,,,,,5.719890482373419,,,,,,,5.344839976746428,5.719558936097049,,,,,4.956352249284784,,,,,5.098276263491834,5.56662652751887,,4.6893644324726855,,,,,,,,,,,,5.934237067641296,,,4.041698640920591,,,,,6.390468059162733,,,4.884286484318797,,,,6.907858907129452,4.769208843619448,,,,,,,6.586536020227219,
BWM06V,,,,,,,,,,,,,,,,,,,,,,,,,,,4.776551824950412,4.1409233180940275,,,,,,,,,,,,,,,,,,,,,4.258765385731585,,,,,,,5.619914936541643,,,,,,4.704930719103616,,5.848512649996793,5.607461741099963,,,,5.169275195734933,,,,5.0675677672066435,,,5.616897518960804,,4.595002279684585,,,,,,,,,,,,5.700685068351285,,,,,,,6.432821237466805,,,,5.057417231216147,,,,6.900910335624133,,,,,,,,6.463725046298191
BWM07D,,,,,,,,,,,,,,,,,,,,,,,,,,,,,,,,,,,,,,,,,,,,,,,,,4.491832129855454,,,,,,,,,,,,,,5.308703177067878,,5.117241039879188,5.361713400363489,,,,,,,,,6.138632596545687,,,,,,,,,,,,,,6.097569091281533,,,,,,,,,,,,,4.295343413928638,,,,6.484944878018084,,,,,,,
BWM07V,,,,,,,,,,,,,,,,,,,,,,,,,,,,5.179248173310198,,,,,,,,,,,,,,,,,,,,,,,,,,,,,,,,,,6.059903630237101,,,5.091282342262871,,,,,,,,,,,5.946590097885177,,,,,,,,,,,,,,5.762446106304568,,,,,,,,,,,,,,,,,6.360657770759334,,,,,,
BWM08D,,,,,,,,,,,,,,,,,,,,,,,,,,,,,,,,,,,,,,,,,,,,,,,,,5.023977690482098,,,,,,,,,,,,,,,4.797396540175332,,,,,,,,,,4.4694813633422825,5.081876515596011,,,,,,,,,,,,,,6.116194389700335,,,,,,,,6.402062653362908,,,4.079578802932186,,,,5.923120496433718,,,,6.586536020227219,,,,,
BWM08V,,,,,,,,,,,,,,,,,,,,,,,,,,,4.956645431724112,,,,,,,,,,,,,,,,,,,,,,,,,,,,,4.535953134776508,,,,,,4.285815100611715,,4.933556049559826,,,,,,,,,4.286250973256277,,,5.311906964243374,,,,,,,,,,,,,,5.860946736518284,,,,,,,6.273253875256297,,5.374917985619121,,4.16413283436954,,,,5.436104540239012,,,,6.463725046298191,,,,
